-- Paste your SQL file contents here
-- This will help debug the SQL import parser and understand your data structure
-- 
-- Include:
-- - CREATE TABLE statements (if any)
-- - INSERT statements for all tables
-- - Any comments or metadata
-- 
-- This will also help understand your ratings calculation system

-- phpMyAdmin SQL Dump
-- version 5.2.1
-- https://www.phpmyadmin.net/
--
-- Host: 127.0.0.1:3306
-- Generation Time: Dec 08, 2025 at 03:43 PM
-- Server version: 9.1.0
-- PHP Version: 8.3.14

SET SQL_MODE = "NO_AUTO_VALUE_ON_ZERO";
START TRANSACTION;
SET time_zone = "+00:00";


/*!40101 SET @OLD_CHARACTER_SET_CLIENT=@@CHARACTER_SET_CLIENT */;
/*!40101 SET @OLD_CHARACTER_SET_RESULTS=@@CHARACTER_SET_RESULTS */;
/*!40101 SET @OLD_COLLATION_CONNECTION=@@COLLATION_CONNECTION */;
/*!40101 SET NAMES utf8mb4 */;

--
-- Database: `wdpl`
--

-- --------------------------------------------------------

--
-- Table structure for table `paste errors`
--

DROP TABLE IF EXISTS `paste errors`;
CREATE TABLE IF NOT EXISTS `paste errors` (
  `PlayerName` varchar(255) CHARACTER SET utf8mb4 COLLATE utf8mb4_unicode_ci DEFAULT NULL
) ENGINE=MyISAM DEFAULT CHARSET=utf8mb4 COLLATE=utf8mb4_unicode_ci;

-- --------------------------------------------------------

--
-- Table structure for table `tblcompdates`
--

DROP TABLE IF EXISTS `tblcompdates`;
CREATE TABLE IF NOT EXISTS `tblcompdates` (
  `CompDatesID` int DEFAULT NULL,
  `CompDate` datetime DEFAULT NULL,
  `CompDesc` varchar(255) CHARACTER SET utf8mb4 COLLATE utf8mb4_unicode_ci DEFAULT NULL
) ENGINE=MyISAM DEFAULT CHARSET=utf8mb4 COLLATE=utf8mb4_unicode_ci;

--
-- Dumping data for table `tblcompdates`
--

INSERT INTO `tblcompdates` (`CompDatesID`, `CompDate`, `CompDesc`) VALUES
(34, '2025-12-25 00:00:00', 'CHRISTMAS DAY'),
(36, '2026-01-01 00:00:00', 'NEW YEARS DAY'),
(37, '2026-04-02 00:00:00', 'PRESENTATIONS & FINALS NIGHT');

-- --------------------------------------------------------

--
-- Table structure for table `tbldivisions`
--

DROP TABLE IF EXISTS `tbldivisions`;
CREATE TABLE IF NOT EXISTS `tbldivisions` (
  `ID` int DEFAULT NULL,
  `DivisionName` varchar(30) CHARACTER SET utf8mb4 COLLATE utf8mb4_unicode_ci DEFAULT NULL,
  `League` int DEFAULT NULL,
  `BandColour` varchar(7) CHARACTER SET utf8mb4 COLLATE utf8mb4_unicode_ci DEFAULT NULL
) ENGINE=MyISAM DEFAULT CHARSET=utf8mb4 COLLATE=utf8mb4_unicode_ci;

--
-- Dumping data for table `tbldivisions`
--

INSERT INTO `tbldivisions` (`ID`, `DivisionName`, `League`, `BandColour`) VALUES
(1, 'United', 1, '#e23519');

-- --------------------------------------------------------

--
-- Table structure for table `tblfixtures`
--

DROP TABLE IF EXISTS `tblfixtures`;
CREATE TABLE IF NOT EXISTS `tblfixtures` (
  `FixtureID` int DEFAULT NULL,
  `WeekNo` int DEFAULT NULL,
  `MatchNo` int DEFAULT NULL,
  `HomeTeam` int DEFAULT NULL,
  `AwayTeam` int DEFAULT NULL,
  `MatchDate` datetime DEFAULT NULL
) ENGINE=MyISAM DEFAULT CHARSET=utf8mb4 COLLATE=utf8mb4_unicode_ci;

--
-- Dumping data for table `tblfixtures`
--

INSERT INTO `tblfixtures` (`FixtureID`, `WeekNo`, `MatchNo`, `HomeTeam`, `AwayTeam`, `MatchDate`) VALUES
(1, 1, 1, 1, 2, '2025-09-18 00:00:00'),
(2, 1, 2, 3, 14, '2025-09-18 00:00:00'),
(3, 1, 3, 13, 4, '2025-09-18 00:00:00'),
(4, 1, 4, 5, 12, '2025-09-18 00:00:00'),
(5, 1, 5, 11, 6, '2025-09-18 00:00:00'),
(6, 1, 6, 7, 10, '2025-09-18 00:00:00'),
(7, 1, 7, 9, 8, '2025-09-18 00:00:00'),
(8, 2, 1, 14, 1, '2025-09-25 00:00:00'),
(9, 2, 2, 2, 13, '2025-09-25 00:00:00'),
(10, 2, 3, 12, 3, '2025-09-25 00:00:00'),
(11, 2, 4, 4, 11, '2025-09-25 00:00:00'),
(12, 2, 5, 10, 5, '2025-09-25 00:00:00'),
(13, 2, 6, 6, 9, '2025-09-25 00:00:00'),
(14, 2, 7, 8, 7, '2025-09-25 00:00:00'),
(15, 3, 1, 1, 13, '2025-10-02 00:00:00'),
(16, 3, 2, 14, 12, '2025-10-02 00:00:00'),
(17, 3, 3, 11, 2, '2025-10-02 00:00:00'),
(18, 3, 4, 3, 10, '2025-10-02 00:00:00'),
(19, 3, 5, 9, 4, '2025-10-02 00:00:00'),
(20, 3, 6, 5, 8, '2025-10-02 00:00:00'),
(21, 3, 7, 7, 6, '2025-10-02 00:00:00'),
(22, 4, 1, 12, 1, '2025-10-09 00:00:00'),
(23, 4, 2, 13, 11, '2025-10-09 00:00:00'),
(24, 4, 3, 10, 14, '2025-10-09 00:00:00'),
(25, 4, 4, 2, 9, '2025-10-09 00:00:00'),
(26, 4, 5, 8, 3, '2025-10-09 00:00:00'),
(27, 4, 6, 4, 7, '2025-10-09 00:00:00'),
(28, 4, 7, 6, 5, '2025-10-09 00:00:00'),
(29, 5, 1, 1, 11, '2025-10-16 00:00:00'),
(30, 5, 2, 12, 10, '2025-10-16 00:00:00'),
(31, 5, 3, 9, 13, '2025-10-16 00:00:00'),
(32, 5, 4, 14, 8, '2025-10-16 00:00:00'),
(33, 5, 5, 7, 2, '2025-10-16 00:00:00'),
(34, 5, 6, 3, 6, '2025-10-16 00:00:00'),
(35, 5, 7, 5, 4, '2025-10-16 00:00:00'),
(36, 6, 1, 10, 1, '2025-10-23 00:00:00'),
(37, 6, 2, 11, 9, '2025-10-23 00:00:00'),
(38, 6, 3, 8, 12, '2025-10-23 00:00:00'),
(39, 6, 4, 13, 7, '2025-10-23 00:00:00'),
(40, 6, 5, 6, 14, '2025-10-23 00:00:00'),
(41, 6, 6, 2, 5, '2025-10-23 00:00:00'),
(42, 6, 7, 4, 3, '2025-10-23 00:00:00'),
(43, 7, 1, 1, 9, '2025-10-30 00:00:00'),
(44, 7, 2, 10, 8, '2025-10-30 00:00:00'),
(45, 7, 3, 7, 11, '2025-10-30 00:00:00'),
(46, 7, 4, 12, 6, '2025-10-30 00:00:00'),
(47, 7, 5, 5, 13, '2025-10-30 00:00:00'),
(48, 7, 6, 14, 4, '2025-10-30 00:00:00'),
(49, 7, 7, 3, 2, '2025-10-30 00:00:00'),
(50, 8, 1, 8, 1, '2025-11-06 00:00:00'),
(51, 8, 2, 9, 7, '2025-11-06 00:00:00'),
(52, 8, 3, 6, 10, '2025-11-06 00:00:00'),
(53, 8, 4, 11, 5, '2025-11-06 00:00:00'),
(54, 8, 5, 4, 12, '2025-11-06 00:00:00'),
(55, 8, 6, 13, 3, '2025-11-06 00:00:00'),
(56, 8, 7, 2, 14, '2025-11-06 00:00:00'),
(57, 9, 1, 1, 7, '2025-11-13 00:00:00'),
(58, 9, 2, 8, 6, '2025-11-13 00:00:00'),
(59, 9, 3, 5, 9, '2025-11-13 00:00:00'),
(60, 9, 4, 10, 4, '2025-11-13 00:00:00'),
(61, 9, 5, 3, 11, '2025-11-13 00:00:00'),
(62, 9, 6, 12, 2, '2025-11-13 00:00:00'),
(63, 9, 7, 14, 13, '2025-11-13 00:00:00'),
(64, 10, 1, 6, 1, '2025-11-20 00:00:00'),
(65, 10, 2, 7, 5, '2025-11-20 00:00:00'),
(66, 10, 3, 4, 8, '2025-11-20 00:00:00'),
(67, 10, 4, 9, 3, '2025-11-20 00:00:00'),
(68, 10, 5, 2, 10, '2025-11-20 00:00:00'),
(69, 10, 6, 11, 14, '2025-11-20 00:00:00'),
(70, 10, 7, 13, 12, '2025-11-20 00:00:00'),
(71, 11, 1, 1, 5, '2025-11-27 00:00:00'),
(72, 11, 2, 6, 4, '2025-11-27 00:00:00'),
(73, 11, 3, 3, 7, '2025-11-27 00:00:00'),
(74, 11, 4, 8, 2, '2025-11-27 00:00:00'),
(75, 11, 5, 14, 9, '2025-11-27 00:00:00'),
(76, 11, 6, 10, 13, '2025-11-27 00:00:00'),
(77, 11, 7, 12, 11, '2025-11-27 00:00:00'),
(78, 12, 1, 4, 1, '2025-12-04 00:00:00'),
(79, 12, 2, 5, 3, '2025-12-04 00:00:00'),
(80, 12, 3, 2, 6, '2025-12-04 00:00:00'),
(81, 12, 4, 7, 14, '2025-12-04 00:00:00'),
(82, 12, 5, 13, 8, '2025-12-04 00:00:00'),
(83, 12, 6, 9, 12, '2025-12-04 00:00:00'),
(84, 12, 7, 11, 10, '2025-12-04 00:00:00'),
(85, 13, 1, 1, 3, '2025-12-11 00:00:00'),
(86, 13, 2, 4, 2, '2025-12-11 00:00:00'),
(87, 13, 3, 14, 5, '2025-12-11 00:00:00'),
(88, 13, 4, 6, 13, '2025-12-11 00:00:00'),
(89, 13, 5, 12, 7, '2025-12-11 00:00:00'),
(90, 13, 6, 8, 11, '2025-12-11 00:00:00'),
(91, 13, 7, 10, 9, '2025-12-11 00:00:00'),
(92, 14, 1, 2, 1, '2025-12-18 00:00:00'),
(93, 14, 2, 14, 3, '2025-12-18 00:00:00'),
(94, 14, 3, 4, 13, '2025-12-18 00:00:00'),
(95, 14, 4, 12, 5, '2025-12-18 00:00:00'),
(96, 14, 5, 6, 11, '2025-12-18 00:00:00'),
(97, 14, 6, 10, 7, '2025-12-18 00:00:00'),
(98, 14, 7, 8, 9, '2025-12-18 00:00:00'),
(99, 15, 1, 1, 14, '2026-01-08 00:00:00'),
(100, 15, 2, 13, 2, '2026-01-08 00:00:00'),
(101, 15, 3, 3, 12, '2026-01-08 00:00:00'),
(102, 15, 4, 11, 4, '2026-01-08 00:00:00'),
(103, 15, 5, 5, 10, '2026-01-08 00:00:00'),
(104, 15, 6, 9, 6, '2026-01-08 00:00:00'),
(105, 15, 7, 7, 8, '2026-01-08 00:00:00'),
(106, 16, 1, 13, 1, '2026-01-15 00:00:00'),
(107, 16, 2, 12, 14, '2026-01-15 00:00:00'),
(108, 16, 3, 2, 11, '2026-01-15 00:00:00'),
(109, 16, 4, 10, 3, '2026-01-15 00:00:00'),
(110, 16, 5, 4, 9, '2026-01-15 00:00:00'),
(111, 16, 6, 8, 5, '2026-01-15 00:00:00'),
(112, 16, 7, 6, 7, '2026-01-15 00:00:00'),
(113, 17, 1, 1, 12, '2026-01-22 00:00:00'),
(114, 17, 2, 11, 13, '2026-01-22 00:00:00'),
(115, 17, 3, 14, 10, '2026-01-22 00:00:00'),
(116, 17, 4, 9, 2, '2026-01-22 00:00:00'),
(117, 17, 5, 3, 8, '2026-01-22 00:00:00'),
(118, 17, 6, 7, 4, '2026-01-22 00:00:00'),
(119, 17, 7, 5, 6, '2026-01-22 00:00:00'),
(120, 18, 1, 11, 1, '2026-01-29 00:00:00'),
(121, 18, 2, 10, 12, '2026-01-29 00:00:00'),
(122, 18, 3, 13, 9, '2026-01-29 00:00:00'),
(123, 18, 4, 8, 14, '2026-01-29 00:00:00'),
(124, 18, 5, 2, 7, '2026-01-29 00:00:00'),
(125, 18, 6, 6, 3, '2026-01-29 00:00:00'),
(126, 18, 7, 4, 5, '2026-01-29 00:00:00'),
(127, 19, 1, 1, 10, '2026-02-05 00:00:00'),
(128, 19, 2, 9, 11, '2026-02-05 00:00:00'),
(129, 19, 3, 12, 8, '2026-02-05 00:00:00'),
(130, 19, 4, 7, 13, '2026-02-05 00:00:00'),
(131, 19, 5, 14, 6, '2026-02-05 00:00:00'),
(132, 19, 6, 5, 2, '2026-02-05 00:00:00'),
(133, 19, 7, 3, 4, '2026-02-05 00:00:00'),
(134, 20, 1, 9, 1, '2026-02-12 00:00:00'),
(135, 20, 2, 8, 10, '2026-02-12 00:00:00'),
(136, 20, 3, 11, 7, '2026-02-12 00:00:00'),
(137, 20, 4, 6, 12, '2026-02-12 00:00:00'),
(138, 20, 5, 13, 5, '2026-02-12 00:00:00'),
(139, 20, 6, 4, 14, '2026-02-12 00:00:00'),
(140, 20, 7, 2, 3, '2026-02-12 00:00:00'),
(141, 21, 1, 1, 8, '2026-02-19 00:00:00'),
(142, 21, 2, 7, 9, '2026-02-19 00:00:00'),
(143, 21, 3, 10, 6, '2026-02-19 00:00:00'),
(144, 21, 4, 5, 11, '2026-02-19 00:00:00'),
(145, 21, 5, 12, 4, '2026-02-19 00:00:00'),
(146, 21, 6, 3, 13, '2026-02-19 00:00:00'),
(147, 21, 7, 14, 2, '2026-02-19 00:00:00'),
(148, 22, 1, 7, 1, '2026-02-26 00:00:00'),
(149, 22, 2, 6, 8, '2026-02-26 00:00:00'),
(150, 22, 3, 9, 5, '2026-02-26 00:00:00'),
(151, 22, 4, 4, 10, '2026-02-26 00:00:00'),
(152, 22, 5, 11, 3, '2026-02-26 00:00:00'),
(153, 22, 6, 2, 12, '2026-02-26 00:00:00'),
(154, 22, 7, 13, 14, '2026-02-26 00:00:00'),
(155, 23, 1, 1, 6, '2026-03-05 00:00:00'),
(156, 23, 2, 5, 7, '2026-03-05 00:00:00'),
(157, 23, 3, 8, 4, '2026-03-05 00:00:00'),
(158, 23, 4, 3, 9, '2026-03-05 00:00:00'),
(159, 23, 5, 10, 2, '2026-03-05 00:00:00'),
(160, 23, 6, 14, 11, '2026-03-05 00:00:00'),
(161, 23, 7, 12, 13, '2026-03-05 00:00:00'),
(162, 24, 1, 5, 1, '2026-03-12 00:00:00'),
(163, 24, 2, 4, 6, '2026-03-12 00:00:00'),
(164, 24, 3, 7, 3, '2026-03-12 00:00:00'),
(165, 24, 4, 2, 8, '2026-03-12 00:00:00'),
(166, 24, 5, 9, 14, '2026-03-12 00:00:00'),
(167, 24, 6, 13, 10, '2026-03-12 00:00:00'),
(168, 24, 7, 11, 12, '2026-03-12 00:00:00'),
(169, 25, 1, 1, 4, '2026-03-19 00:00:00'),
(170, 25, 2, 3, 5, '2026-03-19 00:00:00'),
(171, 25, 3, 6, 2, '2026-03-19 00:00:00'),
(172, 25, 4, 14, 7, '2026-03-19 00:00:00'),
(173, 25, 5, 8, 13, '2026-03-19 00:00:00'),
(174, 25, 6, 12, 9, '2026-03-19 00:00:00'),
(175, 25, 7, 10, 11, '2026-03-19 00:00:00'),
(176, 26, 1, 3, 1, '2026-03-26 00:00:00'),
(177, 26, 2, 2, 4, '2026-03-26 00:00:00'),
(178, 26, 3, 5, 14, '2026-03-26 00:00:00'),
(179, 26, 4, 13, 6, '2026-03-26 00:00:00'),
(180, 26, 5, 7, 12, '2026-03-26 00:00:00'),
(181, 26, 6, 11, 8, '2026-03-26 00:00:00'),
(182, 26, 7, 9, 10, '2026-03-26 00:00:00');

-- --------------------------------------------------------

--
-- Table structure for table `tblleague`
--

DROP TABLE IF EXISTS `tblleague`;
CREATE TABLE IF NOT EXISTS `tblleague` (
  `ID` int DEFAULT NULL,
  `LeagueName` varchar(50) CHARACTER SET utf8mb4 COLLATE utf8mb4_unicode_ci DEFAULT NULL,
  `SeasonName` varchar(50) CHARACTER SET utf8mb4 COLLATE utf8mb4_unicode_ci DEFAULT NULL,
  `NoOfWeeks` int DEFAULT NULL,
  `SeasonYear` int DEFAULT NULL,
  `Frames` int DEFAULT NULL,
  `PointsPerFrame` int DEFAULT NULL,
  `WinBonus` int DEFAULT NULL,
  `MaxFramesPerPlayer` int DEFAULT NULL,
  `RatingWeighting` int DEFAULT NULL,
  `LateCard` int DEFAULT NULL,
  `CancelledMatch` float DEFAULT NULL,
  `MinFrameRating` float DEFAULT NULL,
  `RatingsBias` int DEFAULT NULL,
  `RatingStartValue` int DEFAULT NULL,
  `NoOfFrame` int DEFAULT NULL,
  `SingleWinBonus` int DEFAULT NULL,
  `TeamWinBonus` int DEFAULT NULL,
  `WinFactor` float DEFAULT NULL,
  `LoseFactor` float DEFAULT NULL,
  `EightBallFactor` float DEFAULT NULL,
  `MaxSingles` int DEFAULT NULL,
  `MinFrame` float DEFAULT NULL,
  `WebLocalDir` varchar(255) CHARACTER SET utf8mb4 COLLATE utf8mb4_unicode_ci DEFAULT NULL,
  `FirstMatchDate` datetime DEFAULT NULL,
  `RatingsRefreshDate` datetime DEFAULT NULL,
  `LeagueRefreshDate` datetime DEFAULT NULL
) ENGINE=MyISAM DEFAULT CHARSET=utf8mb4 COLLATE=utf8mb4_unicode_ci;

--
-- Dumping data for table `tblleague`
--

INSERT INTO `tblleague` (`ID`, `LeagueName`, `SeasonName`, `NoOfWeeks`, `SeasonYear`, `Frames`, `PointsPerFrame`, `WinBonus`, `MaxFramesPerPlayer`, `RatingWeighting`, `LateCard`, `CancelledMatch`, `MinFrameRating`, `RatingsBias`, `RatingStartValue`, `NoOfFrame`, `SingleWinBonus`, `TeamWinBonus`, `WinFactor`, `LoseFactor`, `EightBallFactor`, `MaxSingles`, `MinFrame`, `WebLocalDir`, `FirstMatchDate`, `RatingsRefreshDate`, `LeagueRefreshDate`) VALUES
(1, 'Wellington & District Pool League', 'Winter', 14, 2025, 15, 1, 2, 3, 220, 3, 3, 0.6, 4, 1000, NULL, NULL, NULL, 1.25, 0.75, 1.35, NULL, NULL, NULL, '2025-09-18 00:00:00', '2025-11-29 00:00:00', '2025-12-08 00:00:00');

-- --------------------------------------------------------

--
-- Table structure for table `tblmatchdates`
--

DROP TABLE IF EXISTS `tblmatchdates`;
CREATE TABLE IF NOT EXISTS `tblmatchdates` (
  `MatchDatesID` int DEFAULT NULL,
  `League` int DEFAULT NULL,
  `week` int DEFAULT NULL,
  `MatchDate` datetime DEFAULT NULL,
  `Complete` bit(1) DEFAULT NULL
) ENGINE=MyISAM DEFAULT CHARSET=utf8mb4 COLLATE=utf8mb4_unicode_ci;

--
-- Dumping data for table `tblmatchdates`
--

INSERT INTO `tblmatchdates` (`MatchDatesID`, `League`, `week`, `MatchDate`, `Complete`) VALUES
(1, NULL, 1, '2025-09-18 00:00:00', b'0'),
(2, NULL, 2, '2025-09-25 00:00:00', b'0'),
(3, NULL, 3, '2025-10-02 00:00:00', b'0'),
(4, NULL, 4, '2025-10-09 00:00:00', b'0'),
(5, NULL, 5, '2025-10-16 00:00:00', b'0'),
(6, NULL, 6, '2025-10-23 00:00:00', b'0'),
(7, NULL, 7, '2025-10-30 00:00:00', b'0'),
(8, NULL, 8, '2025-11-06 00:00:00', b'0'),
(9, NULL, 9, '2025-11-13 00:00:00', b'0'),
(10, NULL, 10, '2025-11-20 00:00:00', b'0'),
(11, NULL, 11, '2025-11-27 00:00:00', b'0'),
(12, NULL, 12, '2025-12-04 00:00:00', b'0'),
(13, NULL, 13, '2025-12-11 00:00:00', b'0'),
(14, NULL, 14, '2025-12-18 00:00:00', b'0'),
(15, NULL, 15, '2026-01-08 00:00:00', b'0'),
(16, NULL, 16, '2026-01-15 00:00:00', b'0'),
(17, NULL, 17, '2026-01-22 00:00:00', b'0'),
(18, NULL, 18, '2026-01-29 00:00:00', b'0'),
(19, NULL, 19, '2026-02-05 00:00:00', b'0'),
(20, NULL, 20, '2026-02-12 00:00:00', b'0'),
(21, NULL, 21, '2026-02-19 00:00:00', b'0'),
(22, NULL, 22, '2026-02-26 00:00:00', b'0'),
(23, NULL, 23, '2026-03-03 00:00:00', b'0'),
(24, NULL, 24, '2026-03-12 00:00:00', b'0'),
(25, NULL, 25, '2026-03-19 00:00:00', b'0'),
(26, NULL, 26, '2026-03-26 00:00:00', b'0');

-- --------------------------------------------------------

--
-- Table structure for table `tblmatchdetail`
--

DROP TABLE IF EXISTS `tblmatchdetail`;
CREATE TABLE IF NOT EXISTS `tblmatchdetail` (
  `MatchDetailID` int DEFAULT NULL,
  `MatchNo` int DEFAULT NULL,
  `Player1` smallint DEFAULT NULL,
  `Player2` smallint DEFAULT NULL,
  `HomeScore` smallint DEFAULT NULL,
  `AwayScore` smallint DEFAULT NULL,
  `HomeVoid` bit(1) DEFAULT NULL,
  `AwayVoid` bit(1) DEFAULT NULL,
  `FrameNo` int DEFAULT NULL,
  `Achived8Ball` bit(1) DEFAULT NULL
) ENGINE=MyISAM DEFAULT CHARSET=utf8mb4 COLLATE=utf8mb4_unicode_ci;

--
-- Dumping data for table `tblmatchdetail`
--

INSERT INTO `tblmatchdetail` (`MatchDetailID`, `MatchNo`, `Player1`, `Player2`, `HomeScore`, `AwayScore`, `HomeVoid`, `AwayVoid`, `FrameNo`, `Achived8Ball`) VALUES
(766, 1, 93, 43, 1, 0, b'0', b'0', 1, b'0'),
(767, 1, 95, 44, 0, 1, b'0', b'0', 2, b'1'),
(768, 1, 75, 45, 0, 1, b'0', b'0', 3, b'0'),
(769, 1, 96, 99, 0, 1, b'0', b'0', 4, b'0'),
(770, 1, 97, 59, 1, 0, b'0', b'0', 5, b'0'),
(771, 1, 98, 43, 1, 0, b'0', b'0', 6, b'0'),
(772, 1, 53, 44, 0, 1, b'0', b'0', 7, b'0'),
(773, 1, 93, 45, 1, 0, b'0', b'0', 8, b'0'),
(774, 1, 95, 59, 0, 1, b'0', b'0', 9, b'0'),
(775, 1, 97, 99, 1, 0, b'0', b'0', 10, b'0'),
(776, 1, 75, 44, 0, 1, b'0', b'0', 11, b'0'),
(777, 1, 98, 99, 0, 1, b'0', b'0', 12, b'0'),
(778, 1, 53, 45, 0, 1, b'0', b'0', 13, b'1'),
(779, 1, 93, 59, 1, 0, b'0', b'0', 14, b'0'),
(780, 1, 97, 43, 1, 0, b'0', b'0', 15, b'0'),
(781, 2, 31, 51, 0, 1, b'0', b'0', 1, b'1'),
(782, 2, 11, 49, 0, 1, b'0', b'0', 2, b'0'),
(783, 2, 13, 42, 0, 1, b'0', b'0', 3, b'0'),
(784, 2, 33, 100, 0, 1, b'0', b'0', 4, b'0'),
(785, 2, 101, 40, 1, 0, b'0', b'0', 5, b'0'),
(786, 2, 31, 42, 0, 1, b'0', b'0', 6, b'0'),
(787, 2, 11, 51, 1, 0, b'0', b'0', 7, b'0'),
(788, 2, 13, 100, 1, 0, b'0', b'0', 8, b'0'),
(789, 2, 33, 49, 0, 1, b'0', b'0', 9, b'0'),
(790, 2, 101, 100, 1, 0, b'0', b'0', 10, b'0'),
(791, 2, 13, 40, 0, 1, b'0', b'0', 11, b'0'),
(792, 2, 11, 42, 1, 0, b'0', b'0', 12, b'0'),
(793, 2, 31, 49, 1, 0, b'0', b'0', 13, b'0'),
(794, 2, 33, 40, 0, 1, b'0', b'0', 14, b'0'),
(795, 2, 101, 51, 0, 1, b'0', b'0', 15, b'0'),
(796, 3, 90, 2, 0, 1, b'0', b'0', 1, b'0'),
(797, 3, 85, 5, 0, 1, b'0', b'0', 2, b'0'),
(798, 3, 86, 63, 1, 0, b'0', b'0', 3, b'0'),
(799, 3, 87, 4, 0, 1, b'0', b'0', 4, b'0'),
(800, 3, 90, 3, 1, 0, b'0', b'0', 5, b'0'),
(801, 3, 85, 2, 1, 0, b'0', b'0', 6, b'0'),
(802, 3, 78, 5, 1, 0, b'0', b'0', 7, b'0'),
(803, 3, 81, 63, 0, 1, b'0', b'0', 8, b'0'),
(804, 3, 77, 4, 0, 1, b'0', b'0', 9, b'0'),
(805, 3, 86, 3, 1, 0, b'0', b'0', 10, b'0'),
(806, 3, 78, 63, 0, 1, b'0', b'0', 11, b'0'),
(807, 3, 87, 5, 0, 1, b'0', b'0', 12, b'0'),
(808, 3, 81, 4, 1, 0, b'0', b'0', 13, b'0'),
(809, 3, 77, 3, 1, 0, b'0', b'0', 14, b'0'),
(810, 3, 86, 2, 1, 0, b'0', b'0', 15, b'0'),
(811, 4, 39, 89, 0, 1, b'0', b'0', 1, b'0'),
(812, 4, 72, 65, 0, 1, b'0', b'0', 2, b'0'),
(813, 4, 46, 23, 1, 0, b'0', b'0', 3, b'0'),
(814, 4, 60, 66, 1, 0, b'0', b'0', 4, b'0'),
(815, 4, 73, 24, 1, 0, b'0', b'0', 5, b'0'),
(816, 4, 46, 89, 0, 1, b'0', b'0', 6, b'0'),
(817, 4, 39, 66, 0, 1, b'0', b'0', 7, b'0'),
(818, 4, 72, 24, 1, 0, b'0', b'0', 8, b'0'),
(819, 4, 46, 65, 0, 1, b'0', b'0', 9, b'0'),
(820, 4, 60, 23, 1, 0, b'0', b'0', 10, b'0'),
(821, 4, 73, 89, 0, 1, b'0', b'0', 11, b'0'),
(822, 4, 72, 66, 1, 0, b'0', b'0', 12, b'0'),
(823, 4, 60, 65, 1, 0, b'0', b'0', 13, b'0'),
(824, 4, 39, 24, 1, 0, b'0', b'0', 14, b'0'),
(825, 4, 73, 23, 1, 0, b'0', b'0', 15, b'0'),
(826, 5, 19, 102, 0, 1, b'0', b'0', 1, b'0'),
(827, 5, 67, 103, 1, 0, b'0', b'0', 2, b'0'),
(828, 5, 22, 10, 0, 1, b'0', b'0', 3, b'0'),
(829, 5, 20, 102, 1, 0, b'0', b'0', 4, b'0'),
(830, 5, 106, 104, 0, 1, b'0', b'0', 5, b'0'),
(831, 5, 21, 105, 0, 1, b'0', b'0', 6, b'0'),
(832, 5, 19, 10, 1, 0, b'0', b'0', 7, b'0'),
(833, 5, 67, 105, 1, 0, b'0', b'0', 8, b'0'),
(834, 5, 22, 102, 1, 0, b'0', b'0', 9, b'0'),
(835, 5, 20, 104, 1, 0, b'0', b'0', 10, b'0'),
(836, 5, 67, 10, 1, 0, b'0', b'0', 11, b'0'),
(837, 5, 21, 103, 1, 0, b'0', b'0', 12, b'0'),
(838, 5, 106, 105, 0, 1, b'0', b'0', 13, b'0'),
(839, 5, 20, 103, 1, 0, b'0', b'0', 14, b'0'),
(840, 5, 19, 104, 1, 0, b'0', b'0', 15, b'0'),
(841, 6, 28, 15, 0, 1, b'0', b'0', 1, b'0'),
(842, 6, 9, 14, 0, 1, b'0', b'0', 2, b'0'),
(843, 6, 7, 32, 0, 1, b'0', b'0', 3, b'0'),
(844, 6, 61, 27, 0, 1, b'0', b'0', 4, b'0'),
(845, 6, 28, 16, 1, 0, b'0', b'0', 5, b'0'),
(846, 6, 6, 27, 0, 1, b'0', b'0', 6, b'0'),
(847, 6, 9, 15, 1, 0, b'0', b'0', 7, b'0'),
(848, 6, 7, 16, 0, 1, b'0', b'0', 8, b'0'),
(849, 6, 28, 14, 1, 0, b'0', b'0', 9, b'0'),
(850, 6, 61, 32, 1, 0, b'0', b'0', 10, b'0'),
(851, 6, 6, 16, 0, 1, b'0', b'0', 11, b'0'),
(852, 6, 7, 27, 1, 0, b'0', b'0', 12, b'0'),
(853, 6, 61, 15, 1, 0, b'0', b'0', 13, b'0'),
(854, 6, 9, 32, 0, 1, b'0', b'0', 14, b'0'),
(855, 6, 6, 14, 1, 0, b'0', b'0', 15, b'0'),
(856, 7, 43, 78, 0, 1, b'0', b'0', 1, b'0'),
(857, 7, 58, 85, 0, 1, b'0', b'0', 2, b'0'),
(858, 7, 44, 81, 0, 1, b'0', b'0', 3, b'0'),
(859, 7, 99, 78, 1, 0, b'0', b'0', 4, b'0'),
(860, 7, 59, 87, 1, 0, b'0', b'0', 5, b'0'),
(861, 7, 43, 77, 1, 0, b'0', b'0', 6, b'0'),
(862, 7, 58, 80, 0, 1, b'0', b'0', 7, b'0'),
(863, 7, 44, 85, 1, 0, b'0', b'0', 8, b'0'),
(864, 7, 99, 81, 1, 0, b'0', b'0', 9, b'0'),
(865, 7, 59, 78, 1, 0, b'0', b'0', 10, b'1'),
(866, 7, 43, 87, 1, 0, b'0', b'0', 11, b'0'),
(867, 7, 58, 78, 1, 0, b'0', b'0', 12, b'0'),
(868, 7, 44, 80, 1, 0, b'0', b'0', 13, b'0'),
(869, 7, 99, 77, 1, 0, b'0', b'0', 14, b'0'),
(870, 7, 59, 81, 1, 0, b'0', b'0', 15, b'0'),
(871, 8, 102, 39, 0, 1, b'0', b'0', 1, b'0'),
(872, 8, 102, 46, 0, 1, b'0', b'0', 2, b'0'),
(873, 8, 103, 72, 0, 1, b'0', b'0', 3, b'0'),
(874, 8, 10, 60, 0, 1, b'0', b'0', 4, b'0'),
(875, 8, 102, 72, 0, 1, b'0', b'0', 5, b'0'),
(876, 8, 10, 68, 0, 1, b'0', b'0', 6, b'0'),
(877, 8, 103, 46, 0, 1, b'0', b'0', 7, b'0'),
(878, 8, 107, 46, 0, 1, b'0', b'0', 8, b'0'),
(879, 8, 107, 72, 0, 1, b'0', b'0', 9, b'0'),
(880, 8, 10, 39, 0, 1, b'0', b'0', 10, b'0'),
(881, 8, 103, 60, 0, 1, b'0', b'0', 11, b'0'),
(882, 8, 107, 68, 0, 1, b'0', b'0', 12, b'0'),
(883, 8, 0, 0, 0, 1, b'0', b'0', 13, b'0'),
(884, 8, 0, 0, 0, 1, b'0', b'0', 14, b'0'),
(885, 8, 0, 0, 0, 1, b'0', b'0', 15, b'0'),
(886, 9, 89, 9, 0, 1, b'0', b'0', 1, b'0'),
(887, 9, 65, 7, 0, 1, b'0', b'0', 2, b'0'),
(888, 9, 23, 28, 0, 1, b'0', b'0', 3, b'0'),
(889, 9, 66, 6, 0, 1, b'0', b'0', 4, b'0'),
(890, 9, 26, 61, 1, 0, b'0', b'0', 5, b'0'),
(891, 9, 34, 7, 0, 1, b'0', b'0', 6, b'0'),
(892, 9, 65, 28, 1, 0, b'0', b'0', 7, b'0'),
(893, 9, 23, 9, 1, 0, b'0', b'0', 8, b'0'),
(894, 9, 66, 61, 0, 1, b'0', b'0', 9, b'0'),
(895, 9, 89, 6, 0, 1, b'0', b'0', 10, b'0'),
(896, 9, 26, 28, 0, 1, b'0', b'0', 11, b'0'),
(897, 9, 65, 61, 0, 1, b'0', b'0', 12, b'0'),
(898, 9, 34, 9, 0, 1, b'0', b'0', 13, b'0'),
(899, 9, 89, 7, 1, 0, b'0', b'0', 14, b'0'),
(900, 9, 23, 6, 0, 1, b'0', b'0', 15, b'0'),
(901, 10, 49, 93, 0, 1, b'0', b'0', 1, b'0'),
(902, 10, 42, 95, 1, 0, b'0', b'0', 2, b'0'),
(903, 10, 41, 97, 1, 0, b'0', b'0', 3, b'0'),
(904, 10, 51, 108, 0, 1, b'0', b'0', 4, b'0'),
(905, 10, 40, 53, 1, 0, b'0', b'0', 5, b'0'),
(906, 10, 49, 95, 0, 1, b'0', b'0', 6, b'0'),
(907, 10, 42, 93, 0, 1, b'0', b'0', 7, b'0'),
(908, 10, 41, 108, 1, 0, b'0', b'0', 8, b'0'),
(909, 10, 51, 53, 1, 0, b'0', b'0', 9, b'0'),
(910, 10, 40, 97, 0, 1, b'0', b'0', 10, b'0'),
(911, 10, 49, 97, 1, 0, b'0', b'0', 11, b'0'),
(912, 10, 42, 53, 0, 1, b'0', b'0', 12, b'0'),
(913, 10, 41, 93, 0, 1, b'0', b'0', 13, b'0'),
(914, 10, 51, 95, 1, 0, b'0', b'0', 14, b'0'),
(915, 10, 40, 108, 1, 0, b'0', b'0', 15, b'0'),
(916, 11, 14, 29, 0, 1, b'0', b'0', 1, b'0'),
(917, 11, 18, 11, 0, 1, b'0', b'0', 2, b'0'),
(918, 11, 15, 29, 0, 1, b'0', b'0', 3, b'0'),
(919, 11, 17, 12, 0, 1, b'0', b'0', 4, b'0'),
(920, 11, 27, 30, 0, 1, b'0', b'0', 5, b'0'),
(921, 11, 16, 31, 0, 1, b'0', b'0', 6, b'0'),
(922, 11, 14, 13, 0, 1, b'0', b'0', 7, b'0'),
(923, 11, 18, 101, 0, 1, b'0', b'0', 8, b'0'),
(924, 11, 15, 11, 0, 1, b'0', b'0', 9, b'0'),
(925, 11, 17, 30, 1, 0, b'0', b'0', 10, b'0'),
(926, 11, 27, 12, 1, 0, b'0', b'0', 11, b'0'),
(927, 11, 16, 101, 0, 1, b'0', b'0', 12, b'0'),
(928, 11, 17, 31, 0, 1, b'0', b'0', 13, b'0'),
(929, 11, 18, 13, 0, 1, b'0', b'0', 14, b'0'),
(930, 11, 14, 11, 0, 1, b'0', b'0', 15, b'0'),
(931, 12, 2, 83, 0, 1, b'0', b'0', 1, b'0'),
(932, 12, 1, 62, 1, 0, b'0', b'0', 2, b'0'),
(933, 12, 63, 38, 0, 1, b'0', b'0', 3, b'0'),
(934, 12, 4, 35, 0, 1, b'0', b'0', 4, b'0'),
(935, 12, 3, 48, 1, 0, b'0', b'0', 5, b'0'),
(936, 12, 2, 88, 0, 1, b'0', b'0', 6, b'0'),
(937, 12, 1, 54, 0, 1, b'0', b'0', 7, b'0'),
(938, 12, 63, 83, 1, 0, b'0', b'0', 8, b'0'),
(939, 12, 4, 62, 0, 1, b'0', b'0', 9, b'0'),
(940, 12, 3, 38, 0, 1, b'0', b'0', 10, b'0'),
(941, 12, 2, 35, 0, 1, b'0', b'0', 11, b'0'),
(942, 12, 1, 48, 1, 0, b'0', b'0', 12, b'0'),
(943, 12, 63, 88, 0, 1, b'0', b'0', 13, b'0'),
(944, 12, 4, 54, 0, 1, b'0', b'0', 14, b'0'),
(945, 12, 3, 37, 0, 1, b'0', b'0', 15, b'0'),
(946, 13, 38, 43, 0, 1, b'0', b'0', 1, b'0'),
(947, 13, 83, 45, 0, 1, b'0', b'0', 2, b'0'),
(948, 13, 48, 47, 0, 1, b'0', b'0', 3, b'0'),
(949, 13, 37, 59, 1, 0, b'0', b'0', 4, b'0'),
(950, 13, 35, 44, 1, 0, b'0', b'0', 5, b'0'),
(951, 13, 62, 58, 0, 1, b'0', b'0', 6, b'0'),
(952, 13, 38, 45, 1, 0, b'0', b'0', 7, b'0'),
(953, 13, 83, 43, 1, 0, b'0', b'0', 8, b'0'),
(954, 13, 48, 59, 0, 1, b'0', b'0', 9, b'0'),
(955, 13, 35, 47, 0, 1, b'0', b'0', 10, b'0'),
(956, 13, 37, 44, 1, 0, b'0', b'0', 11, b'0'),
(957, 13, 62, 45, 1, 0, b'0', b'0', 12, b'0'),
(958, 13, 83, 58, 0, 1, b'0', b'0', 13, b'0'),
(959, 13, 38, 47, 0, 1, b'0', b'0', 14, b'0'),
(960, 13, 48, 58, 0, 1, b'0', b'0', 15, b'0'),
(961, 14, 93, 15, 0, 1, b'0', b'0', 1, b'0'),
(962, 14, 95, 27, 0, 1, b'0', b'0', 2, b'0'),
(963, 14, 96, 32, 1, 0, b'0', b'0', 3, b'0'),
(964, 14, 97, 17, 1, 0, b'0', b'0', 4, b'0'),
(965, 14, 75, 14, 1, 0, b'0', b'0', 5, b'0'),
(966, 14, 53, 18, 1, 0, b'0', b'0', 6, b'0'),
(967, 14, 93, 27, 1, 0, b'0', b'0', 7, b'0'),
(968, 14, 96, 15, 0, 1, b'0', b'0', 8, b'0'),
(969, 14, 75, 17, 1, 0, b'0', b'0', 9, b'0'),
(970, 14, 97, 32, 0, 1, b'0', b'0', 10, b'0'),
(971, 14, 53, 14, 1, 0, b'0', b'0', 11, b'0'),
(972, 14, 109, 18, 1, 0, b'0', b'0', 12, b'0'),
(973, 14, 75, 27, 1, 0, b'0', b'0', 13, b'0'),
(974, 14, 97, 15, 0, 1, b'0', b'0', 14, b'1'),
(975, 14, 53, 32, 1, 0, b'0', b'0', 15, b'0'),
(976, 15, 31, 23, 1, 0, b'0', b'0', 1, b'0'),
(977, 15, 11, 23, 0, 1, b'0', b'0', 2, b'0'),
(978, 15, 13, 23, 0, 1, b'0', b'0', 3, b'0'),
(979, 15, 101, 89, 1, 0, b'0', b'0', 4, b'0'),
(980, 15, 30, 66, 0, 1, b'0', b'0', 5, b'0'),
(981, 15, 31, 65, 0, 1, b'0', b'0', 6, b'0'),
(982, 15, 11, 89, 1, 0, b'0', b'0', 7, b'0'),
(983, 15, 13, 66, 1, 0, b'0', b'0', 8, b'0'),
(984, 15, 101, 65, 0, 1, b'0', b'0', 9, b'0'),
(985, 15, 30, 89, 1, 0, b'0', b'0', 10, b'0'),
(986, 15, 31, 66, 0, 1, b'0', b'0', 11, b'0'),
(987, 15, 11, 65, 1, 0, b'0', b'0', 12, b'0'),
(988, 15, 13, 110, 1, 0, b'0', b'0', 13, b'0'),
(989, 15, 101, 110, 1, 0, b'0', b'0', 14, b'0'),
(990, 15, 30, 110, 0, 1, b'0', b'0', 15, b'0'),
(991, 16, 67, 111, 1, 0, b'0', b'0', 1, b'0'),
(992, 16, 19, 39, 1, 0, b'0', b'0', 2, b'0'),
(993, 16, 22, 46, 1, 0, b'0', b'0', 3, b'0'),
(994, 16, 21, 60, 0, 1, b'0', b'0', 4, b'0'),
(995, 16, 0, 0, 0, 1, b'0', b'0', 5, b'0'),
(996, 16, 67, 72, 1, 0, b'0', b'0', 6, b'0'),
(997, 16, 19, 46, 0, 1, b'0', b'0', 7, b'0'),
(998, 16, 22, 72, 0, 1, b'0', b'0', 8, b'0'),
(999, 16, 21, 39, 0, 1, b'0', b'0', 9, b'0'),
(1000, 16, 0, 0, 0, 1, b'0', b'0', 10, b'0'),
(1001, 16, 22, 60, 1, 0, b'0', b'0', 11, b'0'),
(1002, 16, 19, 72, 0, 1, b'0', b'0', 12, b'0'),
(1003, 16, 67, 46, 1, 0, b'0', b'0', 13, b'0'),
(1004, 16, 21, 111, 1, 0, b'0', b'0', 14, b'0'),
(1005, 16, 0, 0, 0, 1, b'0', b'0', 15, b'0'),
(1006, 17, 78, 49, 1, 0, b'0', b'0', 1, b'0'),
(1007, 17, 86, 42, 1, 0, b'0', b'0', 2, b'0'),
(1008, 17, 87, 51, 0, 1, b'0', b'0', 3, b'0'),
(1009, 17, 85, 41, 0, 1, b'0', b'0', 4, b'0'),
(1010, 17, 81, 40, 1, 0, b'0', b'0', 5, b'0'),
(1011, 17, 77, 49, 0, 1, b'0', b'0', 6, b'0'),
(1012, 17, 78, 42, 1, 0, b'0', b'0', 7, b'0'),
(1013, 17, 86, 51, 0, 1, b'0', b'0', 8, b'0'),
(1014, 17, 87, 41, 1, 0, b'0', b'0', 9, b'0'),
(1015, 17, 85, 40, 1, 0, b'0', b'0', 10, b'0'),
(1016, 17, 78, 41, 0, 1, b'0', b'0', 11, b'0'),
(1017, 17, 86, 49, 0, 1, b'0', b'0', 12, b'0'),
(1018, 17, 77, 42, 0, 1, b'0', b'0', 13, b'0'),
(1019, 17, 81, 51, 0, 1, b'0', b'0', 14, b'0'),
(1020, 17, 87, 40, 1, 0, b'0', b'0', 15, b'0'),
(1021, 18, 7, 113, 1, 0, b'0', b'0', 1, b'0'),
(1022, 18, 6, 102, 1, 0, b'0', b'0', 2, b'0'),
(1023, 18, 9, 112, 1, 0, b'0', b'0', 3, b'0'),
(1024, 18, 8, 10, 0, 1, b'0', b'0', 4, b'0'),
(1025, 18, 61, 113, 1, 0, b'0', b'0', 5, b'0'),
(1026, 18, 6, 10, 1, 0, b'0', b'0', 6, b'0'),
(1027, 18, 7, 112, 1, 0, b'0', b'0', 7, b'0'),
(1028, 18, 9, 102, 1, 0, b'0', b'0', 8, b'0'),
(1029, 18, 8, 113, 1, 0, b'0', b'0', 9, b'0'),
(1030, 18, 61, 112, 1, 0, b'0', b'0', 10, b'0'),
(1031, 18, 9, 10, 1, 0, b'0', b'0', 11, b'0'),
(1032, 18, 61, 102, 1, 0, b'0', b'0', 12, b'0'),
(1033, 18, 0, 0, 1, 0, b'0', b'0', 13, b'0'),
(1034, 18, 0, 0, 1, 0, b'0', b'0', 14, b'0'),
(1035, 18, 0, 0, 1, 0, b'0', b'0', 15, b'0'),
(1036, 19, 49, 88, 1, 0, b'0', b'0', 1, b'0'),
(1037, 19, 42, 38, 1, 0, b'0', b'0', 2, b'0'),
(1038, 19, 51, 83, 1, 0, b'0', b'0', 3, b'0'),
(1039, 19, 40, 37, 1, 0, b'0', b'0', 4, b'0'),
(1040, 19, 41, 48, 1, 0, b'0', b'0', 5, b'0'),
(1041, 19, 51, 54, 1, 0, b'0', b'0', 6, b'0'),
(1042, 19, 49, 62, 1, 0, b'0', b'0', 7, b'0'),
(1043, 19, 42, 88, 0, 1, b'0', b'0', 8, b'0'),
(1044, 19, 40, 48, 1, 0, b'0', b'0', 9, b'0'),
(1045, 19, 41, 83, 0, 1, b'0', b'0', 10, b'0'),
(1046, 19, 51, 37, 0, 1, b'0', b'0', 11, b'0'),
(1047, 19, 49, 54, 0, 1, b'0', b'0', 12, b'0'),
(1048, 19, 41, 88, 0, 1, b'0', b'0', 13, b'0'),
(1049, 19, 42, 37, 1, 0, b'0', b'0', 14, b'0'),
(1050, 19, 40, 83, 0, 1, b'0', b'0', 15, b'0'),
(1051, 20, 89, 93, 1, 0, b'0', b'0', 1, b'0'),
(1052, 20, 65, 95, 1, 0, b'0', b'0', 2, b'0'),
(1053, 20, 23, 96, 0, 1, b'0', b'0', 3, b'0'),
(1054, 20, 110, 97, 0, 1, b'0', b'0', 4, b'1'),
(1055, 20, 26, 53, 1, 0, b'0', b'0', 5, b'0'),
(1056, 20, 34, 98, 0, 1, b'0', b'0', 6, b'0'),
(1057, 20, 89, 97, 1, 0, b'0', b'0', 7, b'0'),
(1058, 20, 65, 93, 0, 1, b'0', b'0', 8, b'0'),
(1059, 20, 23, 95, 1, 0, b'0', b'0', 9, b'0'),
(1060, 20, 110, 96, 0, 1, b'0', b'0', 10, b'0'),
(1061, 20, 26, 93, 0, 1, b'0', b'0', 11, b'0'),
(1062, 20, 34, 97, 0, 1, b'0', b'0', 12, b'0'),
(1063, 20, 89, 53, 1, 0, b'0', b'0', 13, b'0'),
(1064, 20, 65, 98, 1, 0, b'0', b'0', 14, b'0'),
(1065, 20, 26, 96, 0, 1, b'0', b'0', 15, b'0'),
(1066, 21, 10, 29, 0, 1, b'0', b'0', 1, b'0'),
(1067, 21, 113, 11, 0, 1, b'0', b'0', 2, b'0'),
(1068, 21, 103, 13, 0, 1, b'0', b'0', 3, b'0'),
(1069, 21, 114, 31, 0, 1, b'0', b'0', 4, b'0'),
(1070, 21, 10, 30, 1, 0, b'0', b'0', 5, b'0'),
(1071, 21, 107, 29, 0, 1, b'0', b'0', 6, b'0'),
(1072, 21, 113, 12, 0, 1, b'0', b'0', 7, b'0'),
(1073, 21, 114, 11, 0, 1, b'0', b'0', 8, b'0'),
(1074, 21, 103, 31, 0, 1, b'0', b'0', 9, b'0'),
(1075, 21, 107, 13, 0, 1, b'0', b'0', 10, b'0'),
(1076, 21, 10, 31, 0, 1, b'0', b'0', 11, b'0'),
(1077, 21, 114, 12, 0, 1, b'0', b'0', 12, b'0'),
(1078, 21, 113, 30, 1, 0, b'0', b'0', 13, b'0'),
(1079, 21, 107, 11, 0, 1, b'0', b'0', 14, b'0'),
(1080, 21, 103, 12, 0, 1, b'0', b'0', 15, b'0'),
(1081, 22, 39, 9, 1, 0, b'0', b'0', 1, b'0'),
(1082, 22, 46, 8, 1, 0, b'0', b'0', 2, b'0'),
(1083, 22, 73, 6, 0, 1, b'0', b'0', 3, b'0'),
(1084, 22, 72, 7, 0, 1, b'0', b'0', 4, b'0'),
(1085, 22, 46, 61, 0, 1, b'0', b'0', 5, b'0'),
(1086, 22, 46, 9, 1, 0, b'0', b'0', 6, b'0'),
(1087, 22, 72, 6, 1, 0, b'0', b'0', 7, b'0'),
(1088, 22, 68, 8, 0, 1, b'0', b'0', 8, b'0'),
(1089, 22, 39, 61, 0, 1, b'0', b'0', 9, b'0'),
(1090, 22, 68, 7, 0, 1, b'0', b'0', 10, b'0'),
(1091, 22, 73, 7, 1, 0, b'0', b'0', 11, b'0'),
(1092, 22, 72, 8, 1, 0, b'0', b'0', 12, b'0'),
(1093, 22, 68, 9, 1, 0, b'0', b'0', 13, b'0'),
(1094, 22, 73, 61, 1, 0, b'0', b'0', 14, b'0'),
(1095, 22, 39, 6, 1, 0, b'0', b'0', 15, b'0'),
(1096, 23, 2, 67, 0, 1, b'0', b'0', 1, b'0'),
(1097, 23, 63, 22, 1, 0, b'0', b'0', 2, b'0'),
(1098, 23, 1, 19, 0, 1, b'0', b'0', 3, b'0'),
(1099, 23, 4, 20, 0, 1, b'0', b'0', 4, b'0'),
(1100, 23, 3, 21, 1, 0, b'0', b'0', 5, b'0'),
(1101, 23, 2, 115, 1, 0, b'0', b'0', 6, b'0'),
(1102, 23, 63, 67, 0, 1, b'0', b'0', 7, b'0'),
(1103, 23, 1, 22, 0, 1, b'0', b'0', 8, b'0'),
(1104, 23, 4, 19, 1, 0, b'0', b'0', 9, b'0'),
(1105, 23, 63, 20, 0, 1, b'0', b'0', 10, b'0'),
(1106, 23, 3, 22, 0, 1, b'0', b'0', 11, b'0'),
(1107, 23, 2, 21, 1, 0, b'0', b'0', 12, b'0'),
(1108, 23, 4, 67, 0, 1, b'0', b'0', 13, b'0'),
(1109, 23, 3, 19, 1, 0, b'0', b'0', 14, b'0'),
(1110, 23, 1, 20, 1, 0, b'0', b'0', 15, b'0'),
(1111, 24, 16, 78, 0, 1, b'0', b'0', 1, b'0'),
(1112, 24, 16, 87, 0, 1, b'0', b'0', 2, b'0'),
(1113, 24, 16, 81, 0, 1, b'0', b'0', 3, b'0'),
(1114, 24, 14, 85, 1, 0, b'0', b'0', 4, b'0'),
(1115, 24, 15, 80, 0, 1, b'0', b'0', 5, b'0'),
(1116, 24, 116, 78, 1, 0, b'0', b'0', 6, b'0'),
(1117, 24, 17, 87, 0, 1, b'0', b'0', 7, b'0'),
(1118, 24, 14, 81, 0, 1, b'0', b'0', 8, b'0'),
(1119, 24, 15, 85, 1, 0, b'0', b'0', 9, b'0'),
(1120, 24, 116, 80, 1, 0, b'0', b'0', 10, b'0'),
(1121, 24, 17, 85, 1, 0, b'0', b'0', 11, b'0'),
(1122, 24, 14, 78, 0, 1, b'0', b'0', 12, b'0'),
(1123, 24, 116, 87, 0, 1, b'0', b'0', 13, b'0'),
(1124, 24, 17, 80, 0, 1, b'0', b'0', 14, b'0'),
(1125, 24, 15, 81, 0, 1, b'0', b'0', 15, b'0'),
(1126, 25, 81, 89, 1, 0, b'0', b'0', 1, b'0'),
(1127, 25, 86, 65, 1, 0, b'0', b'0', 2, b'0'),
(1128, 25, 85, 66, 0, 1, b'0', b'0', 3, b'0'),
(1129, 25, 90, 24, 1, 0, b'0', b'0', 4, b'0'),
(1130, 25, 87, 23, 1, 0, b'0', b'0', 5, b'0'),
(1131, 25, 78, 89, 1, 0, b'0', b'0', 6, b'0'),
(1132, 25, 77, 65, 0, 1, b'0', b'0', 7, b'0'),
(1133, 25, 85, 23, 1, 0, b'0', b'0', 8, b'0'),
(1134, 25, 90, 66, 1, 0, b'0', b'0', 9, b'0'),
(1135, 25, 86, 24, 1, 0, b'0', b'0', 10, b'0'),
(1136, 25, 87, 65, 1, 0, b'0', b'0', 11, b'0'),
(1137, 25, 81, 24, 1, 0, b'0', b'0', 12, b'0'),
(1138, 25, 78, 66, 1, 0, b'0', b'0', 13, b'0'),
(1139, 25, 86, 23, 1, 0, b'0', b'0', 14, b'0'),
(1140, 25, 87, 89, 1, 0, b'0', b'0', 15, b'0'),
(1141, 26, 93, 10, 1, 0, b'0', b'0', 1, b'0'),
(1142, 26, 75, 102, 1, 0, b'0', b'0', 2, b'0'),
(1143, 26, 96, 113, 1, 0, b'0', b'0', 3, b'0'),
(1144, 26, 97, 103, 1, 0, b'0', b'0', 4, b'0'),
(1145, 26, 95, 102, 1, 0, b'0', b'0', 5, b'0'),
(1146, 26, 53, 10, 1, 0, b'0', b'0', 6, b'0'),
(1147, 26, 93, 113, 1, 0, b'0', b'0', 7, b'0'),
(1148, 26, 75, 103, 1, 0, b'0', b'0', 8, b'0'),
(1149, 26, 96, 102, 1, 0, b'0', b'0', 9, b'0'),
(1150, 26, 97, 107, 1, 0, b'0', b'0', 10, b'0'),
(1151, 26, 109, 107, 1, 0, b'0', b'0', 11, b'0'),
(1152, 26, 95, 103, 1, 0, b'0', b'0', 12, b'0'),
(1153, 26, 53, 113, 1, 0, b'0', b'0', 13, b'0'),
(1154, 26, 109, 10, 0, 1, b'0', b'0', 14, b'0'),
(1155, 26, 75, 107, 1, 0, b'0', b'0', 15, b'0'),
(1156, 27, 88, 116, 0, 1, b'0', b'0', 1, b'0'),
(1157, 27, 38, 15, 0, 1, b'0', b'0', 2, b'0'),
(1158, 27, 48, 14, 1, 0, b'0', b'0', 3, b'0'),
(1159, 27, 35, 18, 1, 0, b'0', b'0', 4, b'0'),
(1160, 27, 83, 16, 1, 0, b'0', b'0', 5, b'0'),
(1161, 27, 88, 27, 1, 0, b'0', b'0', 6, b'0'),
(1162, 27, 38, 116, 0, 1, b'0', b'0', 7, b'0'),
(1163, 27, 48, 16, 1, 0, b'0', b'0', 8, b'0'),
(1164, 27, 35, 14, 0, 1, b'0', b'0', 9, b'0'),
(1165, 27, 83, 116, 0, 1, b'0', b'0', 10, b'0'),
(1166, 27, 88, 16, 1, 0, b'0', b'0', 11, b'0'),
(1167, 27, 38, 18, 1, 0, b'0', b'0', 12, b'0'),
(1168, 27, 48, 15, 1, 0, b'0', b'0', 13, b'0'),
(1169, 27, 35, 27, 0, 1, b'0', b'0', 14, b'0'),
(1170, 27, 83, 27, 1, 0, b'0', b'0', 15, b'0'),
(1171, 28, 67, 6, 0, 1, b'0', b'0', 1, b'0'),
(1172, 28, 19, 28, 1, 0, b'0', b'0', 2, b'0'),
(1173, 28, 22, 7, 1, 0, b'0', b'0', 3, b'0'),
(1174, 28, 20, 61, 1, 0, b'0', b'0', 4, b'0'),
(1175, 28, 106, 8, 0, 1, b'0', b'0', 5, b'0'),
(1176, 28, 67, 28, 1, 0, b'0', b'0', 6, b'0'),
(1177, 28, 19, 7, 0, 1, b'0', b'0', 7, b'0'),
(1178, 28, 22, 6, 0, 1, b'0', b'0', 8, b'0'),
(1179, 28, 20, 8, 1, 0, b'0', b'0', 9, b'0'),
(1180, 28, 106, 61, 1, 0, b'0', b'0', 10, b'0'),
(1181, 28, 67, 7, 1, 0, b'0', b'0', 11, b'0'),
(1182, 28, 19, 8, 0, 1, b'0', b'0', 12, b'0'),
(1183, 28, 22, 61, 1, 0, b'0', b'0', 13, b'0'),
(1184, 28, 20, 28, 1, 0, b'0', b'0', 14, b'0'),
(1185, 28, 106, 6, 0, 1, b'0', b'0', 15, b'0'),
(1186, 29, 13, 39, 0, 1, b'0', b'0', 1, b'0'),
(1187, 29, 11, 46, 1, 0, b'0', b'0', 2, b'0'),
(1188, 29, 31, 72, 0, 1, b'0', b'0', 3, b'0'),
(1189, 29, 12, 73, 0, 1, b'0', b'0', 4, b'0'),
(1190, 29, 30, 68, 1, 0, b'0', b'0', 5, b'0'),
(1191, 29, 13, 46, 1, 0, b'0', b'0', 6, b'0'),
(1192, 29, 11, 39, 0, 1, b'0', b'0', 7, b'0'),
(1193, 29, 31, 46, 0, 1, b'0', b'0', 8, b'0'),
(1194, 29, 12, 72, 0, 1, b'0', b'0', 9, b'0'),
(1195, 29, 30, 73, 1, 0, b'0', b'0', 10, b'0'),
(1196, 29, 13, 68, 0, 1, b'0', b'0', 11, b'0'),
(1197, 29, 11, 72, 1, 0, b'0', b'0', 12, b'0'),
(1198, 29, 12, 68, 0, 1, b'0', b'0', 13, b'0'),
(1199, 29, 30, 39, 0, 1, b'0', b'0', 14, b'0'),
(1200, 29, 31, 73, 0, 1, b'0', b'0', 15, b'0'),
(1201, 30, 2, 47, 1, 0, b'0', b'0', 1, b'0'),
(1202, 30, 63, 59, 0, 1, b'0', b'0', 2, b'0'),
(1203, 30, 1, 43, 0, 1, b'0', b'0', 3, b'0'),
(1204, 30, 55, 99, 0, 1, b'0', b'0', 4, b'0'),
(1205, 30, 4, 45, 0, 1, b'0', b'0', 5, b'0'),
(1206, 30, 2, 59, 0, 1, b'0', b'0', 6, b'0'),
(1207, 30, 63, 117, 0, 1, b'0', b'0', 7, b'0'),
(1208, 30, 1, 47, 0, 1, b'0', b'0', 8, b'0'),
(1209, 30, 55, 43, 0, 1, b'0', b'0', 9, b'0'),
(1210, 30, 63, 99, 1, 0, b'0', b'0', 10, b'0'),
(1211, 30, 4, 117, 0, 1, b'0', b'0', 11, b'0'),
(1212, 30, 2, 45, 0, 1, b'0', b'0', 12, b'0'),
(1213, 30, 4, 43, 0, 1, b'0', b'0', 13, b'0'),
(1214, 30, 55, 117, 0, 1, b'0', b'0', 14, b'0'),
(1215, 30, 1, 59, 0, 1, b'0', b'0', 15, b'0'),
(1216, 31, 10, 81, 1, 0, b'0', b'0', 1, b'0'),
(1217, 31, 103, 78, 0, 1, b'0', b'0', 2, b'0'),
(1218, 31, 113, 87, 0, 1, b'0', b'0', 3, b'0'),
(1219, 31, 118, 85, 1, 0, b'0', b'0', 4, b'0'),
(1220, 31, 10, 80, 0, 1, b'0', b'0', 5, b'0'),
(1221, 31, 113, 77, 0, 1, b'0', b'0', 6, b'0'),
(1222, 31, 107, 87, 0, 1, b'0', b'0', 7, b'0'),
(1223, 31, 119, 85, 0, 1, b'0', b'0', 8, b'0'),
(1224, 31, 119, 85, 0, 1, b'0', b'0', 9, b'0'),
(1225, 31, 10, 78, 1, 0, b'0', b'0', 10, b'0'),
(1226, 31, 113, 81, 0, 1, b'0', b'0', 11, b'0'),
(1227, 31, 103, 87, 1, 0, b'0', b'0', 12, b'0'),
(1228, 31, 107, 80, 1, 0, b'0', b'0', 13, b'0'),
(1229, 31, 103, 77, 0, 1, b'0', b'0', 14, b'0'),
(1230, 31, 107, 78, 0, 1, b'0', b'0', 15, b'0'),
(1231, 32, 23, 38, 0, 1, b'0', b'0', 1, b'0'),
(1232, 32, 66, 83, 0, 1, b'0', b'0', 2, b'0'),
(1233, 32, 89, 35, 0, 1, b'0', b'0', 3, b'0'),
(1234, 32, 23, 37, 1, 0, b'0', b'0', 4, b'0'),
(1235, 32, 66, 54, 0, 1, b'0', b'0', 5, b'0'),
(1236, 32, 120, 88, 0, 1, b'0', b'0', 6, b'0'),
(1237, 32, 23, 83, 0, 1, b'0', b'0', 7, b'0'),
(1238, 32, 66, 38, 1, 0, b'0', b'0', 8, b'0'),
(1239, 32, 65, 35, 1, 0, b'0', b'0', 9, b'0'),
(1240, 32, 89, 37, 0, 1, b'0', b'0', 10, b'0'),
(1241, 32, 120, 54, 0, 1, b'0', b'0', 11, b'0'),
(1242, 32, 65, 88, 0, 1, b'0', b'0', 12, b'0'),
(1243, 32, 89, 83, 0, 1, b'0', b'0', 13, b'0'),
(1244, 32, 120, 37, 0, 1, b'0', b'0', 14, b'0'),
(1245, 32, 65, 54, 1, 0, b'0', b'0', 15, b'0'),
(1246, 33, 9, 13, 0, 1, b'0', b'0', 1, b'0'),
(1247, 33, 6, 11, 1, 0, b'0', b'0', 2, b'0'),
(1248, 33, 8, 30, 1, 0, b'0', b'0', 3, b'0'),
(1249, 33, 9, 12, 1, 0, b'0', b'0', 4, b'0'),
(1250, 33, 7, 31, 1, 0, b'0', b'0', 5, b'0'),
(1251, 33, 9, 11, 0, 1, b'0', b'0', 6, b'0'),
(1252, 33, 61, 13, 0, 1, b'0', b'0', 7, b'0'),
(1253, 33, 6, 30, 0, 1, b'0', b'0', 8, b'0'),
(1254, 33, 7, 12, 1, 0, b'0', b'0', 9, b'0'),
(1255, 33, 8, 31, 0, 1, b'0', b'0', 10, b'0'),
(1256, 33, 7, 11, 0, 1, b'0', b'0', 11, b'0'),
(1257, 33, 61, 30, 0, 1, b'0', b'0', 12, b'0'),
(1258, 33, 6, 13, 1, 0, b'0', b'0', 13, b'0'),
(1259, 33, 8, 12, 0, 1, b'0', b'0', 14, b'0'),
(1260, 33, 61, 31, 1, 0, b'0', b'0', 15, b'0'),
(1261, 34, 49, 2, 1, 0, b'0', b'0', 1, b'0'),
(1262, 34, 41, 63, 1, 0, b'0', b'0', 2, b'0'),
(1263, 34, 51, 1, 0, 1, b'0', b'0', 3, b'0'),
(1264, 34, 42, 3, 1, 0, b'0', b'0', 4, b'0'),
(1265, 34, 49, 63, 0, 1, b'0', b'0', 5, b'0'),
(1266, 34, 40, 4, 1, 0, b'0', b'0', 6, b'0'),
(1267, 34, 41, 2, 1, 0, b'0', b'0', 7, b'0'),
(1268, 34, 51, 63, 1, 0, b'0', b'0', 8, b'0'),
(1269, 34, 42, 4, 1, 0, b'0', b'0', 9, b'0'),
(1270, 34, 40, 3, 1, 0, b'0', b'0', 10, b'0'),
(1271, 34, 49, 1, 0, 1, b'0', b'0', 11, b'0'),
(1272, 34, 41, 4, 1, 0, b'0', b'0', 12, b'0'),
(1273, 34, 51, 3, 1, 0, b'0', b'0', 13, b'0'),
(1274, 34, 42, 2, 1, 0, b'0', b'0', 14, b'0'),
(1275, 34, 40, 1, 1, 0, b'0', b'0', 15, b'0'),
(1276, 35, 46, 93, 0, 1, b'0', b'0', 1, b'0'),
(1277, 35, 72, 53, 0, 1, b'0', b'0', 2, b'0'),
(1278, 35, 60, 108, 1, 0, b'0', b'0', 3, b'0'),
(1279, 35, 46, 97, 1, 0, b'0', b'0', 4, b'0'),
(1280, 35, 73, 95, 1, 0, b'0', b'0', 5, b'0'),
(1281, 35, 72, 93, 1, 0, b'0', b'0', 6, b'0'),
(1282, 35, 39, 53, 1, 0, b'0', b'0', 7, b'1'),
(1283, 35, 111, 97, 0, 1, b'0', b'0', 8, b'0'),
(1284, 35, 60, 95, 0, 1, b'0', b'0', 9, b'0'),
(1285, 35, 68, 95, 1, 0, b'0', b'0', 10, b'0'),
(1286, 35, 72, 97, 1, 0, b'0', b'0', 11, b'0'),
(1287, 35, 73, 108, 1, 0, b'0', b'0', 12, b'0'),
(1288, 35, 39, 93, 1, 0, b'0', b'0', 13, b'0'),
(1289, 35, 60, 53, 0, 1, b'0', b'0', 14, b'0'),
(1290, 35, 39, 108, 1, 0, b'0', b'0', 15, b'0'),
(1291, 36, 47, 67, 0, 1, b'0', b'0', 1, b'0'),
(1292, 36, 99, 19, 1, 0, b'0', b'0', 2, b'0'),
(1293, 36, 59, 22, 0, 1, b'0', b'0', 3, b'0'),
(1294, 36, 43, 20, 1, 0, b'0', b'0', 4, b'0'),
(1295, 36, 45, 21, 1, 0, b'0', b'0', 5, b'0'),
(1296, 36, 47, 19, 1, 0, b'0', b'0', 6, b'0'),
(1297, 36, 99, 22, 1, 0, b'0', b'0', 7, b'0'),
(1298, 36, 59, 67, 0, 1, b'0', b'0', 8, b'0'),
(1299, 36, 43, 21, 1, 0, b'0', b'0', 9, b'0'),
(1300, 36, 45, 20, 1, 0, b'0', b'0', 10, b'1'),
(1301, 36, 47, 22, 0, 1, b'0', b'0', 11, b'0'),
(1302, 36, 99, 20, 1, 0, b'0', b'0', 12, b'0'),
(1303, 36, 59, 21, 1, 0, b'0', b'0', 13, b'0'),
(1304, 36, 43, 19, 0, 1, b'0', b'0', 14, b'0'),
(1305, 36, 45, 67, 0, 1, b'0', b'0', 15, b'0'),
(1306, 37, 88, 10, 1, 0, b'0', b'0', 1, b'0'),
(1307, 37, 38, 102, 1, 0, b'0', b'0', 2, b'0'),
(1308, 37, 48, 113, 1, 0, b'0', b'0', 3, b'0'),
(1309, 37, 37, 103, 1, 0, b'0', b'0', 4, b'0'),
(1310, 37, 54, 10, 1, 0, b'0', b'0', 5, b'0'),
(1311, 37, 88, 102, 1, 0, b'0', b'0', 6, b'0'),
(1312, 37, 38, 113, 1, 0, b'0', b'0', 7, b'0'),
(1313, 37, 48, 102, 1, 0, b'0', b'0', 8, b'0'),
(1314, 37, 37, 107, 1, 0, b'0', b'0', 9, b'0'),
(1315, 37, 54, 107, 1, 0, b'0', b'0', 10, b'0'),
(1316, 37, 88, 113, 1, 0, b'0', b'0', 11, b'0'),
(1317, 37, 38, 103, 1, 0, b'0', b'0', 12, b'0'),
(1318, 37, 48, 107, 1, 0, b'0', b'0', 13, b'0'),
(1319, 37, 37, 10, 1, 0, b'0', b'0', 14, b'0'),
(1320, 37, 54, 103, 1, 0, b'0', b'0', 15, b'0'),
(1321, 38, 75, 8, 0, 1, b'0', b'0', 1, b'0'),
(1322, 38, 93, 7, 1, 0, b'0', b'0', 2, b'0'),
(1323, 38, 97, 28, 1, 0, b'0', b'0', 3, b'0'),
(1324, 38, 53, 61, 1, 0, b'0', b'0', 4, b'0'),
(1325, 38, 98, 6, 1, 0, b'0', b'0', 5, b'0'),
(1326, 38, 96, 8, 0, 1, b'0', b'0', 6, b'0'),
(1327, 38, 75, 28, 0, 1, b'0', b'0', 7, b'0'),
(1328, 38, 97, 7, 0, 1, b'0', b'0', 8, b'0'),
(1329, 38, 93, 6, 1, 0, b'0', b'0', 9, b'0'),
(1330, 38, 53, 7, 1, 0, b'0', b'0', 10, b'0'),
(1331, 38, 98, 61, 0, 1, b'0', b'0', 11, b'0'),
(1332, 38, 97, 8, 1, 0, b'0', b'0', 12, b'0'),
(1333, 38, 93, 61, 1, 0, b'0', b'0', 13, b'0'),
(1334, 38, 75, 6, 1, 0, b'0', b'0', 14, b'0'),
(1335, 38, 53, 28, 0, 1, b'0', b'0', 15, b'0'),
(1336, 39, 2, 116, 1, 0, b'0', b'0', 1, b'0'),
(1337, 39, 63, 27, 1, 0, b'0', b'0', 2, b'0'),
(1338, 39, 1, 32, 1, 0, b'0', b'0', 3, b'0'),
(1339, 39, 3, 16, 0, 1, b'0', b'0', 4, b'0'),
(1340, 39, 4, 14, 1, 0, b'0', b'0', 5, b'0'),
(1341, 39, 2, 17, 1, 0, b'0', b'0', 6, b'0'),
(1342, 39, 63, 116, 0, 1, b'0', b'0', 7, b'0'),
(1343, 39, 4, 116, 1, 0, b'0', b'0', 8, b'0'),
(1344, 39, 1, 16, 0, 1, b'0', b'0', 9, b'0'),
(1345, 39, 63, 32, 1, 0, b'0', b'0', 10, b'0'),
(1346, 39, 3, 14, 1, 0, b'0', b'0', 11, b'0'),
(1347, 39, 2, 27, 1, 0, b'0', b'0', 12, b'0'),
(1348, 39, 4, 17, 0, 1, b'0', b'0', 13, b'0'),
(1349, 39, 3, 27, 1, 0, b'0', b'0', 14, b'0'),
(1350, 39, 1, 14, 1, 0, b'0', b'0', 15, b'0'),
(1351, 40, 85, 46, 0, 1, b'0', b'0', 1, b'0'),
(1352, 40, 121, 73, 0, 1, b'0', b'0', 2, b'0'),
(1353, 40, 90, 72, 0, 1, b'0', b'0', 3, b'0'),
(1354, 40, 87, 39, 0, 1, b'0', b'0', 4, b'0'),
(1355, 40, 80, 60, 0, 1, b'0', b'0', 5, b'0'),
(1356, 40, 86, 46, 0, 1, b'0', b'0', 6, b'0'),
(1357, 40, 77, 46, 0, 1, b'0', b'0', 7, b'0'),
(1358, 40, 121, 72, 1, 0, b'0', b'0', 8, b'0'),
(1359, 40, 86, 73, 0, 1, b'0', b'0', 9, b'0'),
(1360, 40, 85, 60, 1, 0, b'0', b'0', 10, b'0'),
(1361, 40, 90, 39, 0, 1, b'0', b'0', 11, b'0'),
(1362, 40, 87, 72, 1, 0, b'0', b'0', 12, b'0'),
(1363, 40, 80, 39, 0, 1, b'0', b'0', 13, b'0'),
(1364, 40, 77, 73, 1, 0, b'0', b'0', 14, b'0'),
(1365, 40, 121, 60, 1, 0, b'0', b'0', 15, b'0'),
(1366, 41, 19, 13, 0, 1, b'0', b'0', 1, b'0'),
(1367, 41, 67, 11, 1, 0, b'0', b'0', 2, b'0'),
(1368, 41, 106, 31, 1, 0, b'0', b'0', 3, b'0'),
(1369, 41, 22, 33, 0, 1, b'0', b'0', 4, b'0'),
(1370, 41, 20, 30, 0, 1, b'0', b'0', 5, b'0'),
(1371, 41, 21, 13, 0, 1, b'0', b'0', 6, b'0'),
(1372, 41, 67, 33, 0, 1, b'0', b'0', 7, b'0'),
(1373, 41, 22, 11, 1, 0, b'0', b'0', 8, b'0'),
(1374, 41, 20, 31, 1, 0, b'0', b'0', 9, b'0'),
(1375, 41, 106, 30, 0, 1, b'0', b'0', 10, b'0'),
(1376, 41, 67, 31, 1, 0, b'0', b'0', 11, b'0'),
(1377, 41, 21, 33, 1, 0, b'0', b'0', 12, b'0'),
(1378, 41, 22, 30, 0, 1, b'0', b'0', 13, b'0'),
(1379, 41, 19, 11, 0, 1, b'0', b'0', 14, b'0'),
(1380, 41, 20, 13, 0, 1, b'0', b'0', 15, b'0'),
(1381, 42, 43, 40, 1, 0, b'0', b'0', 1, b'0'),
(1382, 42, 117, 100, 1, 0, b'0', b'0', 2, b'0'),
(1383, 42, 47, 84, 1, 0, b'0', b'0', 3, b'0'),
(1384, 42, 44, 51, 1, 0, b'0', b'0', 4, b'0'),
(1385, 42, 45, 52, 1, 0, b'0', b'0', 5, b'0'),
(1386, 42, 43, 100, 1, 0, b'0', b'0', 6, b'0'),
(1387, 42, 117, 40, 0, 1, b'0', b'0', 7, b'0'),
(1388, 42, 47, 51, 0, 1, b'0', b'0', 8, b'0'),
(1389, 42, 44, 52, 1, 0, b'0', b'0', 9, b'0'),
(1390, 42, 45, 84, 1, 0, b'0', b'0', 10, b'0'),
(1391, 42, 117, 51, 1, 0, b'0', b'0', 11, b'0'),
(1392, 42, 47, 52, 0, 1, b'0', b'0', 12, b'0'),
(1393, 42, 43, 84, 0, 1, b'0', b'0', 13, b'0'),
(1394, 42, 45, 100, 1, 0, b'0', b'0', 14, b'0'),
(1395, 42, 44, 40, 1, 0, b'0', b'0', 15, b'0'),
(1396, 43, 46, 83, 0, 1, b'0', b'0', 1, b'0'),
(1397, 43, 72, 88, 1, 0, b'0', b'0', 2, b'0'),
(1398, 43, 60, 48, 1, 0, b'0', b'0', 3, b'0'),
(1399, 43, 73, 38, 0, 1, b'0', b'0', 4, b'0'),
(1400, 43, 39, 54, 1, 0, b'0', b'0', 5, b'0'),
(1401, 43, 72, 38, 0, 1, b'0', b'0', 6, b'0'),
(1402, 43, 46, 37, 0, 1, b'0', b'0', 7, b'0'),
(1403, 43, 60, 83, 0, 1, b'0', b'0', 8, b'1'),
(1404, 43, 39, 88, 0, 1, b'0', b'0', 9, b'0'),
(1405, 43, 46, 54, 0, 1, b'0', b'0', 10, b'0'),
(1406, 43, 72, 83, 0, 1, b'0', b'0', 11, b'0'),
(1407, 43, 39, 48, 1, 0, b'0', b'0', 12, b'0'),
(1408, 43, 60, 37, 1, 0, b'0', b'0', 13, b'0'),
(1409, 43, 73, 88, 0, 1, b'0', b'0', 14, b'0'),
(1410, 43, 73, 37, 1, 0, b'0', b'0', 15, b'0'),
(1411, 44, 28, 78, 0, 1, b'0', b'0', 1, b'0'),
(1412, 44, 9, 87, 1, 0, b'0', b'0', 2, b'0'),
(1413, 44, 8, 85, 1, 0, b'0', b'0', 3, b'0'),
(1414, 44, 7, 80, 0, 1, b'0', b'0', 4, b'0'),
(1415, 44, 6, 81, 1, 0, b'0', b'0', 5, b'0'),
(1416, 44, 28, 87, 1, 0, b'0', b'0', 6, b'0'),
(1417, 44, 9, 78, 1, 0, b'0', b'0', 7, b'0'),
(1418, 44, 7, 81, 1, 0, b'0', b'0', 8, b'0'),
(1419, 44, 8, 80, 0, 1, b'0', b'0', 9, b'0'),
(1420, 44, 6, 78, 1, 0, b'0', b'0', 10, b'0'),
(1421, 44, 7, 85, 1, 0, b'0', b'0', 11, b'0'),
(1422, 44, 28, 81, 1, 0, b'0', b'0', 12, b'0'),
(1423, 44, 9, 85, 0, 1, b'0', b'0', 13, b'0'),
(1424, 44, 8, 87, 0, 1, b'0', b'0', 14, b'0'),
(1425, 44, 6, 80, 0, 1, b'0', b'0', 15, b'0'),
(1426, 45, 49, 19, 1, 0, b'0', b'0', 1, b'0'),
(1427, 45, 41, 67, 1, 0, b'0', b'0', 2, b'0'),
(1428, 45, 42, 22, 0, 1, b'0', b'0', 3, b'0'),
(1429, 45, 51, 115, 1, 0, b'0', b'0', 4, b'0'),
(1430, 45, 52, 20, 1, 0, b'0', b'0', 5, b'0'),
(1431, 45, 40, 106, 1, 0, b'0', b'0', 6, b'0'),
(1432, 45, 41, 21, 1, 0, b'0', b'0', 7, b'0'),
(1433, 45, 42, 19, 1, 0, b'0', b'0', 8, b'0'),
(1434, 45, 51, 22, 0, 1, b'0', b'0', 9, b'0'),
(1435, 45, 52, 67, 0, 1, b'0', b'0', 10, b'0'),
(1436, 45, 40, 20, 0, 1, b'0', b'0', 11, b'0'),
(1437, 45, 41, 22, 1, 0, b'0', b'0', 12, b'0'),
(1438, 45, 42, 67, 1, 0, b'0', b'0', 13, b'0'),
(1439, 45, 51, 21, 1, 0, b'0', b'0', 14, b'0'),
(1440, 45, 40, 19, 1, 0, b'0', b'0', 15, b'0'),
(1441, 46, 31, 75, 0, 1, b'0', b'0', 1, b'0'),
(1442, 46, 11, 75, 0, 1, b'0', b'0', 2, b'0'),
(1443, 46, 29, 93, 0, 1, b'0', b'0', 3, b'0'),
(1444, 46, 13, 75, 0, 1, b'0', b'0', 4, b'0'),
(1445, 46, 31, 97, 0, 1, b'0', b'0', 5, b'0'),
(1446, 46, 33, 95, 1, 0, b'0', b'0', 6, b'0'),
(1447, 46, 29, 97, 1, 0, b'0', b'0', 7, b'0'),
(1448, 46, 11, 93, 1, 0, b'0', b'0', 8, b'0'),
(1449, 46, 33, 53, 0, 1, b'0', b'0', 9, b'0'),
(1450, 46, 13, 95, 1, 0, b'0', b'0', 10, b'0'),
(1451, 46, 29, 53, 0, 1, b'0', b'0', 11, b'0'),
(1452, 46, 11, 97, 0, 1, b'0', b'0', 12, b'0'),
(1453, 46, 33, 93, 1, 0, b'0', b'0', 13, b'0'),
(1454, 46, 31, 95, 0, 1, b'0', b'0', 14, b'0'),
(1455, 46, 13, 53, 1, 0, b'0', b'0', 15, b'0'),
(1456, 47, 15, 117, 0, 1, b'0', b'0', 1, b'0'),
(1457, 47, 14, 47, 0, 1, b'0', b'0', 2, b'0'),
(1458, 47, 116, 43, 1, 0, b'0', b'0', 3, b'0'),
(1459, 47, 17, 45, 0, 1, b'0', b'0', 4, b'0'),
(1460, 47, 27, 59, 0, 1, b'0', b'0', 5, b'0'),
(1461, 47, 16, 44, 0, 1, b'0', b'0', 6, b'0'),
(1462, 47, 14, 117, 0, 1, b'0', b'0', 7, b'0'),
(1463, 47, 116, 47, 1, 0, b'0', b'0', 8, b'0'),
(1464, 47, 15, 45, 0, 1, b'0', b'0', 9, b'0'),
(1465, 47, 17, 59, 0, 1, b'0', b'0', 10, b'0'),
(1466, 47, 27, 44, 0, 1, b'0', b'0', 11, b'0'),
(1467, 47, 16, 43, 0, 1, b'0', b'0', 12, b'0'),
(1468, 47, 116, 117, 0, 1, b'0', b'0', 13, b'0'),
(1469, 47, 14, 59, 0, 1, b'0', b'0', 14, b'0'),
(1470, 47, 16, 45, 0, 1, b'0', b'0', 15, b'0'),
(1471, 48, 89, 2, 1, 0, b'0', b'0', 1, b'0'),
(1472, 48, 120, 63, 1, 0, b'0', b'0', 2, b'0'),
(1473, 48, 122, 1, 0, 1, b'0', b'0', 3, b'0'),
(1474, 48, 65, 4, 1, 0, b'0', b'0', 4, b'0'),
(1475, 48, 26, 3, 1, 0, b'0', b'0', 5, b'0'),
(1476, 48, 34, 2, 1, 0, b'0', b'0', 6, b'0'),
(1477, 48, 89, 63, 1, 0, b'0', b'0', 7, b'0'),
(1478, 48, 120, 1, 1, 0, b'0', b'0', 8, b'0'),
(1479, 48, 122, 4, 0, 1, b'0', b'0', 9, b'0'),
(1480, 48, 65, 3, 0, 1, b'0', b'0', 10, b'0'),
(1481, 48, 26, 2, 0, 1, b'0', b'0', 11, b'0'),
(1482, 48, 34, 123, 0, 1, b'0', b'0', 12, b'0'),
(1483, 48, 120, 4, 0, 1, b'0', b'0', 13, b'0'),
(1484, 48, 89, 1, 1, 0, b'0', b'0', 14, b'0'),
(1485, 48, 122, 3, 0, 1, b'0', b'0', 15, b'0'),
(1486, 49, 43, 89, 1, 0, b'0', b'0', 1, b'0'),
(1487, 49, 117, 65, 1, 0, b'0', b'0', 2, b'0'),
(1488, 49, 44, 124, 0, 1, b'0', b'0', 3, b'0'),
(1489, 49, 47, 122, 1, 0, b'0', b'0', 4, b'0'),
(1490, 49, 59, 120, 1, 0, b'0', b'0', 5, b'0'),
(1491, 49, 43, 65, 1, 0, b'0', b'0', 6, b'0'),
(1492, 49, 117, 125, 1, 0, b'0', b'0', 7, b'1'),
(1493, 49, 44, 89, 1, 0, b'0', b'0', 8, b'0'),
(1494, 49, 47, 124, 0, 1, b'0', b'0', 9, b'0'),
(1495, 49, 59, 122, 1, 0, b'0', b'0', 10, b'0'),
(1496, 49, 47, 125, 1, 0, b'0', b'0', 11, b'0'),
(1497, 49, 43, 120, 0, 1, b'0', b'0', 12, b'0'),
(1498, 49, 117, 89, 1, 0, b'0', b'0', 13, b'0'),
(1499, 49, 44, 65, 1, 0, b'0', b'0', 14, b'0'),
(1500, 49, 59, 124, 1, 0, b'0', b'0', 15, b'0'),
(1501, 50, 83, 61, 1, 0, b'0', b'0', 1, b'0'),
(1502, 50, 88, 6, 1, 0, b'0', b'0', 2, b'1'),
(1503, 50, 38, 7, 0, 1, b'0', b'0', 3, b'0'),
(1504, 50, 48, 9, 1, 0, b'0', b'0', 4, b'0'),
(1505, 50, 54, 8, 1, 0, b'0', b'0', 5, b'0'),
(1506, 50, 37, 7, 1, 0, b'0', b'0', 6, b'0'),
(1507, 50, 83, 9, 0, 1, b'0', b'0', 7, b'0'),
(1508, 50, 88, 61, 1, 0, b'0', b'0', 8, b'0'),
(1509, 50, 48, 8, 1, 0, b'0', b'0', 9, b'0'),
(1510, 50, 54, 6, 0, 1, b'0', b'0', 10, b'0'),
(1511, 50, 37, 9, 1, 0, b'0', b'0', 11, b'0'),
(1512, 50, 83, 7, 1, 0, b'0', b'0', 12, b'0'),
(1513, 50, 88, 8, 1, 0, b'0', b'0', 13, b'1'),
(1514, 50, 48, 6, 1, 0, b'0', b'0', 14, b'0'),
(1515, 50, 37, 61, 1, 0, b'0', b'0', 15, b'0'),
(1516, 51, 49, 15, 0, 1, b'0', b'0', 1, b'0'),
(1517, 51, 40, 116, 1, 0, b'0', b'0', 2, b'0'),
(1518, 51, 51, 14, 1, 0, b'0', b'0', 3, b'0'),
(1519, 51, 42, 16, 1, 0, b'0', b'0', 4, b'0'),
(1520, 51, 41, 27, 1, 0, b'0', b'0', 5, b'0'),
(1521, 51, 49, 17, 0, 1, b'0', b'0', 6, b'0'),
(1522, 51, 40, 15, 0, 1, b'0', b'0', 7, b'0'),
(1523, 51, 51, 116, 1, 0, b'0', b'0', 8, b'0'),
(1524, 51, 42, 14, 1, 0, b'0', b'0', 9, b'0'),
(1525, 51, 41, 17, 0, 1, b'0', b'0', 10, b'0'),
(1526, 51, 49, 27, 1, 0, b'0', b'0', 11, b'0'),
(1527, 51, 40, 16, 1, 0, b'0', b'0', 12, b'0'),
(1528, 51, 51, 15, 0, 1, b'0', b'0', 13, b'0'),
(1529, 51, 42, 17, 1, 0, b'0', b'0', 14, b'0'),
(1530, 51, 41, 116, 1, 0, b'0', b'0', 15, b'0'),
(1531, 52, 19, 93, 1, 0, b'0', b'0', 1, b'0'),
(1532, 52, 67, 75, 1, 0, b'0', b'0', 2, b'0'),
(1533, 52, 22, 97, 1, 0, b'0', b'0', 3, b'0'),
(1534, 52, 20, 95, 1, 0, b'0', b'0', 4, b'0'),
(1535, 52, 106, 53, 0, 1, b'0', b'0', 5, b'0'),
(1536, 52, 21, 109, 1, 0, b'0', b'0', 6, b'0'),
(1537, 52, 67, 93, 1, 0, b'0', b'0', 7, b'0'),
(1538, 52, 19, 95, 1, 0, b'0', b'0', 8, b'0'),
(1539, 52, 22, 75, 1, 0, b'0', b'0', 9, b'0'),
(1540, 52, 20, 97, 0, 1, b'0', b'0', 10, b'0'),
(1541, 52, 21, 53, 0, 1, b'0', b'0', 11, b'0'),
(1542, 52, 67, 97, 1, 0, b'0', b'0', 12, b'0'),
(1543, 52, 19, 75, 0, 1, b'0', b'0', 13, b'0'),
(1544, 52, 22, 93, 0, 1, b'0', b'0', 14, b'0'),
(1545, 52, 20, 53, 1, 0, b'0', b'0', 15, b'0'),
(1546, 53, 2, 10, 1, 0, b'0', b'0', 1, b'0'),
(1547, 53, 63, 113, 1, 0, b'0', b'0', 2, b'0'),
(1548, 53, 55, 102, 1, 0, b'0', b'0', 3, b'0'),
(1549, 53, 4, 103, 1, 0, b'0', b'0', 4, b'0'),
(1550, 53, 123, 102, 0, 1, b'0', b'0', 5, b'0'),
(1551, 53, 1, 10, 0, 1, b'0', b'0', 6, b'0'),
(1552, 53, 2, 113, 1, 0, b'0', b'0', 7, b'0'),
(1553, 53, 63, 103, 1, 0, b'0', b'0', 8, b'0'),
(1554, 53, 55, 107, 1, 0, b'0', b'0', 9, b'0'),
(1555, 53, 4, 10, 0, 1, b'0', b'0', 10, b'0'),
(1556, 53, 63, 107, 1, 0, b'0', b'0', 11, b'0'),
(1557, 53, 123, 103, 1, 0, b'0', b'0', 12, b'0'),
(1558, 53, 2, 102, 1, 0, b'0', b'0', 13, b'0'),
(1559, 53, 55, 107, 1, 0, b'0', b'0', 14, b'0'),
(1560, 53, 1, 113, 1, 0, b'0', b'0', 15, b'0'),
(1561, 54, 87, 31, 1, 0, b'0', b'0', 1, b'0'),
(1562, 54, 81, 13, 0, 1, b'0', b'0', 2, b'0'),
(1563, 54, 85, 12, 1, 0, b'0', b'0', 3, b'0'),
(1564, 54, 86, 13, 0, 1, b'0', b'0', 4, b'0'),
(1565, 54, 78, 33, 1, 0, b'0', b'0', 5, b'0'),
(1566, 54, 77, 31, 0, 1, b'0', b'0', 6, b'0'),
(1567, 54, 78, 30, 1, 0, b'0', b'0', 7, b'0'),
(1568, 54, 86, 12, 0, 1, b'0', b'0', 8, b'0'),
(1569, 54, 85, 33, 0, 1, b'0', b'0', 9, b'0'),
(1570, 54, 87, 30, 1, 0, b'0', b'0', 10, b'0'),
(1571, 54, 86, 31, 1, 0, b'0', b'0', 11, b'0'),
(1572, 54, 81, 33, 0, 1, b'0', b'0', 12, b'0'),
(1573, 54, 78, 12, 0, 1, b'0', b'0', 13, b'0'),
(1574, 54, 87, 13, 1, 0, b'0', b'0', 14, b'0'),
(1575, 54, 77, 30, 1, 0, b'0', b'0', 15, b'0'),
(1576, 55, 93, 78, 1, 0, b'0', b'0', 1, b'0'),
(1577, 55, 93, 80, 1, 0, b'0', b'0', 2, b'0'),
(1578, 55, 97, 87, 0, 1, b'0', b'0', 3, b'0'),
(1579, 55, 95, 81, 0, 1, b'0', b'0', 4, b'0'),
(1580, 55, 93, 85, 1, 0, b'0', b'0', 5, b'0'),
(1581, 55, 96, 87, 0, 1, b'0', b'0', 6, b'0'),
(1582, 55, 98, 80, 0, 1, b'0', b'0', 7, b'0'),
(1583, 55, 53, 78, 1, 0, b'0', b'0', 8, b'0'),
(1584, 55, 97, 81, 1, 0, b'0', b'0', 9, b'0'),
(1585, 55, 96, 85, 1, 0, b'0', b'0', 10, b'0'),
(1586, 55, 53, 87, 1, 0, b'0', b'0', 11, b'0'),
(1587, 55, 98, 85, 0, 1, b'0', b'0', 12, b'0'),
(1588, 55, 97, 78, 0, 1, b'0', b'0', 13, b'0'),
(1589, 55, 96, 81, 1, 0, b'0', b'0', 14, b'0'),
(1590, 55, 53, 80, 1, 0, b'0', b'0', 15, b'0'),
(1591, 56, 10, 47, 0, 1, b'0', b'0', 1, b'0'),
(1592, 56, 102, 43, 0, 1, b'0', b'0', 2, b'0'),
(1593, 56, 103, 117, 0, 1, b'0', b'0', 3, b'0'),
(1594, 56, 113, 44, 0, 1, b'0', b'0', 4, b'0'),
(1595, 56, 114, 59, 0, 1, b'0', b'0', 5, b'0'),
(1596, 56, 10, 45, 1, 0, b'0', b'0', 6, b'0'),
(1597, 56, 102, 47, 0, 1, b'0', b'0', 7, b'0'),
(1598, 56, 113, 43, 0, 1, b'0', b'0', 8, b'0'),
(1599, 56, 107, 117, 0, 1, b'0', b'0', 9, b'0'),
(1600, 56, 10, 59, 0, 1, b'0', b'0', 10, b'0'),
(1601, 56, 102, 45, 0, 1, b'0', b'0', 11, b'0'),
(1602, 56, 113, 117, 0, 1, b'0', b'0', 12, b'0'),
(1603, 56, 107, 44, 0, 1, b'0', b'0', 13, b'0'),
(1604, 56, 103, 47, 0, 1, b'0', b'0', 14, b'0'),
(1605, 56, 103, 59, 0, 1, b'0', b'0', 15, b'0'),
(1606, 57, 12, 48, 1, 0, b'0', b'0', 1, b'0'),
(1607, 57, 31, 35, 1, 0, b'0', b'0', 2, b'0'),
(1608, 57, 29, 83, 0, 1, b'0', b'0', 3, b'0'),
(1609, 57, 30, 54, 0, 1, b'0', b'0', 4, b'1'),
(1610, 57, 12, 37, 0, 1, b'0', b'0', 5, b'0'),
(1611, 57, 31, 48, 0, 1, b'0', b'0', 6, b'0'),
(1612, 57, 29, 54, 0, 1, b'0', b'0', 7, b'0'),
(1613, 57, 12, 83, 1, 0, b'0', b'0', 8, b'0'),
(1614, 57, 30, 88, 1, 0, b'0', b'0', 9, b'0'),
(1615, 57, 31, 37, 1, 0, b'0', b'0', 10, b'0'),
(1616, 57, 30, 83, 1, 0, b'0', b'0', 11, b'0'),
(1617, 57, 29, 88, 0, 1, b'0', b'0', 12, b'0'),
(1618, 57, 33, 37, 1, 0, b'0', b'0', 13, b'0'),
(1619, 57, 33, 54, 0, 1, b'0', b'0', 14, b'0'),
(1620, 57, 33, 48, 1, 0, b'0', b'0', 15, b'0'),
(1621, 58, 15, 67, 0, 1, b'0', b'0', 1, b'0'),
(1622, 58, 14, 19, 1, 0, b'0', b'0', 2, b'0'),
(1623, 58, 57, 22, 1, 0, b'0', b'0', 3, b'0'),
(1624, 58, 17, 20, 0, 1, b'0', b'0', 4, b'0'),
(1625, 58, 27, 21, 1, 0, b'0', b'0', 5, b'0'),
(1626, 58, 116, 67, 0, 1, b'0', b'0', 6, b'0'),
(1627, 58, 14, 22, 0, 1, b'0', b'0', 7, b'0'),
(1628, 58, 57, 19, 1, 0, b'0', b'0', 8, b'0'),
(1629, 58, 27, 20, 0, 1, b'0', b'0', 9, b'0'),
(1630, 58, 15, 21, 0, 1, b'0', b'0', 10, b'0'),
(1631, 58, 17, 67, 0, 1, b'0', b'0', 11, b'0'),
(1632, 58, 116, 22, 1, 0, b'0', b'0', 12, b'0'),
(1633, 58, 57, 20, 1, 0, b'0', b'0', 13, b'0'),
(1634, 58, 27, 19, 1, 0, b'0', b'0', 14, b'0'),
(1635, 58, 116, 21, 1, 0, b'0', b'0', 15, b'0'),
(1636, 59, 39, 2, 1, 0, b'0', b'0', 1, b'0'),
(1637, 59, 72, 63, 1, 0, b'0', b'0', 2, b'0'),
(1638, 59, 46, 1, 0, 1, b'0', b'0', 3, b'0'),
(1639, 59, 60, 3, 0, 1, b'0', b'0', 4, b'0'),
(1640, 59, 46, 4, 1, 0, b'0', b'0', 5, b'0'),
(1641, 59, 68, 123, 0, 1, b'0', b'0', 6, b'0'),
(1642, 59, 46, 2, 1, 0, b'0', b'0', 7, b'0'),
(1643, 59, 72, 1, 0, 1, b'0', b'0', 8, b'0'),
(1644, 59, 73, 63, 1, 0, b'0', b'0', 9, b'0'),
(1645, 59, 60, 4, 0, 1, b'0', b'0', 10, b'0'),
(1646, 59, 39, 3, 0, 1, b'0', b'0', 11, b'0'),
(1647, 59, 72, 123, 0, 1, b'0', b'0', 12, b'0'),
(1648, 59, 39, 1, 1, 0, b'0', b'0', 13, b'0'),
(1649, 59, 73, 4, 0, 1, b'0', b'0', 14, b'0'),
(1650, 59, 73, 123, 0, 1, b'0', b'0', 15, b'0'),
(1651, 60, 89, 49, 1, 0, b'0', b'0', 1, b'0'),
(1652, 60, 65, 42, 1, 0, b'0', b'0', 2, b'0'),
(1653, 60, 124, 51, 0, 1, b'0', b'0', 3, b'0'),
(1654, 60, 126, 50, 0, 1, b'0', b'0', 4, b'0'),
(1655, 60, 120, 41, 0, 1, b'0', b'0', 5, b'0'),
(1656, 60, 89, 42, 0, 1, b'0', b'0', 6, b'0'),
(1657, 60, 65, 49, 1, 0, b'0', b'0', 7, b'0'),
(1658, 60, 124, 41, 1, 0, b'0', b'0', 8, b'0'),
(1659, 60, 126, 51, 0, 1, b'0', b'0', 9, b'0'),
(1660, 60, 120, 50, 0, 1, b'0', b'0', 10, b'0'),
(1661, 60, 89, 41, 0, 1, b'0', b'0', 11, b'0'),
(1662, 60, 65, 51, 0, 1, b'0', b'0', 12, b'0'),
(1663, 60, 124, 50, 1, 0, b'0', b'0', 13, b'0'),
(1664, 60, 126, 49, 0, 1, b'0', b'0', 14, b'0'),
(1665, 60, 120, 42, 0, 1, b'0', b'0', 15, b'0'),
(1666, 61, 40, 102, 1, 0, b'0', b'0', 1, b'0'),
(1667, 61, 51, 102, 1, 0, b'0', b'0', 2, b'0'),
(1668, 61, 42, 102, 1, 0, b'0', b'0', 3, b'0'),
(1669, 61, 52, 10, 1, 0, b'0', b'0', 4, b'0'),
(1670, 61, 41, 10, 1, 0, b'0', b'0', 5, b'0'),
(1671, 61, 40, 103, 1, 0, b'0', b'0', 6, b'0'),
(1672, 61, 51, 107, 1, 0, b'0', b'0', 7, b'0'),
(1673, 61, 42, 10, 1, 0, b'0', b'0', 8, b'0'),
(1674, 61, 52, 103, 1, 0, b'0', b'0', 9, b'0'),
(1675, 61, 41, 107, 1, 0, b'0', b'0', 10, b'0'),
(1676, 61, 42, 103, 1, 0, b'0', b'0', 11, b'0'),
(1677, 61, 52, 107, 1, 0, b'0', b'0', 12, b'0'),
(1678, 61, 0, 0, 1, 0, b'0', b'0', 13, b'0'),
(1679, 61, 0, 0, 1, 0, b'0', b'0', 14, b'0'),
(1680, 61, 0, 0, 1, 0, b'0', b'0', 15, b'0'),
(1681, 62, 36, 95, 1, 0, b'0', b'0', 1, b'0'),
(1682, 62, 38, 93, 1, 0, b'0', b'0', 2, b'0'),
(1683, 62, 82, 97, 1, 0, b'0', b'0', 3, b'0'),
(1684, 62, 35, 75, 1, 0, b'0', b'0', 4, b'0'),
(1685, 62, 83, 96, 1, 0, b'0', b'0', 5, b'0'),
(1686, 62, 36, 53, 1, 0, b'0', b'0', 6, b'0'),
(1687, 62, 82, 95, 1, 0, b'0', b'0', 7, b'0'),
(1688, 62, 38, 97, 1, 0, b'0', b'0', 8, b'0'),
(1689, 62, 54, 93, 1, 0, b'0', b'0', 9, b'0'),
(1690, 62, 35, 53, 0, 1, b'0', b'0', 10, b'0'),
(1691, 62, 88, 93, 0, 1, b'0', b'0', 11, b'0'),
(1692, 62, 82, 75, 1, 0, b'0', b'0', 12, b'0'),
(1693, 62, 54, 95, 0, 1, b'0', b'0', 13, b'0'),
(1694, 62, 88, 53, 1, 0, b'0', b'0', 14, b'1'),
(1695, 62, 36, 97, 1, 0, b'0', b'0', 15, b'0'),
(1696, 63, 2, 8, 1, 0, b'0', b'0', 1, b'0'),
(1697, 63, 63, 9, 0, 1, b'0', b'0', 2, b'0'),
(1698, 63, 3, 7, 1, 0, b'0', b'0', 3, b'0'),
(1699, 63, 4, 61, 0, 1, b'0', b'0', 4, b'0'),
(1700, 63, 1, 6, 1, 0, b'0', b'0', 5, b'0'),
(1701, 63, 55, 8, 1, 0, b'0', b'0', 6, b'0'),
(1702, 63, 2, 9, 0, 1, b'0', b'0', 7, b'0'),
(1703, 63, 63, 7, 0, 1, b'0', b'0', 8, b'0'),
(1704, 63, 3, 61, 0, 1, b'0', b'0', 9, b'0'),
(1705, 63, 4, 6, 0, 1, b'0', b'0', 10, b'0'),
(1706, 63, 1, 7, 0, 1, b'0', b'0', 11, b'0'),
(1707, 63, 55, 9, 0, 1, b'0', b'0', 12, b'0'),
(1708, 63, 2, 61, 0, 1, b'0', b'0', 13, b'0'),
(1709, 63, 3, 6, 0, 1, b'0', b'0', 14, b'0'),
(1710, 63, 1, 8, 0, 1, b'0', b'0', 15, b'0'),
(1711, 64, 43, 46, 1, 0, b'0', b'0', 1, b'0'),
(1712, 64, 44, 39, 1, 0, b'0', b'0', 2, b'0'),
(1713, 64, 47, 60, 1, 0, b'0', b'0', 3, b'0'),
(1714, 64, 99, 72, 1, 0, b'0', b'0', 4, b'0'),
(1715, 64, 59, 68, 1, 0, b'0', b'0', 5, b'0'),
(1716, 64, 43, 73, 1, 0, b'0', b'0', 6, b'0'),
(1717, 64, 44, 60, 1, 0, b'0', b'0', 7, b'0'),
(1718, 64, 47, 39, 0, 1, b'0', b'0', 8, b'0'),
(1719, 64, 99, 46, 0, 1, b'0', b'0', 9, b'0'),
(1720, 64, 59, 72, 0, 1, b'0', b'0', 10, b'0'),
(1721, 64, 43, 39, 1, 0, b'0', b'0', 11, b'0'),
(1722, 64, 44, 72, 1, 0, b'0', b'0', 12, b'0'),
(1723, 64, 47, 68, 1, 0, b'0', b'0', 13, b'0'),
(1724, 64, 99, 73, 1, 0, b'0', b'0', 14, b'0'),
(1725, 64, 59, 60, 1, 0, b'0', b'0', 15, b'0'),
(1726, 65, 19, 77, 0, 1, b'0', b'0', 1, b'0'),
(1727, 65, 67, 85, 1, 0, b'0', b'0', 2, b'0'),
(1728, 65, 22, 87, 0, 1, b'0', b'0', 3, b'0'),
(1729, 65, 21, 81, 0, 1, b'0', b'0', 4, b'0'),
(1730, 65, 20, 86, 1, 0, b'0', b'0', 5, b'0'),
(1731, 65, 19, 85, 0, 1, b'0', b'0', 6, b'0'),
(1732, 65, 67, 78, 1, 0, b'0', b'0', 7, b'0'),
(1733, 65, 22, 86, 1, 0, b'0', b'0', 8, b'0'),
(1734, 65, 21, 85, 0, 1, b'0', b'0', 9, b'0'),
(1735, 65, 20, 87, 0, 1, b'0', b'0', 10, b'0'),
(1736, 65, 19, 81, 0, 1, b'0', b'0', 11, b'0'),
(1737, 65, 67, 87, 0, 1, b'0', b'0', 12, b'0'),
(1738, 65, 21, 77, 1, 0, b'0', b'0', 13, b'0'),
(1739, 65, 22, 77, 0, 1, b'0', b'0', 14, b'0'),
(1740, 65, 20, 78, 1, 0, b'0', b'0', 15, b'0'),
(1741, 66, 116, 89, 0, 1, b'0', b'0', 1, b'0'),
(1742, 66, 14, 120, 0, 1, b'0', b'0', 2, b'0'),
(1743, 66, 15, 124, 1, 0, b'0', b'0', 3, b'0'),
(1744, 66, 16, 122, 0, 1, b'0', b'0', 4, b'0'),
(1745, 66, 17, 126, 1, 0, b'0', b'0', 5, b'0'),
(1746, 66, 27, 127, 1, 0, b'0', b'0', 6, b'0'),
(1747, 66, 116, 122, 1, 0, b'0', b'0', 7, b'0'),
(1748, 66, 15, 65, 0, 1, b'0', b'0', 8, b'0'),
(1749, 66, 17, 89, 0, 1, b'0', b'0', 9, b'0'),
(1750, 66, 27, 120, 1, 0, b'0', b'0', 10, b'0'),
(1751, 66, 14, 127, 1, 0, b'0', b'0', 11, b'0'),
(1752, 66, 16, 124, 0, 1, b'0', b'0', 12, b'0'),
(1753, 66, 116, 65, 1, 0, b'0', b'0', 13, b'0'),
(1754, 66, 27, 126, 0, 1, b'0', b'0', 14, b'0'),
(1755, 66, 15, 89, 1, 0, b'0', b'0', 15, b'0'),
(1756, 67, 29, 2, 1, 0, b'0', b'0', 1, b'0'),
(1757, 67, 11, 63, 1, 0, b'0', b'0', 2, b'0'),
(1758, 67, 29, 3, 1, 0, b'0', b'0', 3, b'0'),
(1759, 67, 31, 123, 1, 0, b'0', b'0', 4, b'0'),
(1760, 67, 29, 4, 1, 0, b'0', b'0', 5, b'0'),
(1761, 67, 30, 1, 1, 0, b'0', b'0', 6, b'0'),
(1762, 67, 13, 2, 1, 0, b'0', b'0', 7, b'0'),
(1763, 67, 11, 3, 0, 1, b'0', b'0', 8, b'0'),
(1764, 67, 31, 63, 1, 0, b'0', b'0', 9, b'0'),
(1765, 67, 30, 123, 1, 0, b'0', b'0', 10, b'0'),
(1766, 67, 13, 4, 1, 0, b'0', b'0', 11, b'0'),
(1767, 67, 11, 1, 1, 0, b'0', b'0', 12, b'0'),
(1768, 67, 31, 4, 1, 0, b'0', b'0', 13, b'0'),
(1769, 67, 30, 3, 0, 1, b'0', b'0', 14, b'0'),
(1770, 67, 13, 1, 0, 1, b'0', b'0', 15, b'0'),
(1771, 68, 28, 43, 0, 1, b'0', b'0', 1, b'0'),
(1772, 68, 9, 117, 0, 1, b'0', b'0', 2, b'0'),
(1773, 68, 8, 44, 0, 1, b'0', b'0', 3, b'0'),
(1774, 68, 6, 47, 0, 1, b'0', b'0', 4, b'0'),
(1775, 68, 7, 45, 0, 1, b'0', b'0', 5, b'0'),
(1776, 68, 61, 43, 1, 0, b'0', b'0', 6, b'0'),
(1777, 68, 28, 117, 0, 1, b'0', b'0', 7, b'0'),
(1778, 68, 9, 44, 1, 0, b'0', b'0', 8, b'0'),
(1779, 68, 6, 45, 0, 1, b'0', b'0', 9, b'0'),
(1780, 68, 7, 47, 0, 1, b'0', b'0', 10, b'0'),
(1781, 68, 61, 44, 1, 0, b'0', b'0', 11, b'0'),
(1782, 68, 28, 45, 0, 1, b'0', b'0', 12, b'0'),
(1783, 68, 9, 43, 0, 1, b'0', b'0', 13, b'0'),
(1784, 68, 6, 117, 1, 0, b'0', b'0', 14, b'0'),
(1785, 68, 8, 47, 0, 1, b'0', b'0', 15, b'0'),
(1786, 69, 46, 49, 0, 1, b'0', b'0', 1, b'0'),
(1787, 69, 39, 42, 0, 1, b'0', b'0', 2, b'0'),
(1788, 69, 68, 40, 0, 1, b'0', b'0', 3, b'0'),
(1789, 69, 60, 41, 1, 0, b'0', b'0', 4, b'0'),
(1790, 69, 46, 51, 1, 0, b'0', b'0', 5, b'0'),
(1791, 69, 111, 49, 0, 1, b'0', b'0', 6, b'0'),
(1792, 69, 46, 42, 1, 0, b'0', b'0', 7, b'0'),
(1793, 69, 60, 40, 1, 0, b'0', b'0', 8, b'0'),
(1794, 69, 68, 41, 0, 1, b'0', b'0', 9, b'0'),
(1795, 69, 111, 51, 1, 0, b'0', b'0', 10, b'0'),
(1796, 69, 68, 49, 0, 1, b'0', b'0', 11, b'0'),
(1797, 69, 39, 41, 0, 1, b'0', b'0', 12, b'0'),
(1798, 69, 60, 51, 0, 1, b'0', b'0', 13, b'0'),
(1799, 69, 111, 42, 0, 1, b'0', b'0', 14, b'0'),
(1800, 69, 39, 40, 0, 1, b'0', b'0', 15, b'0'),
(1801, 70, 65, 19, 1, 0, b'0', b'0', 1, b'0'),
(1802, 70, 126, 67, 0, 1, b'0', b'0', 2, b'0'),
(1803, 70, 124, 22, 0, 1, b'0', b'0', 3, b'0'),
(1804, 70, 120, 106, 1, 0, b'0', b'0', 4, b'0'),
(1805, 70, 89, 20, 0, 1, b'0', b'0', 5, b'0'),
(1806, 70, 65, 21, 1, 0, b'0', b'0', 6, b'0'),
(1807, 70, 126, 19, 0, 1, b'0', b'0', 7, b'0'),
(1808, 70, 124, 67, 0, 1, b'0', b'0', 8, b'0'),
(1809, 70, 120, 22, 0, 1, b'0', b'0', 9, b'0'),
(1810, 70, 89, 106, 1, 0, b'0', b'0', 10, b'0'),
(1811, 70, 65, 67, 0, 1, b'0', b'0', 11, b'0'),
(1812, 70, 126, 20, 0, 1, b'0', b'0', 12, b'0'),
(1813, 70, 124, 21, 1, 0, b'0', b'0', 13, b'0'),
(1814, 70, 120, 20, 0, 1, b'0', b'0', 14, b'0'),
(1815, 70, 89, 22, 0, 1, b'0', b'0', 15, b'0'),
(1816, 71, 80, 38, 1, 0, b'0', b'0', 1, b'0'),
(1817, 71, 87, 83, 0, 1, b'0', b'0', 2, b'0'),
(1818, 71, 81, 35, 1, 0, b'0', b'0', 3, b'0'),
(1819, 71, 78, 54, 1, 0, b'0', b'0', 4, b'0'),
(1820, 71, 77, 37, 1, 0, b'0', b'0', 5, b'0'),
(1821, 71, 80, 83, 1, 0, b'0', b'0', 6, b'0'),
(1822, 71, 87, 38, 1, 0, b'0', b'0', 7, b'0'),
(1823, 71, 81, 37, 1, 0, b'0', b'0', 8, b'0'),
(1824, 71, 78, 35, 1, 0, b'0', b'0', 9, b'0'),
(1825, 71, 77, 54, 1, 0, b'0', b'0', 10, b'0'),
(1826, 71, 78, 83, 0, 1, b'0', b'0', 11, b'0'),
(1827, 71, 81, 38, 0, 1, b'0', b'0', 12, b'0'),
(1828, 71, 80, 37, 1, 0, b'0', b'0', 13, b'0'),
(1829, 71, 87, 54, 1, 0, b'0', b'0', 14, b'0'),
(1830, 71, 77, 35, 0, 1, b'0', b'0', 15, b'0'),
(1831, 72, 102, 116, 1, 0, b'0', b'0', 1, b'0'),
(1832, 72, 10, 116, 0, 1, b'0', b'0', 2, b'0'),
(1833, 72, 128, 17, 1, 0, b'0', b'0', 3, b'0'),
(1834, 72, 102, 15, 0, 1, b'0', b'0', 4, b'0'),
(1835, 72, 103, 57, 1, 0, b'0', b'0', 5, b'0'),
(1836, 72, 128, 27, 1, 0, b'0', b'0', 6, b'0'),
(1837, 72, 10, 17, 0, 1, b'0', b'0', 7, b'0'),
(1838, 72, 114, 116, 0, 1, b'0', b'0', 8, b'0'),
(1839, 72, 128, 15, 1, 0, b'0', b'0', 9, b'0'),
(1840, 72, 103, 27, 0, 1, b'0', b'0', 10, b'0'),
(1841, 72, 114, 57, 1, 0, b'0', b'0', 11, b'0'),
(1842, 72, 10, 27, 0, 1, b'0', b'0', 12, b'0'),
(1843, 72, 102, 17, 1, 0, b'0', b'0', 13, b'0'),
(1844, 72, 114, 15, 0, 1, b'0', b'0', 14, b'0'),
(1845, 72, 0, 0, 1, 0, b'0', b'0', 15, b'0');

-- --------------------------------------------------------

--
-- Table structure for table `tblmatchfooter`
--

DROP TABLE IF EXISTS `tblmatchfooter`;
CREATE TABLE IF NOT EXISTS `tblmatchfooter` (
  `MatchFooterID` int DEFAULT NULL,
  `MatchNo` int DEFAULT NULL,
  `PenaltyHome` int DEFAULT NULL,
  `PenaltyAway` int DEFAULT NULL,
  `BonusHome` int DEFAULT NULL,
  `BonusAway` int DEFAULT NULL,
  `TotalHome` int DEFAULT NULL,
  `TotalAway` int DEFAULT NULL,
  `Penalty` bit(1) DEFAULT NULL,
  `CancelPenaltyAway` bit(1) DEFAULT NULL,
  `CancelPenalyHome` bit(1) DEFAULT NULL
) ENGINE=MyISAM DEFAULT CHARSET=utf8mb4 COLLATE=utf8mb4_unicode_ci;

--
-- Dumping data for table `tblmatchfooter`
--

INSERT INTO `tblmatchfooter` (`MatchFooterID`, `MatchNo`, `PenaltyHome`, `PenaltyAway`, `BonusHome`, `BonusAway`, `TotalHome`, `TotalAway`, `Penalty`, `CancelPenaltyAway`, `CancelPenalyHome`) VALUES
(60, 1, 0, 0, 0, 2, 7, 8, b'0', b'0', b'0'),
(61, 2, 0, 0, 0, 2, 6, 9, b'0', b'0', b'0'),
(62, 3, 0, 0, 2, 0, 8, 7, b'0', b'0', b'0'),
(63, 4, 0, 0, 2, 0, 9, 6, b'0', b'0', b'0'),
(64, 5, 0, 0, 2, 0, 10, 5, b'0', b'0', b'0'),
(65, 6, 0, 0, 0, 2, 7, 8, b'0', b'0', b'0'),
(66, 7, 0, 0, 2, 0, 11, 4, b'0', b'0', b'0'),
(67, 8, 0, 0, 0, 2, 0, 15, b'0', b'0', b'0'),
(68, 9, 0, 0, 0, 2, 4, 11, b'0', b'0', b'0'),
(69, 10, 0, 0, 2, 0, 8, 7, b'0', b'0', b'0'),
(70, 11, 0, 0, 0, 2, 2, 13, b'0', b'0', b'0'),
(71, 12, 0, 0, 0, 2, 4, 11, b'0', b'0', b'0'),
(72, 13, 0, 0, 0, 2, 6, 9, b'0', b'0', b'0'),
(73, 14, 0, 0, 2, 0, 10, 5, b'0', b'0', b'0'),
(74, 15, 0, 0, 2, 0, 8, 7, b'0', b'0', b'0'),
(75, 16, 0, 0, 0, 2, 7, 8, b'0', b'0', b'0'),
(76, 17, 0, 0, 0, 2, 7, 8, b'0', b'0', b'0'),
(77, 18, 0, 0, 2, 0, 14, 1, b'0', b'0', b'0'),
(78, 19, 0, 0, 2, 0, 9, 6, b'0', b'0', b'0'),
(79, 20, 0, 0, 0, 2, 7, 8, b'0', b'0', b'0'),
(80, 21, 0, 0, 0, 2, 2, 13, b'0', b'0', b'0'),
(81, 22, 0, 0, 2, 0, 9, 6, b'0', b'0', b'0'),
(82, 23, 0, 0, 0, 2, 7, 8, b'0', b'0', b'0'),
(83, 24, 0, 0, 0, 2, 5, 10, b'0', b'0', b'0'),
(84, 25, 0, 0, 2, 0, 13, 2, b'0', b'0', b'0'),
(85, 26, 0, 0, 2, 0, 14, 1, b'0', b'0', b'0'),
(86, 27, 0, 0, 2, 0, 9, 6, b'0', b'0', b'0'),
(87, 28, 0, 0, 2, 0, 9, 6, b'0', b'0', b'0'),
(88, 29, 0, 0, 0, 2, 5, 10, b'0', b'0', b'0'),
(89, 30, 0, 0, 0, 2, 2, 13, b'0', b'0', b'0'),
(90, 31, 0, 0, 0, 2, 5, 10, b'0', b'0', b'0'),
(91, 32, 0, 0, 0, 2, 4, 11, b'0', b'0', b'0'),
(92, 33, 0, 0, 0, 2, 7, 8, b'0', b'0', b'0'),
(93, 34, 0, 0, 2, 0, 12, 3, b'0', b'0', b'0'),
(94, 35, 0, 0, 2, 0, 10, 5, b'0', b'0', b'0'),
(95, 36, 0, 0, 2, 0, 9, 6, b'0', b'0', b'0'),
(96, 37, 0, 0, 2, 0, 15, 0, b'0', b'0', b'0'),
(97, 38, 0, 0, 2, 0, 9, 6, b'0', b'0', b'0'),
(98, 39, 0, 0, 2, 0, 11, 4, b'0', b'0', b'0'),
(99, 40, 0, 0, 0, 2, 5, 10, b'0', b'0', b'0'),
(100, 41, 0, 0, 0, 2, 6, 9, b'0', b'0', b'0'),
(101, 42, 0, 0, 2, 0, 11, 4, b'0', b'0', b'0'),
(102, 43, 0, 0, 0, 2, 6, 9, b'0', b'0', b'0'),
(103, 44, 0, 0, 2, 0, 9, 6, b'0', b'0', b'0'),
(104, 45, 0, 0, 2, 0, 11, 4, b'0', b'0', b'0'),
(105, 46, 0, 0, 0, 2, 6, 9, b'0', b'0', b'0'),
(106, 47, 0, 0, 0, 2, 2, 13, b'0', b'0', b'0'),
(107, 48, 0, 0, 2, 0, 8, 7, b'0', b'0', b'0'),
(108, 49, 0, 0, 2, 0, 12, 3, b'0', b'0', b'0'),
(109, 50, 0, 0, 2, 0, 12, 3, b'0', b'0', b'0'),
(110, 51, 0, 0, 2, 0, 10, 5, b'0', b'0', b'0'),
(111, 52, 0, 0, 2, 0, 10, 5, b'0', b'0', b'0'),
(112, 53, 0, 0, 2, 0, 12, 3, b'0', b'0', b'0'),
(113, 54, 0, 0, 2, 0, 8, 7, b'0', b'0', b'0'),
(114, 55, 0, 0, 2, 0, 9, 6, b'0', b'0', b'0'),
(115, 56, 0, 0, 0, 2, 1, 14, b'0', b'0', b'0'),
(116, 57, 0, 0, 2, 0, 8, 7, b'0', b'0', b'0'),
(117, 58, 0, 0, 2, 0, 8, 7, b'0', b'0', b'0'),
(118, 59, 0, 0, 0, 2, 6, 9, b'0', b'0', b'0'),
(119, 60, 0, 0, 0, 2, 5, 10, b'0', b'0', b'0'),
(120, 61, 0, 0, 2, 0, 15, 0, b'0', b'0', b'0'),
(121, 62, 0, 0, 2, 0, 12, 3, b'0', b'0', b'0'),
(122, 63, 0, 0, 0, 2, 4, 11, b'0', b'0', b'0'),
(123, 64, 0, 0, 2, 0, 12, 3, b'0', b'0', b'0'),
(124, 65, 0, 0, 0, 2, 6, 9, b'0', b'0', b'0'),
(125, 66, 0, 0, 2, 0, 8, 7, b'0', b'0', b'0'),
(126, 67, 0, 0, 2, 0, 12, 3, b'0', b'0', b'0'),
(127, 68, 0, 0, 0, 2, 4, 11, b'0', b'0', b'0'),
(128, 69, 0, 0, 0, 2, 5, 10, b'0', b'0', b'0'),
(129, 70, 0, 0, 0, 2, 5, 10, b'0', b'0', b'0'),
(130, 71, 0, 0, 2, 0, 11, 4, b'0', b'0', b'0'),
(131, 72, 0, 0, 2, 0, 8, 7, b'0', b'0', b'0');

-- --------------------------------------------------------

--
-- Table structure for table `tblmatchheader`
--

DROP TABLE IF EXISTS `tblmatchheader`;
CREATE TABLE IF NOT EXISTS `tblmatchheader` (
  `MatchHeaderID` int DEFAULT NULL,
  `MatchNo` int DEFAULT NULL,
  `WeekNo` int DEFAULT NULL,
  `Division` int DEFAULT NULL,
  `TeamHome` int DEFAULT NULL,
  `TeamAway` int DEFAULT NULL,
  `Locked` bit(1) DEFAULT NULL
) ENGINE=MyISAM DEFAULT CHARSET=utf8mb4 COLLATE=utf8mb4_unicode_ci;

--
-- Dumping data for table `tblmatchheader`
--

INSERT INTO `tblmatchheader` (`MatchHeaderID`, `MatchNo`, `WeekNo`, `Division`, `TeamHome`, `TeamAway`, `Locked`) VALUES
(60, 1, 1, 1, 7, 10, b'0'),
(61, 2, 1, 1, 9, 8, b'0'),
(62, 3, 1, 1, 5, 12, b'0'),
(63, 4, 1, 1, 13, 4, b'0'),
(64, 5, 1, 1, 1, 2, b'0'),
(65, 6, 1, 1, 11, 6, b'0'),
(66, 7, 2, 1, 10, 5, b'0'),
(67, 8, 2, 1, 2, 13, b'0'),
(68, 9, 2, 1, 4, 11, b'0'),
(69, 10, 2, 1, 8, 7, b'0'),
(70, 11, 2, 1, 6, 9, b'0'),
(71, 12, 2, 1, 12, 3, b'0'),
(72, 13, 3, 1, 3, 10, b'0'),
(73, 14, 3, 1, 7, 6, b'0'),
(74, 15, 3, 1, 9, 4, b'0'),
(75, 16, 3, 1, 1, 13, b'0'),
(76, 17, 3, 1, 5, 8, b'0'),
(77, 18, 3, 1, 11, 2, b'0'),
(78, 19, 4, 1, 8, 3, b'0'),
(79, 20, 4, 1, 4, 7, b'0'),
(80, 21, 4, 1, 2, 9, b'0'),
(81, 22, 4, 1, 13, 11, b'0'),
(82, 23, 4, 1, 12, 1, b'0'),
(83, 24, 4, 1, 6, 5, b'0'),
(84, 25, 5, 1, 5, 4, b'0'),
(85, 26, 5, 1, 7, 2, b'0'),
(86, 27, 5, 1, 3, 6, b'0'),
(87, 28, 5, 1, 1, 11, b'0'),
(88, 29, 5, 1, 9, 13, b'0'),
(89, 30, 5, 1, 12, 10, b'0'),
(90, 31, 6, 1, 2, 5, b'0'),
(91, 32, 6, 1, 4, 3, b'0'),
(92, 33, 6, 1, 11, 9, b'0'),
(93, 34, 6, 1, 8, 12, b'0'),
(94, 35, 6, 1, 13, 7, b'0'),
(95, 36, 6, 1, 10, 1, b'0'),
(96, 37, 7, 1, 3, 2, b'0'),
(97, 38, 7, 1, 7, 11, b'0'),
(98, 39, 7, 1, 12, 6, b'0'),
(99, 40, 7, 1, 5, 13, b'0'),
(100, 41, 7, 1, 1, 9, b'0'),
(101, 42, 7, 1, 10, 8, b'0'),
(102, 43, 8, 1, 13, 3, b'0'),
(103, 44, 8, 1, 11, 5, b'0'),
(104, 45, 8, 1, 8, 1, b'0'),
(105, 46, 8, 1, 9, 7, b'0'),
(106, 47, 8, 1, 6, 10, b'0'),
(107, 48, 8, 1, 4, 12, b'0'),
(108, 49, 9, 1, 10, 4, b'0'),
(109, 50, 9, 1, 3, 11, b'0'),
(110, 51, 9, 1, 8, 6, b'0'),
(111, 52, 9, 1, 1, 7, b'0'),
(112, 53, 9, 1, 12, 2, b'0'),
(113, 54, 9, 1, 5, 9, b'0'),
(114, 55, 10, 1, 7, 5, b'0'),
(115, 56, 10, 1, 2, 10, b'0'),
(116, 57, 10, 1, 9, 3, b'0'),
(117, 58, 10, 1, 6, 1, b'0'),
(118, 59, 10, 1, 13, 12, b'0'),
(119, 60, 10, 1, 4, 8, b'0'),
(120, 61, 11, 1, 8, 2, b'0'),
(121, 62, 11, 1, 3, 7, b'0'),
(122, 63, 11, 1, 12, 11, b'0'),
(123, 64, 11, 1, 10, 13, b'0'),
(124, 65, 11, 1, 1, 5, b'0'),
(125, 66, 11, 1, 6, 4, b'0'),
(126, 67, 12, 1, 9, 12, b'0'),
(127, 68, 12, 1, 11, 10, b'0'),
(128, 69, 12, 1, 13, 8, b'0'),
(129, 70, 12, 1, 4, 1, b'0'),
(130, 71, 12, 1, 5, 3, b'0'),
(131, 72, 12, 1, 2, 6, b'0');

-- --------------------------------------------------------

--
-- Table structure for table `tblplayerresult`
--

DROP TABLE IF EXISTS `tblplayerresult`;
CREATE TABLE IF NOT EXISTS `tblplayerresult` (
  `PlayerResultID` int DEFAULT NULL,
  `MatchNo` int DEFAULT NULL,
  `FrameNo` int DEFAULT NULL,
  `PlayerID` int DEFAULT NULL,
  `Played` int DEFAULT NULL,
  `Result` bit(1) DEFAULT NULL,
  `EightBall` bit(1) DEFAULT NULL,
  `OppRating` int DEFAULT NULL,
  `PlayerRating` int DEFAULT NULL,
  `WeekNo` int DEFAULT NULL
) ENGINE=MyISAM DEFAULT CHARSET=utf8mb4 COLLATE=utf8mb4_unicode_ci;

--
-- Dumping data for table `tblplayerresult`
--

INSERT INTO `tblplayerresult` (`PlayerResultID`, `MatchNo`, `FrameNo`, `PlayerID`, `Played`, `Result`, `EightBall`, `OppRating`, `PlayerRating`, `WeekNo`) VALUES
(1, 1, 1, 93, 43, b'1', b'0', 1000, 1250, 1),
(2, 1, 1, 43, 93, b'0', b'0', 1000, 750, 1),
(3, 1, 2, 95, 44, b'0', b'0', 1000, 750, 1),
(4, 1, 2, 44, 95, b'1', b'1', 1000, 1350, 1),
(5, 1, 3, 75, 45, b'0', b'0', 1000, 750, 1),
(6, 1, 3, 45, 75, b'1', b'0', 1000, 1250, 1),
(7, 1, 4, 96, 99, b'0', b'0', 1000, 750, 1),
(8, 1, 4, 99, 96, b'1', b'0', 1000, 1250, 1),
(9, 1, 5, 97, 59, b'1', b'0', 1000, 1250, 1),
(10, 1, 5, 59, 97, b'0', b'0', 1000, 750, 1),
(11, 1, 6, 98, 43, b'1', b'0', 1000, 1250, 1),
(12, 1, 6, 43, 98, b'0', b'0', 1000, 750, 1),
(13, 1, 7, 53, 44, b'0', b'0', 1000, 750, 1),
(14, 1, 7, 44, 53, b'1', b'0', 1000, 1250, 1),
(15, 1, 8, 93, 45, b'1', b'0', 1000, 1250, 1),
(16, 1, 8, 45, 93, b'0', b'0', 1000, 750, 1),
(17, 1, 9, 95, 59, b'0', b'0', 1000, 750, 1),
(18, 1, 9, 59, 95, b'1', b'0', 1000, 1250, 1),
(19, 1, 10, 97, 99, b'1', b'0', 1000, 1250, 1),
(20, 1, 10, 99, 97, b'0', b'0', 1000, 750, 1),
(21, 1, 11, 75, 44, b'0', b'0', 1000, 750, 1),
(22, 1, 11, 44, 75, b'1', b'0', 1000, 1250, 1),
(23, 1, 12, 98, 99, b'0', b'0', 1000, 750, 1),
(24, 1, 12, 99, 98, b'1', b'0', 1000, 1250, 1),
(25, 1, 13, 53, 45, b'0', b'0', 1000, 750, 1),
(26, 1, 13, 45, 53, b'1', b'1', 1000, 1350, 1),
(27, 1, 14, 93, 59, b'1', b'0', 1000, 1250, 1),
(28, 1, 14, 59, 93, b'0', b'0', 1000, 750, 1),
(29, 1, 15, 97, 43, b'1', b'0', 1000, 1250, 1),
(30, 1, 15, 43, 97, b'0', b'0', 1000, 750, 1),
(31, 2, 6, 31, 42, b'0', b'0', 1000, 750, 1),
(32, 2, 6, 42, 31, b'1', b'0', 1000, 1250, 1),
(33, 2, 7, 11, 51, b'1', b'0', 1000, 1250, 1),
(34, 2, 7, 51, 11, b'0', b'0', 1000, 750, 1),
(35, 2, 8, 13, 100, b'1', b'0', 1000, 1250, 1),
(36, 2, 8, 100, 13, b'0', b'0', 1000, 750, 1),
(37, 2, 9, 33, 49, b'0', b'0', 1000, 750, 1),
(38, 2, 9, 49, 33, b'1', b'0', 1000, 1250, 1),
(39, 2, 10, 101, 100, b'1', b'0', 1000, 1250, 1),
(40, 2, 10, 100, 101, b'0', b'0', 1000, 750, 1),
(41, 2, 11, 13, 40, b'0', b'0', 1000, 750, 1),
(42, 2, 11, 40, 13, b'1', b'0', 1000, 1250, 1),
(43, 2, 12, 11, 42, b'1', b'0', 1000, 1250, 1),
(44, 2, 12, 42, 11, b'0', b'0', 1000, 750, 1),
(45, 2, 13, 31, 49, b'1', b'0', 1000, 1250, 1),
(46, 2, 13, 49, 31, b'0', b'0', 1000, 750, 1),
(47, 2, 14, 33, 40, b'0', b'0', 1000, 750, 1),
(48, 2, 14, 40, 33, b'1', b'0', 1000, 1250, 1),
(49, 2, 15, 101, 51, b'0', b'0', 1000, 750, 1),
(50, 2, 15, 51, 101, b'1', b'0', 1000, 1250, 1),
(51, 2, 1, 31, 51, b'0', b'0', 1000, 750, 1),
(52, 2, 1, 51, 31, b'1', b'1', 1000, 1350, 1),
(53, 2, 2, 11, 49, b'0', b'0', 1000, 750, 1),
(54, 2, 2, 49, 11, b'1', b'0', 1000, 1250, 1),
(55, 2, 3, 13, 42, b'0', b'0', 1000, 750, 1),
(56, 2, 3, 42, 13, b'1', b'0', 1000, 1250, 1),
(57, 2, 4, 33, 100, b'0', b'0', 1000, 750, 1),
(58, 2, 4, 100, 33, b'1', b'0', 1000, 1250, 1),
(59, 2, 5, 101, 40, b'1', b'0', 1000, 1250, 1),
(60, 2, 5, 40, 101, b'0', b'0', 1000, 750, 1),
(61, 3, 1, 90, 2, b'0', b'0', 1000, 750, 1),
(62, 3, 1, 2, 90, b'1', b'0', 1000, 1250, 1),
(63, 3, 2, 85, 5, b'0', b'0', 1000, 750, 1),
(64, 3, 2, 5, 85, b'1', b'0', 1000, 1250, 1),
(65, 3, 3, 86, 63, b'1', b'0', 1000, 1250, 1),
(66, 3, 3, 63, 86, b'0', b'0', 1000, 750, 1),
(67, 3, 4, 87, 4, b'0', b'0', 1000, 750, 1),
(68, 3, 4, 4, 87, b'1', b'0', 1000, 1250, 1),
(69, 3, 5, 90, 3, b'1', b'0', 1000, 1250, 1),
(70, 3, 5, 3, 90, b'0', b'0', 1000, 750, 1),
(71, 3, 6, 85, 2, b'1', b'0', 1000, 1250, 1),
(72, 3, 6, 2, 85, b'0', b'0', 1000, 750, 1),
(73, 3, 7, 78, 5, b'1', b'0', 1000, 1250, 1),
(74, 3, 7, 5, 78, b'0', b'0', 1000, 750, 1),
(75, 3, 8, 81, 63, b'0', b'0', 1000, 750, 1),
(76, 3, 8, 63, 81, b'1', b'0', 1000, 1250, 1),
(77, 3, 9, 77, 4, b'0', b'0', 1000, 750, 1),
(78, 3, 9, 4, 77, b'1', b'0', 1000, 1250, 1),
(79, 3, 10, 86, 3, b'1', b'0', 1000, 1250, 1),
(80, 3, 10, 3, 86, b'0', b'0', 1000, 750, 1),
(81, 3, 11, 78, 63, b'0', b'0', 1000, 750, 1),
(82, 3, 11, 63, 78, b'1', b'0', 1000, 1250, 1),
(83, 3, 12, 87, 5, b'0', b'0', 1000, 750, 1),
(84, 3, 12, 5, 87, b'1', b'0', 1000, 1250, 1),
(85, 3, 13, 81, 4, b'1', b'0', 1000, 1250, 1),
(86, 3, 13, 4, 81, b'0', b'0', 1000, 750, 1),
(87, 3, 14, 77, 3, b'1', b'0', 1000, 1250, 1),
(88, 3, 14, 3, 77, b'0', b'0', 1000, 750, 1),
(89, 3, 15, 86, 2, b'1', b'0', 1000, 1250, 1),
(90, 3, 15, 2, 86, b'0', b'0', 1000, 750, 1),
(91, 4, 1, 39, 89, b'0', b'0', 1000, 750, 1),
(92, 4, 1, 89, 39, b'1', b'0', 1000, 1250, 1),
(93, 4, 2, 72, 65, b'0', b'0', 1000, 750, 1),
(94, 4, 2, 65, 72, b'1', b'0', 1000, 1250, 1),
(95, 4, 3, 46, 23, b'1', b'0', 1000, 1250, 1),
(96, 4, 3, 23, 46, b'0', b'0', 1000, 750, 1),
(97, 4, 4, 60, 66, b'1', b'0', 1000, 1250, 1),
(98, 4, 4, 66, 60, b'0', b'0', 1000, 750, 1),
(99, 4, 5, 73, 24, b'1', b'0', 1000, 1250, 1),
(100, 4, 5, 24, 73, b'0', b'0', 1000, 750, 1),
(101, 4, 6, 46, 89, b'0', b'0', 1000, 750, 1),
(102, 4, 6, 89, 46, b'1', b'0', 1000, 1250, 1),
(103, 4, 7, 39, 66, b'0', b'0', 1000, 750, 1),
(104, 4, 7, 66, 39, b'1', b'0', 1000, 1250, 1),
(105, 4, 8, 72, 24, b'1', b'0', 1000, 1250, 1),
(106, 4, 8, 24, 72, b'0', b'0', 1000, 750, 1),
(107, 4, 9, 46, 65, b'0', b'0', 1000, 750, 1),
(108, 4, 9, 65, 46, b'1', b'0', 1000, 1250, 1),
(109, 4, 10, 60, 23, b'1', b'0', 1000, 1250, 1),
(110, 4, 10, 23, 60, b'0', b'0', 1000, 750, 1),
(111, 4, 11, 73, 89, b'0', b'0', 1000, 750, 1),
(112, 4, 11, 89, 73, b'1', b'0', 1000, 1250, 1),
(113, 4, 12, 72, 66, b'1', b'0', 1000, 1250, 1),
(114, 4, 12, 66, 72, b'0', b'0', 1000, 750, 1),
(115, 4, 13, 60, 65, b'1', b'0', 1000, 1250, 1),
(116, 4, 13, 65, 60, b'0', b'0', 1000, 750, 1),
(117, 4, 14, 39, 24, b'1', b'0', 1000, 1250, 1),
(118, 4, 14, 24, 39, b'0', b'0', 1000, 750, 1),
(119, 4, 15, 73, 23, b'1', b'0', 1000, 1250, 1),
(120, 4, 15, 23, 73, b'0', b'0', 1000, 750, 1),
(121, 5, 1, 19, 102, b'0', b'0', 1000, 750, 1),
(122, 5, 1, 102, 19, b'1', b'0', 1000, 1250, 1),
(123, 5, 2, 67, 103, b'1', b'0', 1000, 1250, 1),
(124, 5, 2, 103, 67, b'0', b'0', 1000, 750, 1),
(125, 5, 3, 22, 10, b'0', b'0', 1000, 750, 1),
(126, 5, 3, 10, 22, b'1', b'0', 1000, 1250, 1),
(127, 5, 4, 20, 102, b'1', b'0', 1000, 1250, 1),
(128, 5, 4, 102, 20, b'0', b'0', 1000, 750, 1),
(129, 5, 5, 106, 104, b'0', b'0', 1000, 750, 1),
(130, 5, 5, 104, 106, b'1', b'0', 1000, 1250, 1),
(131, 5, 6, 21, 105, b'0', b'0', 1000, 750, 1),
(132, 5, 6, 105, 21, b'1', b'0', 1000, 1250, 1),
(133, 5, 7, 19, 10, b'1', b'0', 1000, 1250, 1),
(134, 5, 7, 10, 19, b'0', b'0', 1000, 750, 1),
(135, 5, 8, 67, 105, b'1', b'0', 1000, 1250, 1),
(136, 5, 8, 105, 67, b'0', b'0', 1000, 750, 1),
(137, 5, 9, 22, 102, b'1', b'0', 1000, 1250, 1),
(138, 5, 9, 102, 22, b'0', b'0', 1000, 750, 1),
(139, 5, 10, 20, 104, b'1', b'0', 1000, 1250, 1),
(140, 5, 10, 104, 20, b'0', b'0', 1000, 750, 1),
(141, 5, 11, 67, 10, b'1', b'0', 1000, 1250, 1),
(142, 5, 11, 10, 67, b'0', b'0', 1000, 750, 1),
(143, 5, 12, 21, 103, b'1', b'0', 1000, 1250, 1),
(144, 5, 12, 103, 21, b'0', b'0', 1000, 750, 1),
(145, 5, 13, 106, 105, b'0', b'0', 1000, 750, 1),
(146, 5, 13, 105, 106, b'1', b'0', 1000, 1250, 1),
(147, 5, 14, 20, 103, b'1', b'0', 1000, 1250, 1),
(148, 5, 14, 103, 20, b'0', b'0', 1000, 750, 1),
(149, 5, 15, 19, 104, b'1', b'0', 1000, 1250, 1),
(150, 5, 15, 104, 19, b'0', b'0', 1000, 750, 1),
(151, 6, 1, 28, 15, b'0', b'0', 1000, 750, 1),
(152, 6, 1, 15, 28, b'1', b'0', 1000, 1250, 1),
(153, 6, 2, 9, 14, b'0', b'0', 1000, 750, 1),
(154, 6, 2, 14, 9, b'1', b'0', 1000, 1250, 1),
(155, 6, 3, 7, 32, b'0', b'0', 1000, 750, 1),
(156, 6, 3, 32, 7, b'1', b'0', 1000, 1250, 1),
(157, 6, 4, 61, 27, b'0', b'0', 1000, 750, 1),
(158, 6, 4, 27, 61, b'1', b'0', 1000, 1250, 1),
(159, 6, 5, 28, 16, b'1', b'0', 1000, 1250, 1),
(160, 6, 5, 16, 28, b'0', b'0', 1000, 750, 1),
(161, 6, 6, 6, 27, b'0', b'0', 1000, 750, 1),
(162, 6, 6, 27, 6, b'1', b'0', 1000, 1250, 1),
(163, 6, 7, 9, 15, b'1', b'0', 1000, 1250, 1),
(164, 6, 7, 15, 9, b'0', b'0', 1000, 750, 1),
(165, 6, 8, 7, 16, b'0', b'0', 1000, 750, 1),
(166, 6, 8, 16, 7, b'1', b'0', 1000, 1250, 1),
(167, 6, 9, 28, 14, b'1', b'0', 1000, 1250, 1),
(168, 6, 9, 14, 28, b'0', b'0', 1000, 750, 1),
(169, 6, 10, 61, 32, b'1', b'0', 1000, 1250, 1),
(170, 6, 10, 32, 61, b'0', b'0', 1000, 750, 1),
(171, 6, 11, 6, 16, b'0', b'0', 1000, 750, 1),
(172, 6, 11, 16, 6, b'1', b'0', 1000, 1250, 1),
(173, 6, 12, 7, 27, b'1', b'0', 1000, 1250, 1),
(174, 6, 12, 27, 7, b'0', b'0', 1000, 750, 1),
(175, 6, 13, 61, 15, b'1', b'0', 1000, 1250, 1),
(176, 6, 13, 15, 61, b'0', b'0', 1000, 750, 1),
(177, 6, 14, 9, 32, b'0', b'0', 1000, 750, 1),
(178, 6, 14, 32, 9, b'1', b'0', 1000, 1250, 1),
(179, 6, 15, 6, 14, b'1', b'0', 1000, 1250, 1),
(180, 6, 15, 14, 6, b'0', b'0', 1000, 750, 1),
(181, 7, 1, 43, 78, b'0', b'0', 1016, 762, 2),
(182, 7, 1, 78, 43, b'1', b'0', 764, 955, 2),
(183, 7, 2, 58, 85, b'0', b'0', 1021, 766, 2),
(184, 7, 2, 85, 58, b'1', b'0', 1000, 1250, 2),
(185, 7, 3, 44, 81, b'0', b'0', 1021, 766, 2),
(186, 7, 3, 81, 44, b'1', b'0', 1306, 1632, 2),
(187, 7, 4, 99, 78, b'1', b'0', 1016, 1270, 2),
(188, 7, 4, 78, 99, b'0', b'0', 1103, 827, 2),
(189, 7, 5, 59, 87, b'1', b'0', 764, 955, 2),
(190, 7, 5, 87, 59, b'0', b'0', 934, 700, 2),
(191, 7, 6, 43, 77, b'1', b'0', 1021, 1276, 2),
(192, 7, 6, 77, 43, b'0', b'0', 764, 573, 2),
(193, 7, 7, 58, 80, b'0', b'0', 1000, 750, 2),
(194, 7, 7, 80, 58, b'1', b'0', 1000, 1250, 2),
(195, 7, 8, 44, 85, b'1', b'0', 1021, 1276, 2),
(196, 7, 8, 85, 44, b'0', b'0', 1306, 980, 2),
(197, 7, 9, 99, 81, b'1', b'0', 1021, 1276, 2),
(198, 7, 9, 81, 99, b'0', b'0', 1103, 827, 2),
(199, 7, 10, 59, 78, b'1', b'1', 1016, 1372, 2),
(200, 7, 10, 78, 59, b'0', b'0', 934, 700, 2),
(201, 7, 11, 43, 87, b'1', b'0', 764, 955, 2),
(202, 7, 11, 87, 43, b'0', b'0', 764, 573, 2),
(203, 7, 12, 58, 78, b'1', b'0', 1016, 1270, 2),
(204, 7, 12, 78, 58, b'0', b'0', 1000, 750, 2),
(205, 7, 13, 44, 80, b'1', b'0', 1000, 1250, 2),
(206, 7, 13, 80, 44, b'0', b'0', 1306, 980, 2),
(207, 7, 14, 99, 77, b'1', b'0', 1021, 1276, 2),
(208, 7, 14, 77, 99, b'0', b'0', 1103, 827, 2),
(209, 7, 15, 59, 81, b'1', b'0', 1021, 1276, 2),
(210, 7, 15, 81, 59, b'0', b'0', 934, 700, 2),
(211, 8, 1, 102, 39, b'0', b'0', 937, 703, 2),
(212, 8, 1, 39, 102, b'1', b'0', 931, 1164, 2),
(213, 8, 2, 102, 46, b'0', b'0', 931, 698, 2),
(214, 8, 2, 46, 102, b'1', b'0', 931, 1164, 2),
(215, 8, 3, 103, 72, b'0', b'0', 1106, 830, 2),
(216, 8, 3, 72, 103, b'1', b'0', 764, 955, 2),
(217, 8, 4, 10, 60, b'0', b'0', 1273, 955, 2),
(218, 8, 4, 60, 10, b'1', b'0', 931, 1164, 2),
(219, 8, 5, 102, 72, b'0', b'0', 1106, 830, 2),
(220, 8, 5, 72, 102, b'1', b'0', 931, 1164, 2),
(221, 8, 6, 10, 68, b'0', b'0', 1000, 750, 2),
(222, 8, 6, 68, 10, b'1', b'0', 931, 1164, 2),
(223, 8, 7, 103, 46, b'0', b'0', 931, 698, 2),
(224, 8, 7, 46, 103, b'1', b'0', 764, 955, 2),
(225, 8, 8, 107, 46, b'0', b'0', 931, 698, 2),
(226, 8, 8, 46, 107, b'1', b'0', 1000, 1250, 2),
(227, 8, 9, 107, 72, b'0', b'0', 1106, 830, 2),
(228, 8, 9, 72, 107, b'1', b'0', 1000, 1250, 2),
(229, 8, 10, 10, 39, b'0', b'0', 937, 703, 2),
(230, 8, 10, 39, 10, b'1', b'0', 931, 1164, 2),
(231, 8, 11, 103, 60, b'0', b'0', 1273, 955, 2),
(232, 8, 11, 60, 103, b'1', b'0', 764, 955, 2),
(233, 8, 12, 107, 68, b'0', b'0', 1000, 750, 2),
(234, 8, 12, 68, 107, b'1', b'0', 1000, 1250, 2),
(235, 8, 13, 0, 0, b'0', b'0', 1000, 750, 2),
(236, 8, 13, 0, 0, b'1', b'0', 1000, 1250, 2),
(237, 8, 14, 0, 0, b'0', b'0', 1000, 750, 2),
(238, 8, 14, 0, 0, b'1', b'0', 1000, 1250, 2),
(239, 8, 15, 0, 0, b'0', b'0', 1000, 750, 2),
(240, 8, 15, 0, 0, b'1', b'0', 1000, 1250, 2),
(241, 9, 1, 89, 9, b'0', b'0', 934, 700, 2),
(242, 9, 1, 9, 89, b'1', b'0', 1273, 1591, 2),
(243, 9, 2, 65, 7, b'0', b'0', 937, 703, 2),
(244, 9, 2, 7, 65, b'1', b'0', 1100, 1375, 2),
(245, 9, 3, 23, 28, b'0', b'0', 1106, 830, 2),
(246, 9, 3, 28, 23, b'1', b'0', 764, 955, 2),
(247, 9, 4, 66, 6, b'0', b'0', 937, 703, 2),
(248, 9, 4, 6, 66, b'1', b'0', 934, 1168, 2),
(249, 9, 5, 26, 61, b'1', b'0', 1106, 1382, 2),
(250, 9, 5, 61, 26, b'0', b'0', 1000, 750, 2),
(251, 9, 6, 34, 7, b'0', b'0', 937, 703, 2),
(252, 9, 6, 7, 34, b'1', b'0', 1000, 1250, 2),
(253, 9, 7, 65, 28, b'1', b'0', 1106, 1382, 2),
(254, 9, 7, 28, 65, b'0', b'0', 1100, 825, 2),
(255, 9, 8, 23, 9, b'1', b'0', 934, 1168, 2),
(256, 9, 8, 9, 23, b'0', b'0', 764, 573, 2),
(257, 9, 9, 66, 61, b'0', b'0', 1106, 830, 2),
(258, 9, 9, 61, 66, b'1', b'0', 934, 1168, 2),
(259, 9, 10, 89, 6, b'0', b'0', 937, 703, 2),
(260, 9, 10, 6, 89, b'1', b'0', 1273, 1591, 2),
(261, 9, 11, 26, 28, b'0', b'0', 1106, 830, 2),
(262, 9, 11, 28, 26, b'1', b'0', 1000, 1250, 2),
(263, 9, 12, 65, 61, b'0', b'0', 1106, 830, 2),
(264, 9, 12, 61, 65, b'1', b'0', 1100, 1375, 2),
(265, 9, 13, 34, 9, b'0', b'0', 934, 700, 2),
(266, 9, 13, 9, 34, b'1', b'0', 1000, 1250, 2),
(267, 9, 14, 89, 7, b'1', b'0', 937, 1171, 2),
(268, 9, 14, 7, 89, b'0', b'0', 1273, 955, 2),
(269, 9, 15, 23, 6, b'0', b'0', 937, 703, 2),
(270, 9, 15, 6, 23, b'1', b'0', 764, 955, 2),
(271, 10, 1, 49, 93, b'0', b'0', 1273, 955, 2),
(272, 10, 1, 93, 49, b'1', b'0', 1103, 1379, 2),
(273, 10, 2, 42, 95, b'1', b'0', 764, 955, 2),
(274, 10, 2, 95, 42, b'0', b'0', 1103, 827, 2),
(275, 10, 3, 41, 97, b'1', b'0', 1273, 1591, 2),
(276, 10, 3, 97, 41, b'0', b'0', 1000, 750, 2),
(277, 10, 4, 51, 108, b'0', b'0', 1000, 750, 2),
(278, 10, 4, 108, 51, b'1', b'0', 1141, 1426, 2),
(279, 10, 5, 40, 53, b'1', b'0', 764, 955, 2),
(280, 10, 5, 53, 40, b'0', b'0', 1100, 825, 2),
(281, 10, 6, 49, 95, b'0', b'0', 764, 573, 2),
(282, 10, 6, 95, 49, b'1', b'0', 1103, 1379, 2),
(283, 10, 7, 42, 93, b'0', b'0', 1273, 955, 2),
(284, 10, 7, 93, 42, b'1', b'0', 1103, 1379, 2),
(285, 10, 8, 41, 108, b'1', b'0', 1000, 1250, 2),
(286, 10, 8, 108, 41, b'0', b'0', 1000, 750, 2),
(287, 10, 9, 51, 53, b'1', b'0', 764, 955, 2),
(288, 10, 9, 53, 51, b'0', b'0', 1141, 856, 2),
(289, 10, 10, 40, 97, b'0', b'0', 1273, 955, 2),
(290, 10, 10, 97, 40, b'1', b'0', 1100, 1375, 2),
(291, 10, 11, 49, 97, b'1', b'0', 1273, 1591, 2),
(292, 10, 11, 97, 49, b'0', b'0', 1103, 827, 2),
(293, 10, 12, 42, 53, b'0', b'0', 764, 573, 2),
(294, 10, 12, 53, 42, b'1', b'0', 1103, 1379, 2),
(295, 10, 13, 41, 93, b'0', b'0', 1273, 955, 2),
(296, 10, 13, 93, 41, b'1', b'0', 1000, 1250, 2),
(297, 10, 14, 51, 95, b'1', b'0', 764, 955, 2),
(298, 10, 14, 95, 51, b'0', b'0', 1141, 856, 2),
(299, 10, 15, 40, 108, b'1', b'0', 1000, 1250, 2),
(300, 10, 15, 108, 40, b'0', b'0', 1100, 825, 2),
(301, 11, 1, 14, 29, b'0', b'0', 1000, 750, 2),
(302, 11, 1, 29, 14, b'1', b'0', 931, 1164, 2),
(303, 11, 2, 18, 11, b'0', b'0', 1100, 825, 2),
(304, 11, 2, 11, 18, b'1', b'0', 1000, 1250, 2),
(305, 11, 3, 15, 29, b'0', b'0', 1000, 750, 2),
(306, 11, 3, 29, 15, b'1', b'0', 931, 1164, 2),
(307, 11, 4, 17, 12, b'0', b'0', 1000, 750, 2),
(308, 11, 4, 12, 17, b'1', b'0', 1000, 1250, 2),
(309, 11, 5, 27, 30, b'0', b'0', 1000, 750, 2),
(310, 11, 5, 30, 27, b'1', b'0', 1100, 1375, 2),
(311, 11, 6, 16, 31, b'0', b'0', 934, 700, 2),
(312, 11, 6, 31, 16, b'1', b'0', 1106, 1382, 2),
(313, 11, 7, 14, 13, b'0', b'0', 931, 698, 2),
(314, 11, 7, 13, 14, b'1', b'0', 931, 1164, 2),
(315, 11, 8, 18, 101, b'0', b'0', 1103, 827, 2),
(316, 11, 8, 101, 18, b'1', b'0', 1000, 1250, 2),
(317, 11, 9, 15, 11, b'0', b'0', 1100, 825, 2),
(318, 11, 9, 11, 15, b'1', b'0', 931, 1164, 2),
(319, 11, 10, 17, 30, b'1', b'0', 1000, 1250, 2),
(320, 11, 10, 30, 17, b'0', b'0', 1000, 750, 2),
(321, 11, 11, 27, 12, b'1', b'0', 1000, 1250, 2),
(322, 11, 11, 12, 27, b'0', b'0', 1100, 825, 2),
(323, 11, 12, 16, 101, b'0', b'0', 1103, 827, 2),
(324, 11, 12, 101, 16, b'1', b'0', 1106, 1382, 2),
(325, 11, 13, 17, 31, b'0', b'0', 934, 700, 2),
(326, 11, 13, 31, 17, b'1', b'0', 1000, 1250, 2),
(327, 11, 14, 18, 13, b'0', b'0', 931, 698, 2),
(328, 11, 14, 13, 18, b'1', b'0', 1000, 1250, 2),
(329, 11, 15, 14, 11, b'0', b'0', 1100, 825, 2),
(330, 11, 15, 11, 14, b'1', b'0', 931, 1164, 2),
(331, 12, 1, 2, 83, b'0', b'0', 1000, 750, 2),
(332, 12, 1, 83, 2, b'1', b'0', 931, 1164, 2),
(333, 12, 2, 1, 62, b'1', b'0', 1000, 1250, 2),
(334, 12, 2, 62, 1, b'0', b'0', 1000, 750, 2),
(335, 12, 3, 63, 38, b'0', b'0', 1000, 750, 2),
(336, 12, 3, 38, 63, b'1', b'0', 1106, 1382, 2),
(337, 12, 4, 4, 35, b'0', b'0', 1000, 750, 2),
(338, 12, 4, 35, 4, b'1', b'0', 1100, 1375, 2),
(339, 12, 5, 3, 48, b'1', b'0', 1000, 1250, 2),
(340, 12, 5, 48, 3, b'0', b'0', 764, 573, 2),
(341, 12, 6, 2, 88, b'0', b'0', 1000, 750, 2),
(342, 12, 6, 88, 2, b'1', b'0', 931, 1164, 2),
(343, 12, 7, 1, 54, b'0', b'0', 1000, 750, 2),
(344, 12, 7, 54, 1, b'1', b'0', 1000, 1250, 2),
(345, 12, 8, 63, 83, b'1', b'0', 1000, 1250, 2),
(346, 12, 8, 83, 63, b'0', b'0', 1106, 830, 2),
(347, 12, 9, 4, 62, b'0', b'0', 1000, 750, 2),
(348, 12, 9, 62, 4, b'1', b'0', 1100, 1375, 2),
(349, 12, 10, 3, 38, b'0', b'0', 1000, 750, 2),
(350, 12, 10, 38, 3, b'1', b'0', 764, 955, 2),
(351, 12, 11, 2, 35, b'0', b'0', 1000, 750, 2),
(352, 12, 11, 35, 2, b'1', b'0', 931, 1164, 2),
(353, 12, 12, 1, 48, b'1', b'0', 1000, 1250, 2),
(354, 12, 12, 48, 1, b'0', b'0', 1000, 750, 2),
(355, 12, 13, 63, 88, b'0', b'0', 1000, 750, 2),
(356, 12, 13, 88, 63, b'1', b'0', 1106, 1382, 2),
(357, 12, 14, 4, 54, b'0', b'0', 1000, 750, 2),
(358, 12, 14, 54, 4, b'1', b'0', 1100, 1375, 2),
(359, 12, 15, 3, 37, b'0', b'0', 1000, 750, 2),
(360, 12, 15, 37, 3, b'1', b'0', 764, 955, 2),
(361, 13, 1, 38, 43, b'0', b'0', 964, 723, 3),
(362, 13, 1, 43, 38, b'1', b'0', 1188, 1485, 3),
(363, 13, 2, 83, 45, b'0', b'0', 999, 749, 3),
(364, 13, 2, 45, 83, b'1', b'0', 1014, 1268, 3),
(365, 13, 3, 48, 47, b'0', b'0', 1000, 750, 3),
(366, 13, 3, 47, 48, b'1', b'0', 674, 842, 3),
(367, 13, 4, 37, 59, b'1', b'0', 1103, 1379, 3),
(368, 13, 4, 59, 37, b'0', b'0', 972, 729, 3),
(369, 13, 5, 35, 44, b'1', b'0', 1062, 1328, 3),
(370, 13, 5, 44, 35, b'0', b'0', 1292, 969, 3),
(371, 13, 6, 62, 58, b'0', b'0', 949, 712, 3),
(372, 13, 6, 58, 62, b'1', b'0', 1085, 1356, 3),
(373, 13, 7, 38, 45, b'1', b'0', 999, 1249, 3),
(374, 13, 7, 45, 38, b'0', b'0', 1188, 891, 3),
(375, 13, 8, 83, 43, b'1', b'0', 964, 1205, 3),
(376, 13, 8, 43, 83, b'0', b'0', 1014, 760, 3),
(377, 13, 9, 48, 59, b'0', b'0', 1103, 827, 3),
(378, 13, 9, 59, 48, b'1', b'0', 674, 842, 3),
(379, 13, 10, 35, 47, b'0', b'0', 1000, 750, 3),
(380, 13, 10, 47, 35, b'1', b'0', 1292, 1615, 3),
(381, 13, 11, 37, 44, b'1', b'0', 1062, 1328, 3),
(382, 13, 11, 44, 37, b'0', b'0', 972, 729, 3),
(383, 13, 12, 62, 45, b'1', b'0', 999, 1249, 3),
(384, 13, 12, 45, 62, b'0', b'0', 1085, 814, 3),
(385, 13, 13, 83, 58, b'0', b'0', 949, 712, 3),
(386, 13, 13, 58, 83, b'1', b'0', 1014, 1268, 3),
(387, 13, 14, 38, 47, b'0', b'0', 1000, 750, 3),
(388, 13, 14, 47, 38, b'1', b'0', 1188, 1485, 3),
(389, 13, 15, 48, 58, b'0', b'0', 949, 712, 3),
(390, 13, 15, 58, 48, b'1', b'0', 674, 842, 3),
(391, 14, 1, 93, 15, b'0', b'0', 910, 682, 3),
(392, 14, 1, 15, 93, b'1', b'0', 1285, 1606, 3),
(393, 14, 2, 95, 27, b'0', b'0', 1068, 801, 3),
(394, 14, 2, 27, 95, b'1', b'0', 968, 1210, 3),
(395, 14, 3, 96, 32, b'1', b'0', 1076, 1345, 3),
(396, 14, 3, 32, 96, b'0', b'0', 842, 632, 3),
(397, 14, 4, 97, 17, b'1', b'0', 916, 1145, 3),
(398, 14, 4, 17, 97, b'0', b'0', 1093, 820, 3),
(399, 14, 5, 75, 14, b'1', b'0', 842, 1052, 3),
(400, 14, 5, 14, 75, b'0', b'0', 934, 700, 3),
(401, 14, 6, 53, 18, b'1', b'0', 797, 996, 3),
(402, 14, 6, 18, 53, b'0', b'0', 1000, 750, 3),
(403, 14, 7, 93, 27, b'1', b'0', 1068, 1335, 3),
(404, 14, 7, 27, 93, b'0', b'0', 1285, 964, 3),
(405, 14, 8, 96, 15, b'0', b'0', 910, 682, 3),
(406, 14, 8, 15, 96, b'1', b'0', 842, 1052, 3),
(407, 14, 9, 75, 17, b'1', b'0', 916, 1145, 3),
(408, 14, 9, 17, 75, b'0', b'0', 934, 700, 3),
(409, 14, 10, 97, 32, b'0', b'0', 1076, 807, 3),
(410, 14, 10, 32, 97, b'1', b'0', 1093, 1366, 3),
(411, 14, 11, 53, 14, b'1', b'0', 842, 1052, 3),
(412, 14, 11, 14, 53, b'0', b'0', 1000, 750, 3),
(413, 14, 12, 109, 18, b'1', b'0', 797, 996, 3),
(414, 14, 12, 18, 109, b'0', b'0', 1000, 750, 3),
(415, 14, 13, 75, 27, b'1', b'0', 1068, 1335, 3),
(416, 14, 13, 27, 75, b'0', b'0', 934, 700, 3),
(417, 14, 14, 97, 15, b'0', b'0', 910, 682, 3),
(418, 14, 14, 15, 97, b'1', b'1', 1093, 1476, 3),
(419, 14, 15, 53, 32, b'1', b'0', 1076, 1345, 3),
(420, 14, 15, 32, 53, b'0', b'0', 1000, 750, 3),
(421, 15, 1, 31, 23, b'1', b'0', 881, 1101, 3),
(422, 15, 1, 23, 31, b'0', b'0', 1163, 872, 3),
(423, 15, 2, 11, 23, b'0', b'0', 881, 661, 3),
(424, 15, 2, 23, 11, b'1', b'0', 1222, 1528, 3),
(425, 15, 3, 13, 23, b'0', b'0', 881, 661, 3),
(426, 15, 3, 23, 13, b'1', b'0', 1069, 1336, 3),
(427, 15, 4, 101, 89, b'1', b'0', 1065, 1331, 3),
(428, 15, 4, 89, 101, b'0', b'0', 1233, 925, 3),
(429, 15, 5, 30, 66, b'0', b'0', 912, 684, 3),
(430, 15, 5, 66, 30, b'1', b'0', 1079, 1349, 3),
(431, 15, 6, 31, 65, b'0', b'0', 1086, 814, 3),
(432, 15, 6, 65, 31, b'1', b'0', 1163, 1454, 3),
(433, 15, 7, 11, 89, b'1', b'0', 1065, 1331, 3),
(434, 15, 7, 89, 11, b'0', b'0', 1222, 916, 3),
(435, 15, 8, 13, 66, b'1', b'0', 912, 1140, 3),
(436, 15, 8, 66, 13, b'0', b'0', 1069, 802, 3),
(437, 15, 9, 101, 65, b'0', b'0', 1086, 814, 3),
(438, 15, 9, 65, 101, b'1', b'0', 1233, 1541, 3),
(439, 15, 10, 30, 89, b'1', b'0', 1065, 1331, 3),
(440, 15, 10, 89, 30, b'0', b'0', 1079, 809, 3),
(441, 15, 11, 31, 66, b'0', b'0', 912, 684, 3),
(442, 15, 11, 66, 31, b'1', b'0', 1163, 1454, 3),
(443, 15, 12, 11, 65, b'1', b'0', 1086, 1358, 3),
(444, 15, 12, 65, 11, b'0', b'0', 1222, 916, 3),
(445, 15, 13, 13, 110, b'1', b'0', 1000, 1250, 3),
(446, 15, 13, 110, 13, b'0', b'0', 1069, 802, 3),
(447, 15, 14, 101, 110, b'1', b'0', 1000, 1250, 3),
(448, 15, 14, 110, 101, b'0', b'0', 1233, 925, 3),
(449, 15, 15, 30, 110, b'0', b'0', 1000, 750, 3),
(450, 15, 15, 110, 30, b'1', b'0', 1079, 1349, 3),
(451, 16, 1, 67, 111, b'1', b'0', 1000, 1250, 3),
(452, 16, 1, 111, 67, b'0', b'0', 1189, 892, 3),
(453, 16, 2, 19, 39, b'1', b'0', 1010, 1262, 3),
(454, 16, 2, 39, 19, b'0', b'0', 1030, 772, 3),
(455, 16, 3, 22, 46, b'1', b'0', 1040, 1300, 3),
(456, 16, 3, 46, 22, b'0', b'0', 950, 712, 3),
(457, 16, 4, 21, 60, b'0', b'0', 1144, 858, 3),
(458, 16, 4, 60, 21, b'1', b'0', 908, 1135, 3),
(459, 16, 5, 0, 0, b'0', b'0', 1021, 766, 3),
(460, 16, 5, 0, 0, b'1', b'0', 1021, 1276, 3),
(461, 16, 6, 67, 72, b'1', b'0', 1077, 1346, 3),
(462, 16, 6, 72, 67, b'0', b'0', 1189, 892, 3),
(463, 16, 7, 19, 46, b'0', b'0', 1040, 780, 3),
(464, 16, 7, 46, 19, b'1', b'0', 1030, 1288, 3),
(465, 16, 8, 22, 72, b'0', b'0', 1077, 808, 3),
(466, 16, 8, 72, 22, b'1', b'0', 950, 1188, 3),
(467, 16, 9, 21, 39, b'0', b'0', 1010, 758, 3),
(468, 16, 9, 39, 21, b'1', b'0', 908, 1135, 3),
(469, 16, 10, 0, 0, b'0', b'0', 1021, 766, 3),
(470, 16, 10, 0, 0, b'1', b'0', 1021, 1276, 3),
(471, 16, 11, 22, 60, b'1', b'0', 1144, 1430, 3),
(472, 16, 11, 60, 22, b'0', b'0', 950, 712, 3),
(473, 16, 12, 19, 72, b'0', b'0', 1077, 808, 3),
(474, 16, 12, 72, 19, b'1', b'0', 1030, 1288, 3),
(475, 16, 13, 67, 46, b'1', b'0', 1040, 1300, 3),
(476, 16, 13, 46, 67, b'0', b'0', 1189, 892, 3),
(477, 16, 14, 21, 111, b'1', b'0', 1000, 1250, 3),
(478, 16, 14, 111, 21, b'0', b'0', 908, 681, 3),
(479, 16, 15, 0, 0, b'0', b'0', 1021, 766, 3),
(480, 16, 15, 0, 0, b'1', b'0', 1021, 1276, 3),
(481, 17, 1, 78, 49, b'1', b'0', 1048, 1310, 3),
(482, 17, 1, 49, 78, b'0', b'0', 918, 688, 3),
(483, 17, 2, 86, 42, b'1', b'0', 953, 1191, 3),
(484, 17, 2, 42, 86, b'0', b'0', 1187, 890, 3),
(485, 17, 3, 87, 51, b'0', b'0', 1038, 778, 3),
(486, 17, 3, 51, 87, b'1', b'0', 743, 929, 3),
(487, 17, 4, 85, 41, b'0', b'0', 1285, 964, 3),
(488, 17, 4, 41, 85, b'1', b'0', 1076, 1345, 3),
(489, 17, 5, 81, 40, b'1', b'0', 1038, 1298, 3),
(490, 17, 5, 40, 81, b'0', b'0', 1090, 818, 3),
(491, 17, 6, 77, 49, b'0', b'0', 1048, 786, 3),
(492, 17, 6, 49, 77, b'1', b'0', 809, 1011, 3),
(493, 17, 7, 78, 42, b'1', b'0', 953, 1191, 3),
(494, 17, 7, 42, 78, b'0', b'0', 918, 688, 3),
(495, 17, 8, 86, 51, b'0', b'0', 1038, 778, 3),
(496, 17, 8, 51, 86, b'1', b'0', 1187, 1484, 3),
(497, 17, 9, 87, 41, b'1', b'0', 1285, 1606, 3),
(498, 17, 9, 41, 87, b'0', b'0', 743, 557, 3),
(499, 17, 10, 85, 40, b'1', b'0', 1038, 1298, 3),
(500, 17, 10, 40, 85, b'0', b'0', 1076, 807, 3),
(501, 17, 11, 78, 41, b'0', b'0', 1285, 964, 3),
(502, 17, 11, 41, 78, b'1', b'0', 918, 1148, 3),
(503, 17, 12, 86, 49, b'0', b'0', 1048, 786, 3),
(504, 17, 12, 49, 86, b'1', b'0', 1187, 1484, 3),
(505, 17, 13, 77, 42, b'0', b'0', 953, 715, 3),
(506, 17, 13, 42, 77, b'1', b'0', 809, 1011, 3),
(507, 17, 14, 81, 51, b'0', b'0', 1038, 778, 3),
(508, 17, 14, 51, 81, b'1', b'0', 1090, 1362, 3),
(509, 17, 15, 87, 40, b'1', b'0', 1038, 1298, 3),
(510, 17, 15, 40, 87, b'0', b'0', 743, 557, 3),
(511, 18, 1, 7, 113, b'1', b'0', 1000, 1250, 3),
(512, 18, 1, 113, 7, b'0', b'0', 1126, 844, 3),
(513, 18, 2, 6, 102, b'1', b'0', 900, 1125, 3),
(514, 18, 2, 102, 6, b'0', b'0', 1114, 836, 3),
(515, 18, 3, 9, 112, b'1', b'0', 1000, 1250, 3),
(516, 18, 3, 112, 9, b'0', b'0', 1039, 779, 3),
(517, 18, 4, 8, 10, b'0', b'0', 924, 693, 3),
(518, 18, 4, 10, 8, b'1', b'0', 1000, 1250, 3),
(519, 18, 5, 61, 113, b'1', b'0', 1000, 1250, 3),
(520, 18, 5, 113, 61, b'0', b'0', 1134, 850, 3),
(521, 18, 6, 6, 10, b'1', b'0', 924, 1155, 3),
(522, 18, 6, 10, 6, b'0', b'0', 1114, 836, 3),
(523, 18, 7, 7, 112, b'1', b'0', 1000, 1250, 3),
(524, 18, 7, 112, 7, b'0', b'0', 1126, 844, 3),
(525, 18, 8, 9, 102, b'1', b'0', 900, 1125, 3),
(526, 18, 8, 102, 9, b'0', b'0', 1039, 779, 3),
(527, 18, 9, 8, 113, b'1', b'0', 1000, 1250, 3),
(528, 18, 9, 113, 8, b'0', b'0', 1000, 750, 3),
(529, 18, 10, 61, 112, b'1', b'0', 1000, 1250, 3),
(530, 18, 10, 112, 61, b'0', b'0', 1134, 850, 3),
(531, 18, 11, 9, 10, b'1', b'0', 924, 1155, 3),
(532, 18, 11, 10, 9, b'0', b'0', 1039, 779, 3),
(533, 18, 12, 61, 102, b'1', b'0', 900, 1125, 3),
(534, 18, 12, 102, 61, b'0', b'0', 1134, 850, 3),
(535, 18, 13, 0, 0, b'1', b'0', 1021, 1276, 3),
(536, 18, 13, 0, 0, b'0', b'0', 1021, 766, 3),
(537, 18, 14, 0, 0, b'1', b'0', 1021, 1276, 3),
(538, 18, 14, 0, 0, b'0', b'0', 1021, 766, 3),
(539, 18, 15, 0, 0, b'1', b'0', 1021, 1276, 3),
(540, 18, 15, 0, 0, b'0', b'0', 1021, 766, 3),
(541, 19, 1, 49, 88, b'1', b'0', 1240, 1550, 4),
(542, 19, 1, 88, 49, b'0', b'0', 1094, 820, 4),
(543, 19, 2, 42, 38, b'1', b'0', 1047, 1309, 4),
(544, 19, 2, 38, 42, b'0', b'0', 1036, 777, 4),
(545, 19, 3, 51, 83, b'1', b'0', 930, 1162, 4),
(546, 19, 3, 83, 51, b'0', b'0', 1250, 938, 4),
(547, 19, 4, 40, 37, b'1', b'0', 1298, 1622, 4),
(548, 19, 4, 37, 40, b'0', b'0', 986, 740, 4),
(549, 19, 5, 41, 48, b'1', b'0', 771, 964, 4),
(550, 19, 5, 48, 41, b'0', b'0', 1125, 844, 4),
(551, 19, 6, 51, 54, b'1', b'0', 1266, 1582, 4),
(552, 19, 6, 54, 51, b'0', b'0', 1250, 938, 4),
(553, 19, 7, 49, 62, b'1', b'0', 994, 1242, 4),
(554, 19, 7, 62, 49, b'0', b'0', 1094, 820, 4),
(555, 19, 8, 42, 88, b'0', b'0', 1240, 930, 4),
(556, 19, 8, 88, 42, b'1', b'0', 1036, 1295, 4),
(557, 19, 9, 40, 48, b'1', b'0', 771, 964, 4),
(558, 19, 9, 48, 40, b'0', b'0', 986, 740, 4),
(559, 19, 10, 41, 83, b'0', b'0', 930, 698, 4),
(560, 19, 10, 83, 41, b'1', b'0', 1125, 1406, 4),
(561, 19, 11, 51, 37, b'0', b'0', 1298, 974, 4),
(562, 19, 11, 37, 51, b'1', b'0', 1250, 1562, 4),
(563, 19, 12, 49, 54, b'0', b'0', 1266, 950, 4),
(564, 19, 12, 54, 49, b'1', b'0', 1094, 1368, 4),
(565, 19, 13, 41, 88, b'0', b'0', 1240, 930, 4),
(566, 19, 13, 88, 41, b'1', b'0', 1125, 1406, 4),
(567, 19, 14, 42, 37, b'1', b'0', 1298, 1622, 4),
(568, 19, 14, 37, 42, b'0', b'0', 1036, 777, 4),
(569, 19, 15, 40, 83, b'0', b'0', 930, 698, 4),
(570, 19, 15, 83, 40, b'1', b'0', 986, 1232, 4),
(571, 20, 1, 89, 93, b'1', b'0', 1267, 1584, 4),
(572, 20, 1, 93, 89, b'0', b'0', 1064, 798, 4),
(573, 20, 2, 65, 95, b'1', b'0', 889, 1111, 4),
(574, 20, 2, 95, 65, b'0', b'0', 1184, 888, 4),
(575, 20, 3, 23, 96, b'0', b'0', 991, 743, 4),
(576, 20, 3, 96, 23, b'1', b'0', 1034, 1292, 4),
(577, 20, 4, 110, 97, b'0', b'0', 1094, 820, 4),
(578, 20, 4, 97, 110, b'1', b'1', 1048, 1415, 4),
(579, 20, 5, 26, 53, b'1', b'0', 987, 1234, 4),
(580, 20, 5, 53, 26, b'0', b'0', 1127, 845, 4),
(581, 20, 6, 34, 98, b'0', b'0', 1068, 801, 4),
(582, 20, 6, 98, 34, b'1', b'0', 826, 1032, 4),
(583, 20, 7, 89, 97, b'1', b'0', 1094, 1368, 4),
(584, 20, 7, 97, 89, b'0', b'0', 1064, 798, 4),
(585, 20, 8, 65, 93, b'0', b'0', 1267, 950, 4),
(586, 20, 8, 93, 65, b'1', b'0', 1184, 1480, 4),
(587, 20, 9, 23, 95, b'1', b'0', 889, 1111, 4),
(588, 20, 9, 95, 23, b'0', b'0', 1034, 776, 4),
(589, 20, 10, 110, 96, b'0', b'0', 991, 743, 4),
(590, 20, 10, 96, 110, b'1', b'0', 1048, 1310, 4),
(591, 20, 11, 26, 93, b'0', b'0', 1267, 950, 4),
(592, 20, 11, 93, 26, b'1', b'0', 1127, 1409, 4),
(593, 20, 12, 34, 97, b'0', b'0', 1094, 820, 4),
(594, 20, 12, 97, 34, b'1', b'0', 826, 1032, 4),
(595, 20, 13, 89, 53, b'1', b'0', 987, 1234, 4),
(596, 20, 13, 53, 89, b'0', b'0', 1064, 798, 4),
(597, 20, 14, 65, 98, b'1', b'0', 1068, 1335, 4),
(598, 20, 14, 98, 65, b'0', b'0', 1184, 888, 4),
(599, 20, 15, 26, 96, b'0', b'0', 991, 743, 4),
(600, 20, 15, 96, 26, b'1', b'0', 1127, 1409, 4),
(601, 21, 1, 10, 29, b'0', b'0', 1115, 836, 4),
(602, 21, 1, 29, 10, b'1', b'0', 933, 1166, 4),
(603, 21, 2, 113, 11, b'0', b'0', 1113, 835, 4),
(604, 21, 2, 11, 113, b'1', b'0', 829, 1036, 4),
(605, 21, 3, 103, 13, b'0', b'0', 978, 734, 4),
(606, 21, 3, 13, 103, b'1', b'0', 825, 1031, 4),
(607, 21, 4, 114, 31, b'0', b'0', 984, 738, 4),
(608, 21, 4, 31, 114, b'1', b'0', 1000, 1250, 4),
(609, 21, 5, 10, 30, b'1', b'0', 973, 1216, 4),
(610, 21, 5, 30, 10, b'0', b'0', 933, 700, 4),
(611, 21, 6, 107, 29, b'0', b'0', 1115, 836, 4),
(612, 21, 6, 29, 107, b'1', b'0', 853, 1066, 4),
(613, 21, 7, 113, 12, b'0', b'0', 989, 742, 4),
(614, 21, 7, 12, 113, b'1', b'0', 829, 1036, 4),
(615, 21, 8, 114, 11, b'0', b'0', 1113, 835, 4),
(616, 21, 8, 11, 114, b'1', b'0', 1000, 1250, 4),
(617, 21, 9, 103, 31, b'0', b'0', 984, 738, 4),
(618, 21, 9, 31, 103, b'1', b'0', 825, 1031, 4),
(619, 21, 10, 107, 13, b'0', b'0', 978, 734, 4),
(620, 21, 10, 13, 107, b'1', b'0', 853, 1066, 4),
(621, 21, 11, 10, 31, b'0', b'0', 984, 738, 4),
(622, 21, 11, 31, 10, b'1', b'0', 933, 1166, 4),
(623, 21, 12, 114, 12, b'0', b'0', 989, 742, 4),
(624, 21, 12, 12, 114, b'1', b'0', 1000, 1250, 4),
(625, 21, 13, 113, 30, b'1', b'0', 973, 1216, 4),
(626, 21, 13, 30, 113, b'0', b'0', 829, 622, 4),
(627, 21, 14, 107, 11, b'0', b'0', 1113, 835, 4),
(628, 21, 14, 11, 107, b'1', b'0', 853, 1066, 4),
(629, 21, 15, 103, 12, b'0', b'0', 989, 742, 4),
(630, 21, 15, 12, 103, b'1', b'0', 825, 1031, 4),
(631, 22, 1, 39, 9, b'1', b'0', 1024, 1280, 4),
(632, 22, 1, 9, 39, b'0', b'0', 975, 731, 4),
(633, 22, 2, 46, 8, b'1', b'0', 992, 1240, 4),
(634, 22, 2, 8, 46, b'0', b'0', 997, 748, 4),
(635, 22, 3, 73, 6, b'0', b'0', 1079, 809, 4),
(636, 22, 3, 6, 73, b'1', b'0', 985, 1231, 4),
(637, 22, 4, 72, 7, b'0', b'0', 1076, 807, 4),
(638, 22, 4, 7, 72, b'1', b'0', 1081, 1351, 4),
(639, 22, 5, 46, 61, b'0', b'0', 1165, 874, 4),
(640, 22, 5, 61, 46, b'1', b'0', 997, 1246, 4),
(641, 22, 6, 46, 9, b'1', b'0', 1024, 1280, 4),
(642, 22, 6, 9, 46, b'0', b'0', 997, 748, 4),
(643, 22, 7, 72, 6, b'1', b'0', 1079, 1349, 4),
(644, 22, 7, 6, 72, b'0', b'0', 1081, 811, 4),
(645, 22, 8, 68, 8, b'0', b'0', 992, 744, 4),
(646, 22, 8, 8, 68, b'1', b'0', 1080, 1350, 4),
(647, 22, 9, 39, 61, b'0', b'0', 1165, 874, 4),
(648, 22, 9, 61, 39, b'1', b'0', 975, 1219, 4),
(649, 22, 10, 68, 7, b'0', b'0', 1076, 807, 4),
(650, 22, 10, 7, 68, b'1', b'0', 1080, 1350, 4),
(651, 22, 11, 73, 7, b'1', b'0', 1076, 1345, 4),
(652, 22, 11, 7, 73, b'0', b'0', 985, 739, 4),
(653, 22, 12, 72, 8, b'1', b'0', 992, 1240, 4),
(654, 22, 12, 8, 72, b'0', b'0', 1081, 811, 4),
(655, 22, 13, 68, 9, b'1', b'0', 1024, 1280, 4),
(656, 22, 13, 9, 68, b'0', b'0', 1080, 810, 4),
(657, 22, 14, 73, 61, b'1', b'0', 1165, 1456, 4),
(658, 22, 14, 61, 73, b'0', b'0', 985, 739, 4),
(659, 22, 15, 39, 6, b'1', b'0', 1079, 1349, 4),
(660, 22, 15, 6, 39, b'0', b'0', 975, 731, 4),
(661, 23, 1, 2, 67, b'0', b'0', 1275, 956, 4),
(662, 23, 1, 67, 2, b'1', b'0', 926, 1158, 4),
(663, 23, 2, 63, 22, b'1', b'0', 1096, 1370, 4),
(664, 23, 2, 22, 63, b'0', b'0', 1109, 832, 4),
(665, 23, 3, 1, 19, b'0', b'0', 991, 743, 4),
(666, 23, 3, 19, 1, b'1', b'0', 1084, 1355, 4),
(667, 23, 4, 4, 20, b'0', b'0', 1148, 861, 4),
(668, 23, 4, 20, 4, b'1', b'0', 941, 1176, 4),
(669, 23, 5, 3, 21, b'1', b'0', 974, 1218, 4),
(670, 23, 5, 21, 3, b'0', b'0', 781, 586, 4),
(671, 23, 6, 2, 115, b'1', b'0', 1000, 1250, 4),
(672, 23, 6, 115, 2, b'0', b'0', 926, 694, 4),
(673, 23, 7, 63, 67, b'0', b'0', 1275, 956, 4),
(674, 23, 7, 67, 63, b'1', b'0', 1109, 1386, 4),
(675, 23, 8, 1, 22, b'0', b'0', 1096, 822, 4),
(676, 23, 8, 22, 1, b'1', b'0', 1084, 1355, 4),
(677, 23, 9, 4, 19, b'1', b'0', 991, 1239, 4),
(678, 23, 9, 19, 4, b'0', b'0', 941, 706, 4),
(679, 23, 10, 63, 20, b'0', b'0', 1148, 861, 4),
(680, 23, 10, 20, 63, b'1', b'0', 1109, 1386, 4),
(681, 23, 11, 3, 22, b'0', b'0', 1096, 822, 4),
(682, 23, 11, 22, 3, b'1', b'0', 781, 976, 4),
(683, 23, 12, 2, 21, b'1', b'0', 974, 1218, 4),
(684, 23, 12, 21, 2, b'0', b'0', 926, 694, 4),
(685, 23, 13, 4, 67, b'0', b'0', 1275, 956, 4),
(686, 23, 13, 67, 4, b'1', b'0', 941, 1176, 4),
(687, 23, 14, 3, 19, b'1', b'0', 991, 1239, 4),
(688, 23, 14, 19, 3, b'0', b'0', 781, 586, 4),
(689, 23, 15, 1, 20, b'1', b'0', 1148, 1435, 4),
(690, 23, 15, 20, 1, b'0', b'0', 1084, 813, 4),
(691, 24, 1, 16, 78, b'0', b'0', 1038, 778, 4),
(692, 24, 1, 78, 16, b'1', b'0', 1099, 1374, 4),
(693, 24, 2, 16, 87, b'0', b'0', 979, 734, 4),
(694, 24, 2, 87, 16, b'1', b'0', 1099, 1374, 4),
(695, 24, 3, 16, 81, b'0', b'0', 1023, 767, 4),
(696, 24, 3, 81, 16, b'1', b'0', 1099, 1374, 4),
(697, 24, 4, 14, 85, b'1', b'0', 1041, 1301, 4),
(698, 24, 4, 85, 14, b'0', b'0', 886, 664, 4),
(699, 24, 5, 15, 80, b'0', b'0', 1007, 755, 4),
(700, 24, 5, 80, 15, b'1', b'0', 1140, 1425, 4),
(701, 24, 6, 116, 78, b'1', b'0', 1038, 1298, 4),
(702, 24, 6, 78, 116, b'0', b'0', 1000, 750, 4),
(703, 24, 7, 17, 87, b'0', b'0', 979, 734, 4),
(704, 24, 7, 87, 17, b'1', b'0', 921, 1151, 4),
(705, 24, 8, 14, 81, b'0', b'0', 1023, 767, 4),
(706, 24, 8, 81, 14, b'1', b'0', 886, 1108, 4),
(707, 24, 9, 15, 85, b'1', b'0', 1041, 1301, 4),
(708, 24, 9, 85, 15, b'0', b'0', 1140, 855, 4),
(709, 24, 10, 116, 80, b'1', b'0', 1007, 1259, 4),
(710, 24, 10, 80, 116, b'0', b'0', 1000, 750, 4),
(711, 24, 11, 17, 85, b'1', b'0', 1041, 1301, 4),
(712, 24, 11, 85, 17, b'0', b'0', 921, 691, 4),
(713, 24, 12, 14, 78, b'0', b'0', 1038, 778, 4),
(714, 24, 12, 78, 14, b'1', b'0', 886, 1108, 4),
(715, 24, 13, 116, 87, b'0', b'0', 979, 734, 4),
(716, 24, 13, 87, 116, b'1', b'0', 1000, 1250, 4),
(717, 24, 14, 17, 80, b'0', b'0', 1007, 755, 4),
(718, 24, 14, 80, 17, b'1', b'0', 921, 1151, 4),
(719, 24, 15, 15, 81, b'0', b'0', 1023, 767, 4),
(720, 24, 15, 81, 15, b'1', b'0', 1140, 1425, 4),
(721, 25, 1, 81, 89, b'1', b'0', 1125, 1406, 5),
(722, 25, 1, 89, 81, b'0', b'0', 1139, 854, 5),
(723, 25, 2, 86, 65, b'1', b'0', 1130, 1412, 5),
(724, 25, 2, 65, 86, b'0', b'0', 1112, 834, 5),
(725, 25, 3, 85, 66, b'0', b'0', 987, 740, 5),
(726, 25, 3, 66, 85, b'1', b'0', 946, 1182, 5),
(727, 25, 4, 90, 24, b'1', b'0', 774, 968, 5),
(728, 25, 4, 24, 90, b'0', b'0', 852, 639, 5),
(729, 25, 5, 87, 23, b'1', b'0', 972, 1215, 5),
(730, 25, 5, 23, 87, b'0', b'0', 1062, 796, 5),
(731, 25, 6, 78, 89, b'1', b'0', 1125, 1406, 5),
(732, 25, 6, 89, 78, b'0', b'0', 1056, 792, 5),
(733, 25, 7, 77, 65, b'0', b'0', 1130, 848, 5),
(734, 25, 7, 65, 77, b'1', b'0', 818, 1022, 5),
(735, 25, 8, 85, 23, b'1', b'0', 972, 1215, 5),
(736, 25, 8, 23, 85, b'0', b'0', 946, 710, 5),
(737, 25, 9, 90, 66, b'1', b'0', 987, 1234, 5),
(738, 25, 9, 66, 90, b'0', b'0', 852, 639, 5),
(739, 25, 10, 86, 24, b'1', b'0', 774, 968, 5),
(740, 25, 10, 24, 86, b'0', b'0', 1112, 834, 5),
(741, 25, 11, 87, 65, b'1', b'0', 1130, 1412, 5),
(742, 25, 11, 65, 87, b'0', b'0', 1062, 796, 5),
(743, 25, 12, 81, 24, b'1', b'0', 774, 968, 5),
(744, 25, 12, 24, 81, b'0', b'0', 1139, 854, 5),
(745, 25, 13, 78, 66, b'1', b'0', 987, 1234, 5),
(746, 25, 13, 66, 78, b'0', b'0', 1056, 792, 5),
(747, 25, 14, 86, 23, b'1', b'0', 972, 1215, 5),
(748, 25, 14, 23, 86, b'0', b'0', 1112, 834, 5),
(749, 25, 15, 87, 89, b'1', b'0', 1125, 1406, 5),
(750, 25, 15, 89, 87, b'0', b'0', 1062, 796, 5),
(751, 26, 1, 93, 10, b'1', b'0', 937, 1171, 5),
(752, 26, 1, 10, 93, b'0', b'0', 1280, 960, 5),
(753, 26, 2, 75, 102, b'1', b'0', 864, 1080, 5),
(754, 26, 2, 102, 75, b'0', b'0', 1086, 814, 5),
(755, 26, 3, 96, 113, b'1', b'0', 889, 1111, 5),
(756, 26, 3, 113, 96, b'0', b'0', 1200, 900, 5),
(757, 26, 4, 97, 103, b'1', b'0', 809, 1011, 5),
(758, 26, 4, 103, 97, b'0', b'0', 1082, 812, 5),
(759, 26, 5, 95, 102, b'1', b'0', 864, 1080, 5),
(760, 26, 5, 102, 95, b'0', b'0', 917, 688, 5),
(761, 26, 6, 53, 10, b'1', b'0', 937, 1171, 5),
(762, 26, 6, 10, 53, b'0', b'0', 1001, 751, 5),
(763, 26, 7, 93, 113, b'1', b'0', 889, 1111, 5),
(764, 26, 7, 113, 93, b'0', b'0', 1280, 960, 5),
(765, 26, 8, 75, 103, b'1', b'0', 809, 1011, 5),
(766, 26, 8, 103, 75, b'0', b'0', 1086, 814, 5),
(767, 26, 9, 96, 102, b'1', b'0', 864, 1080, 5),
(768, 26, 9, 102, 96, b'0', b'0', 1200, 900, 5),
(769, 26, 10, 97, 107, b'1', b'0', 811, 1014, 5),
(770, 26, 10, 107, 97, b'0', b'0', 1082, 812, 5),
(771, 26, 11, 109, 107, b'1', b'0', 811, 1014, 5),
(772, 26, 11, 107, 109, b'0', b'0', 1071, 803, 5),
(773, 26, 12, 95, 103, b'1', b'0', 809, 1011, 5),
(774, 26, 12, 103, 95, b'0', b'0', 917, 688, 5),
(775, 26, 13, 53, 113, b'1', b'0', 889, 1111, 5),
(776, 26, 13, 113, 53, b'0', b'0', 1001, 751, 5),
(777, 26, 14, 109, 10, b'0', b'0', 937, 703, 5),
(778, 26, 14, 10, 109, b'1', b'0', 1071, 1339, 5),
(779, 26, 15, 75, 107, b'1', b'0', 811, 1014, 5),
(780, 26, 15, 107, 75, b'0', b'0', 1086, 814, 5),
(781, 27, 1, 88, 116, b'0', b'0', 1114, 836, 5),
(782, 27, 1, 116, 88, b'1', b'0', 1237, 1546, 5),
(783, 27, 2, 38, 15, b'0', b'0', 1092, 819, 5),
(784, 27, 2, 15, 38, b'1', b'0', 1052, 1315, 5),
(785, 27, 3, 48, 14, b'1', b'0', 893, 1116, 5),
(786, 27, 3, 14, 48, b'0', b'0', 811, 608, 5),
(787, 27, 4, 35, 18, b'1', b'0', 795, 994, 5),
(788, 27, 4, 18, 35, b'0', b'0', 1214, 910, 5),
(789, 27, 5, 83, 16, b'1', b'0', 930, 1162, 5),
(790, 27, 5, 16, 83, b'0', b'0', 1070, 802, 5),
(791, 27, 6, 88, 27, b'1', b'0', 1066, 1332, 5),
(792, 27, 6, 27, 88, b'0', b'0', 1237, 928, 5),
(793, 27, 7, 38, 116, b'0', b'0', 1114, 836, 5),
(794, 27, 7, 116, 38, b'1', b'0', 1052, 1315, 5),
(795, 27, 8, 48, 16, b'1', b'0', 930, 1162, 5),
(796, 27, 8, 16, 48, b'0', b'0', 811, 608, 5),
(797, 27, 9, 35, 14, b'0', b'0', 893, 670, 5),
(798, 27, 9, 14, 35, b'1', b'0', 1214, 1518, 5),
(799, 27, 10, 83, 116, b'0', b'0', 1114, 836, 5),
(800, 27, 10, 116, 83, b'1', b'0', 1070, 1338, 5),
(801, 27, 11, 88, 16, b'1', b'0', 930, 1162, 5),
(802, 27, 11, 16, 88, b'0', b'0', 1237, 928, 5),
(803, 27, 12, 38, 18, b'1', b'0', 795, 994, 5),
(804, 27, 12, 18, 38, b'0', b'0', 1052, 789, 5),
(805, 27, 13, 48, 15, b'1', b'0', 1092, 1365, 5),
(806, 27, 13, 15, 48, b'0', b'0', 811, 608, 5),
(807, 27, 14, 35, 27, b'0', b'0', 1066, 800, 5),
(808, 27, 14, 27, 35, b'1', b'0', 1214, 1518, 5),
(809, 27, 15, 83, 27, b'1', b'0', 1066, 1332, 5),
(810, 27, 15, 27, 83, b'0', b'0', 1070, 802, 5),
(811, 28, 1, 67, 6, b'0', b'0', 1084, 813, 5),
(812, 28, 1, 6, 67, b'1', b'0', 1224, 1530, 5),
(813, 28, 2, 19, 28, b'1', b'0', 1179, 1474, 5),
(814, 28, 2, 28, 19, b'0', b'0', 940, 705, 5),
(815, 28, 3, 22, 7, b'1', b'0', 1099, 1374, 5),
(816, 28, 3, 7, 22, b'0', b'0', 1073, 805, 5),
(817, 28, 4, 20, 61, b'1', b'0', 1153, 1441, 5),
(818, 28, 4, 61, 20, b'0', b'0', 1117, 838, 5),
(819, 28, 5, 106, 8, b'0', b'0', 949, 712, 5),
(820, 28, 5, 8, 106, b'1', b'0', 723, 904, 5),
(821, 28, 6, 67, 28, b'1', b'0', 1179, 1474, 5),
(822, 28, 6, 28, 67, b'0', b'0', 1224, 918, 5),
(823, 28, 7, 19, 7, b'0', b'0', 1099, 824, 5),
(824, 28, 7, 7, 19, b'1', b'0', 940, 1175, 5),
(825, 28, 8, 22, 6, b'0', b'0', 1084, 813, 5),
(826, 28, 8, 6, 22, b'1', b'0', 1073, 1341, 5),
(827, 28, 9, 20, 8, b'1', b'0', 949, 1186, 5),
(828, 28, 9, 8, 20, b'0', b'0', 1117, 838, 5),
(829, 28, 10, 106, 61, b'1', b'0', 1153, 1441, 5),
(830, 28, 10, 61, 106, b'0', b'0', 723, 542, 5),
(831, 28, 11, 67, 7, b'1', b'0', 1099, 1374, 5),
(832, 28, 11, 7, 67, b'0', b'0', 1224, 918, 5),
(833, 28, 12, 19, 8, b'0', b'0', 949, 712, 5),
(834, 28, 12, 8, 19, b'1', b'0', 940, 1175, 5),
(835, 28, 13, 22, 61, b'1', b'0', 1153, 1441, 5),
(836, 28, 13, 61, 22, b'0', b'0', 1073, 805, 5),
(837, 28, 14, 20, 28, b'1', b'0', 1179, 1474, 5),
(838, 28, 14, 28, 20, b'0', b'0', 1117, 838, 5),
(839, 28, 15, 106, 6, b'0', b'0', 1084, 813, 5),
(840, 28, 15, 6, 106, b'1', b'0', 723, 904, 5),
(841, 29, 1, 13, 39, b'0', b'0', 1054, 790, 5),
(842, 29, 1, 39, 13, b'1', b'0', 1058, 1322, 5),
(843, 29, 2, 11, 46, b'1', b'0', 1071, 1339, 5),
(844, 29, 2, 46, 11, b'0', b'0', 1205, 904, 5),
(845, 29, 3, 31, 72, b'0', b'0', 1137, 853, 5),
(846, 29, 3, 72, 31, b'1', b'0', 1115, 1394, 5),
(847, 29, 4, 12, 73, b'0', b'0', 1139, 854, 5),
(848, 29, 4, 73, 12, b'1', b'0', 1079, 1349, 5),
(849, 29, 5, 30, 68, b'1', b'0', 1032, 1290, 5),
(850, 29, 5, 68, 30, b'0', b'0', 909, 682, 5),
(851, 29, 6, 13, 46, b'1', b'0', 1071, 1339, 5),
(852, 29, 6, 46, 13, b'0', b'0', 1058, 794, 5),
(853, 29, 7, 11, 39, b'0', b'0', 1054, 790, 5),
(854, 29, 7, 39, 11, b'1', b'0', 1205, 1506, 5),
(855, 29, 8, 31, 46, b'0', b'0', 1071, 803, 5),
(856, 29, 8, 46, 31, b'1', b'0', 1115, 1394, 5),
(857, 29, 9, 12, 72, b'0', b'0', 1137, 853, 5),
(858, 29, 9, 72, 12, b'1', b'0', 1079, 1349, 5),
(859, 29, 10, 30, 73, b'1', b'0', 1139, 1424, 5),
(860, 29, 10, 73, 30, b'0', b'0', 909, 682, 5),
(861, 29, 11, 13, 68, b'0', b'0', 1032, 774, 5),
(862, 29, 11, 68, 13, b'1', b'0', 1058, 1322, 5),
(863, 29, 12, 11, 72, b'1', b'0', 1137, 1421, 5),
(864, 29, 12, 72, 11, b'0', b'0', 1205, 904, 5),
(865, 29, 13, 12, 68, b'0', b'0', 1032, 774, 5),
(866, 29, 13, 68, 12, b'1', b'0', 1079, 1349, 5),
(867, 29, 14, 30, 39, b'0', b'0', 1054, 790, 5),
(868, 29, 14, 39, 30, b'1', b'0', 909, 1136, 5),
(869, 29, 15, 31, 73, b'0', b'0', 1139, 854, 5),
(870, 29, 15, 73, 31, b'1', b'0', 1115, 1394, 5),
(871, 30, 1, 2, 47, b'1', b'0', 1237, 1546, 5),
(872, 30, 1, 47, 2, b'0', b'0', 977, 733, 5),
(873, 30, 2, 63, 59, b'0', b'0', 1113, 835, 5),
(874, 30, 2, 59, 63, b'1', b'0', 1068, 1335, 5),
(875, 30, 3, 1, 43, b'0', b'0', 973, 730, 5),
(876, 30, 3, 43, 1, b'1', b'0', 1046, 1308, 5),
(877, 30, 4, 55, 99, b'0', b'0', 1191, 893, 5),
(878, 30, 4, 99, 55, b'1', b'0', 1000, 1250, 5),
(879, 30, 5, 4, 45, b'0', b'0', 1060, 795, 5),
(880, 30, 5, 45, 4, b'1', b'0', 974, 1218, 5),
(881, 30, 6, 2, 59, b'0', b'0', 1113, 835, 5),
(882, 30, 6, 59, 2, b'1', b'0', 977, 1221, 5),
(883, 30, 7, 63, 117, b'0', b'0', 1000, 750, 5),
(884, 30, 7, 117, 63, b'1', b'0', 1068, 1335, 5),
(885, 30, 8, 1, 47, b'0', b'0', 1237, 928, 5),
(886, 30, 8, 47, 1, b'1', b'0', 1046, 1308, 5),
(887, 30, 9, 55, 43, b'0', b'0', 973, 730, 5),
(888, 30, 9, 43, 55, b'1', b'0', 1000, 1250, 5),
(889, 30, 10, 63, 99, b'1', b'0', 1191, 1489, 5),
(890, 30, 10, 99, 63, b'0', b'0', 1068, 801, 5),
(891, 30, 11, 4, 117, b'0', b'0', 1000, 750, 5),
(892, 30, 11, 117, 4, b'1', b'0', 974, 1218, 5),
(893, 30, 12, 2, 45, b'0', b'0', 1060, 795, 5),
(894, 30, 12, 45, 2, b'1', b'0', 977, 1221, 5),
(895, 30, 13, 4, 43, b'0', b'0', 973, 730, 5),
(896, 30, 13, 43, 4, b'1', b'0', 974, 1218, 5),
(897, 30, 14, 55, 117, b'0', b'0', 1000, 750, 5),
(898, 30, 14, 117, 55, b'1', b'0', 1000, 1250, 5),
(899, 30, 15, 1, 59, b'0', b'0', 1113, 835, 5),
(900, 30, 15, 59, 1, b'1', b'0', 1046, 1308, 5),
(901, 31, 1, 10, 81, b'1', b'0', 1138, 1422, 6),
(902, 31, 1, 81, 10, b'0', b'0', 961, 721, 6),
(903, 31, 2, 103, 78, b'0', b'0', 1113, 835, 6),
(904, 31, 2, 78, 103, b'1', b'0', 822, 1028, 6),
(905, 31, 3, 113, 87, b'0', b'0', 1144, 858, 6),
(906, 31, 3, 87, 113, b'1', b'0', 892, 1115, 6),
(907, 31, 4, 118, 85, b'1', b'0', 962, 1202, 6),
(908, 31, 4, 85, 118, b'0', b'0', 1000, 750, 6),
(909, 31, 5, 10, 80, b'0', b'0', 1118, 838, 6),
(910, 31, 5, 80, 10, b'1', b'0', 961, 1201, 6),
(911, 31, 6, 113, 77, b'0', b'0', 872, 654, 6),
(912, 31, 6, 77, 113, b'1', b'0', 892, 1115, 6),
(913, 31, 7, 107, 87, b'0', b'0', 1144, 858, 6),
(914, 31, 7, 87, 107, b'1', b'0', 846, 1058, 6),
(915, 31, 8, 119, 85, b'0', b'0', 962, 722, 6),
(916, 31, 8, 85, 119, b'1', b'0', 1000, 1250, 6),
(917, 31, 9, 119, 85, b'0', b'0', 962, 722, 6),
(918, 31, 9, 85, 119, b'1', b'0', 1000, 1250, 6),
(919, 31, 10, 10, 78, b'1', b'0', 1113, 1391, 6),
(920, 31, 10, 78, 10, b'0', b'0', 961, 721, 6),
(921, 31, 11, 113, 81, b'0', b'0', 1138, 854, 6),
(922, 31, 11, 81, 113, b'1', b'0', 892, 1115, 6),
(923, 31, 12, 103, 87, b'1', b'0', 1144, 1430, 6),
(924, 31, 12, 87, 103, b'0', b'0', 822, 616, 6),
(925, 31, 13, 107, 80, b'1', b'0', 1118, 1398, 6),
(926, 31, 13, 80, 107, b'0', b'0', 846, 634, 6),
(927, 31, 14, 103, 77, b'0', b'0', 872, 654, 6),
(928, 31, 14, 77, 103, b'1', b'0', 822, 1028, 6),
(929, 31, 15, 107, 78, b'0', b'0', 1113, 835, 6),
(930, 31, 15, 78, 107, b'1', b'0', 846, 1058, 6),
(931, 32, 1, 23, 38, b'0', b'0', 1006, 754, 6),
(932, 32, 1, 38, 23, b'1', b'0', 987, 1234, 6),
(933, 32, 2, 66, 83, b'0', b'0', 1086, 814, 6),
(934, 32, 2, 83, 66, b'1', b'0', 989, 1236, 6),
(935, 32, 3, 89, 35, b'0', b'0', 1046, 784, 6),
(936, 32, 3, 35, 89, b'1', b'0', 1089, 1361, 6),
(937, 32, 4, 23, 37, b'1', b'0', 1191, 1489, 6),
(938, 32, 4, 37, 23, b'0', b'0', 987, 740, 6),
(939, 32, 5, 66, 54, b'0', b'0', 1227, 920, 6),
(940, 32, 5, 54, 66, b'1', b'0', 989, 1236, 6),
(941, 32, 6, 120, 88, b'0', b'0', 1197, 898, 6),
(942, 32, 6, 88, 120, b'1', b'0', 1000, 1250, 6),
(943, 32, 7, 23, 83, b'0', b'0', 1086, 814, 6),
(944, 32, 7, 83, 23, b'1', b'0', 987, 1234, 6),
(945, 32, 8, 66, 38, b'1', b'0', 1006, 1258, 6),
(946, 32, 8, 38, 66, b'0', b'0', 989, 742, 6),
(947, 32, 9, 65, 35, b'1', b'0', 1046, 1308, 6),
(948, 32, 9, 35, 65, b'0', b'0', 1122, 842, 6),
(949, 32, 10, 89, 37, b'0', b'0', 1191, 893, 6),
(950, 32, 10, 37, 89, b'1', b'0', 1089, 1361, 6),
(951, 32, 11, 120, 54, b'0', b'0', 1227, 920, 6),
(952, 32, 11, 54, 120, b'1', b'0', 1000, 1250, 6),
(953, 32, 12, 65, 88, b'0', b'0', 1197, 898, 6),
(954, 32, 12, 88, 65, b'1', b'0', 1122, 1402, 6),
(955, 32, 13, 89, 83, b'0', b'0', 1086, 814, 6),
(956, 32, 13, 83, 89, b'1', b'0', 1089, 1361, 6),
(957, 32, 14, 120, 37, b'0', b'0', 1191, 893, 6),
(958, 32, 14, 37, 120, b'1', b'0', 1000, 1250, 6),
(959, 32, 15, 65, 54, b'1', b'0', 1227, 1534, 6),
(960, 32, 15, 54, 65, b'0', b'0', 1122, 842, 6),
(961, 33, 12, 61, 30, b'0', b'0', 990, 742, 6),
(962, 33, 12, 30, 61, b'1', b'0', 1070, 1338, 6),
(963, 33, 13, 6, 13, b'1', b'0', 1001, 1251, 6),
(964, 33, 13, 13, 6, b'0', b'0', 1140, 855, 6),
(965, 33, 14, 8, 12, b'0', b'0', 954, 716, 6),
(966, 33, 14, 12, 8, b'1', b'0', 980, 1225, 6),
(967, 33, 15, 61, 31, b'1', b'0', 1005, 1256, 6),
(968, 33, 15, 31, 61, b'0', b'0', 1070, 802, 6),
(969, 33, 1, 9, 13, b'0', b'0', 1001, 751, 6),
(970, 33, 1, 13, 9, b'1', b'0', 987, 1234, 6),
(971, 33, 2, 6, 11, b'1', b'0', 1179, 1474, 6),
(972, 33, 2, 11, 6, b'0', b'0', 1140, 855, 6),
(973, 33, 3, 8, 30, b'1', b'0', 990, 1238, 6),
(974, 33, 3, 30, 8, b'0', b'0', 980, 735, 6),
(975, 33, 4, 9, 12, b'1', b'0', 954, 1192, 6),
(976, 33, 4, 12, 9, b'0', b'0', 987, 740, 6),
(977, 33, 5, 7, 31, b'1', b'0', 1005, 1256, 6),
(978, 33, 5, 31, 7, b'0', b'0', 1074, 806, 6),
(979, 33, 6, 9, 11, b'0', b'0', 1179, 884, 6),
(980, 33, 6, 11, 9, b'1', b'0', 987, 1234, 6),
(981, 33, 7, 61, 13, b'0', b'0', 1001, 751, 6),
(982, 33, 7, 13, 61, b'1', b'0', 1070, 1338, 6),
(983, 33, 8, 6, 30, b'0', b'0', 990, 742, 6),
(984, 33, 8, 30, 6, b'1', b'0', 1140, 1425, 6),
(985, 33, 9, 7, 12, b'1', b'0', 954, 1192, 6),
(986, 33, 9, 12, 7, b'0', b'0', 1074, 806, 6),
(987, 33, 10, 8, 31, b'0', b'0', 1005, 754, 6),
(988, 33, 10, 31, 8, b'1', b'0', 980, 1225, 6),
(989, 33, 11, 7, 11, b'0', b'0', 1179, 884, 6),
(990, 33, 11, 11, 7, b'1', b'0', 1074, 1342, 6),
(991, 34, 1, 49, 2, b'1', b'0', 960, 1200, 6),
(992, 34, 1, 2, 49, b'0', b'0', 1131, 848, 6),
(993, 34, 2, 41, 63, b'1', b'0', 1086, 1358, 6),
(994, 34, 2, 63, 41, b'0', b'0', 1090, 818, 6),
(995, 34, 3, 51, 1, b'0', b'0', 971, 728, 6),
(996, 34, 3, 1, 51, b'1', b'0', 1274, 1592, 6),
(997, 34, 4, 42, 3, b'1', b'0', 885, 1106, 6),
(998, 34, 4, 3, 42, b'0', b'0', 1088, 816, 6),
(999, 34, 5, 49, 63, b'0', b'0', 1086, 814, 6),
(1000, 34, 5, 63, 49, b'1', b'0', 1131, 1414, 6),
(1001, 34, 6, 40, 4, b'1', b'0', 929, 1161, 6),
(1002, 34, 6, 4, 40, b'0', b'0', 1031, 773, 6),
(1003, 34, 7, 41, 2, b'1', b'0', 960, 1200, 6),
(1004, 34, 7, 2, 41, b'0', b'0', 1090, 818, 6),
(1005, 34, 8, 51, 63, b'1', b'0', 1086, 1358, 6),
(1006, 34, 8, 63, 51, b'0', b'0', 1274, 956, 6),
(1007, 34, 9, 42, 4, b'1', b'0', 929, 1161, 6),
(1008, 34, 9, 4, 42, b'0', b'0', 1088, 816, 6),
(1009, 34, 10, 40, 3, b'1', b'0', 885, 1106, 6),
(1010, 34, 10, 3, 40, b'0', b'0', 1031, 773, 6),
(1011, 34, 11, 49, 1, b'0', b'0', 971, 728, 6),
(1012, 34, 11, 1, 49, b'1', b'0', 1131, 1414, 6),
(1013, 34, 12, 41, 4, b'1', b'0', 929, 1161, 6),
(1014, 34, 12, 4, 41, b'0', b'0', 1090, 818, 6),
(1015, 34, 13, 51, 3, b'1', b'0', 885, 1106, 6),
(1016, 34, 13, 3, 51, b'0', b'0', 1274, 956, 6),
(1017, 34, 14, 42, 2, b'1', b'0', 960, 1200, 6),
(1018, 34, 14, 2, 42, b'0', b'0', 1088, 816, 6),
(1019, 34, 15, 40, 1, b'1', b'0', 971, 1214, 6),
(1020, 34, 15, 1, 40, b'0', b'0', 1031, 773, 6),
(1021, 35, 1, 46, 93, b'0', b'0', 1252, 939, 6),
(1022, 35, 1, 93, 46, b'1', b'0', 1043, 1304, 6),
(1023, 35, 2, 72, 53, b'0', b'0', 1027, 770, 6),
(1024, 35, 2, 53, 72, b'1', b'0', 1137, 1421, 6),
(1025, 35, 3, 60, 108, b'1', b'0', 1040, 1300, 6),
(1026, 35, 3, 108, 60, b'0', b'0', 1141, 856, 6),
(1027, 35, 4, 46, 97, b'1', b'0', 1072, 1340, 6),
(1028, 35, 4, 97, 46, b'0', b'0', 1043, 782, 6),
(1029, 35, 5, 73, 95, b'1', b'0', 944, 1180, 6),
(1030, 35, 5, 95, 73, b'0', b'0', 1147, 860, 6),
(1031, 35, 6, 72, 93, b'1', b'0', 1252, 1565, 6),
(1032, 35, 6, 93, 72, b'0', b'0', 1137, 853, 6),
(1033, 35, 7, 39, 53, b'1', b'1', 1027, 1386, 6),
(1034, 35, 7, 53, 39, b'0', b'0', 1107, 830, 6),
(1035, 35, 8, 111, 97, b'0', b'0', 1072, 804, 6),
(1036, 35, 8, 97, 111, b'1', b'0', 779, 974, 6),
(1037, 35, 9, 60, 95, b'0', b'0', 944, 708, 6),
(1038, 35, 9, 95, 60, b'1', b'0', 1141, 1426, 6),
(1039, 35, 10, 68, 95, b'1', b'0', 944, 1180, 6),
(1040, 35, 10, 95, 68, b'0', b'0', 1062, 796, 6),
(1041, 35, 11, 72, 97, b'1', b'0', 1072, 1340, 6),
(1042, 35, 11, 97, 72, b'0', b'0', 1137, 853, 6),
(1043, 35, 12, 73, 108, b'1', b'0', 1040, 1300, 6),
(1044, 35, 12, 108, 73, b'0', b'0', 1147, 860, 6),
(1045, 35, 13, 39, 93, b'1', b'0', 1252, 1565, 6),
(1046, 35, 13, 93, 39, b'0', b'0', 1107, 830, 6),
(1047, 35, 14, 60, 53, b'0', b'0', 1027, 770, 6),
(1048, 35, 14, 53, 60, b'1', b'0', 1141, 1426, 6),
(1049, 35, 15, 39, 108, b'1', b'0', 1040, 1300, 6),
(1050, 35, 15, 108, 39, b'0', b'0', 1107, 830, 6),
(1051, 36, 1, 47, 67, b'0', b'0', 1259, 944, 6),
(1052, 36, 1, 67, 47, b'1', b'0', 1199, 1499, 6),
(1053, 36, 2, 99, 19, b'1', b'0', 986, 1232, 6),
(1054, 36, 2, 19, 99, b'0', b'0', 1191, 893, 6),
(1055, 36, 3, 59, 22, b'0', b'0', 1153, 865, 6),
(1056, 36, 3, 22, 59, b'1', b'0', 1195, 1494, 6),
(1057, 36, 4, 43, 20, b'1', b'0', 1208, 1510, 6),
(1058, 36, 4, 20, 43, b'0', b'0', 1081, 811, 6),
(1059, 36, 5, 45, 21, b'1', b'0', 872, 1090, 6),
(1060, 36, 5, 21, 45, b'0', b'0', 1144, 858, 6),
(1061, 36, 6, 47, 19, b'1', b'0', 986, 1232, 6),
(1062, 36, 6, 19, 47, b'0', b'0', 1199, 899, 6),
(1063, 36, 7, 99, 22, b'1', b'0', 1153, 1441, 6),
(1064, 36, 7, 22, 99, b'0', b'0', 1191, 893, 6),
(1065, 36, 8, 59, 67, b'0', b'0', 1259, 944, 6),
(1066, 36, 8, 67, 59, b'1', b'0', 1195, 1494, 6),
(1067, 36, 9, 43, 21, b'1', b'0', 872, 1090, 6),
(1068, 36, 9, 21, 43, b'0', b'0', 1081, 811, 6),
(1069, 36, 10, 45, 20, b'1', b'1', 1208, 1631, 6),
(1070, 36, 10, 20, 45, b'0', b'0', 1144, 858, 6),
(1071, 36, 11, 47, 22, b'0', b'0', 1153, 865, 6),
(1072, 36, 11, 22, 47, b'1', b'0', 1199, 1499, 6),
(1073, 36, 12, 99, 20, b'1', b'0', 1208, 1510, 6),
(1074, 36, 12, 20, 99, b'0', b'0', 1191, 893, 6),
(1075, 36, 13, 59, 21, b'1', b'0', 872, 1090, 6),
(1076, 36, 13, 21, 59, b'0', b'0', 1195, 896, 6),
(1077, 36, 14, 43, 19, b'0', b'0', 986, 740, 6);
INSERT INTO `tblplayerresult` (`PlayerResultID`, `MatchNo`, `FrameNo`, `PlayerID`, `Played`, `Result`, `EightBall`, `OppRating`, `PlayerRating`, `WeekNo`) VALUES
(1078, 36, 14, 19, 43, b'1', b'0', 1081, 1351, 6),
(1079, 36, 15, 45, 67, b'0', b'0', 1259, 944, 6),
(1080, 36, 15, 67, 45, b'1', b'0', 1144, 1430, 6),
(1081, 37, 1, 88, 10, b'1', b'0', 1017, 1271, 7),
(1082, 37, 1, 10, 88, b'0', b'0', 1256, 942, 7),
(1083, 37, 2, 38, 102, b'1', b'0', 863, 1079, 7),
(1084, 37, 2, 102, 38, b'0', b'0', 1041, 781, 7),
(1085, 37, 3, 48, 113, b'1', b'0', 859, 1074, 7),
(1086, 37, 3, 113, 48, b'0', b'0', 964, 723, 7),
(1087, 37, 4, 37, 103, b'1', b'0', 849, 1061, 7),
(1088, 37, 4, 103, 37, b'0', b'0', 1195, 896, 7),
(1089, 37, 5, 54, 10, b'1', b'0', 1017, 1271, 7),
(1090, 37, 5, 10, 54, b'0', b'0', 1174, 880, 7),
(1091, 37, 6, 88, 102, b'1', b'0', 863, 1079, 7),
(1092, 37, 6, 102, 88, b'0', b'0', 1256, 942, 7),
(1093, 37, 7, 38, 113, b'1', b'0', 859, 1074, 7),
(1094, 37, 7, 113, 38, b'0', b'0', 1041, 781, 7),
(1095, 37, 8, 48, 102, b'1', b'0', 863, 1079, 7),
(1096, 37, 8, 102, 48, b'0', b'0', 964, 723, 7),
(1097, 37, 9, 37, 107, b'1', b'0', 883, 1104, 7),
(1098, 37, 9, 107, 37, b'0', b'0', 1195, 896, 7),
(1099, 37, 10, 54, 107, b'1', b'0', 883, 1104, 7),
(1100, 37, 10, 107, 54, b'0', b'0', 1174, 880, 7),
(1101, 37, 11, 88, 113, b'1', b'0', 859, 1074, 7),
(1102, 37, 11, 113, 88, b'0', b'0', 1256, 942, 7),
(1103, 37, 12, 38, 103, b'1', b'0', 849, 1061, 7),
(1104, 37, 12, 103, 38, b'0', b'0', 1041, 781, 7),
(1105, 37, 13, 48, 107, b'1', b'0', 883, 1104, 7),
(1106, 37, 13, 107, 48, b'0', b'0', 964, 723, 7),
(1107, 37, 14, 37, 10, b'1', b'0', 1017, 1271, 7),
(1108, 37, 14, 10, 37, b'0', b'0', 1195, 896, 7),
(1109, 37, 15, 54, 103, b'1', b'0', 849, 1061, 7),
(1110, 37, 15, 103, 54, b'0', b'0', 1174, 880, 7),
(1111, 38, 1, 75, 8, b'0', b'0', 1000, 750, 7),
(1112, 38, 1, 8, 75, b'1', b'0', 1095, 1369, 7),
(1113, 38, 2, 93, 7, b'1', b'0', 1097, 1371, 7),
(1114, 38, 2, 7, 93, b'0', b'0', 1232, 924, 7),
(1115, 38, 3, 97, 28, b'1', b'0', 1043, 1304, 7),
(1116, 38, 3, 28, 97, b'0', b'0', 1058, 794, 7),
(1117, 38, 4, 53, 61, b'1', b'0', 1067, 1334, 7),
(1118, 38, 4, 61, 53, b'0', b'0', 1102, 826, 7),
(1119, 38, 5, 98, 6, b'1', b'0', 1180, 1475, 7),
(1120, 38, 5, 6, 98, b'0', b'0', 1036, 777, 7),
(1121, 38, 6, 96, 8, b'0', b'0', 1000, 750, 7),
(1122, 38, 6, 8, 96, b'1', b'0', 1155, 1444, 7),
(1123, 38, 7, 75, 28, b'0', b'0', 1043, 782, 7),
(1124, 38, 7, 28, 75, b'1', b'0', 1095, 1369, 7),
(1125, 38, 8, 97, 7, b'0', b'0', 1097, 823, 7),
(1126, 38, 8, 7, 97, b'1', b'0', 1058, 1322, 7),
(1127, 38, 9, 93, 6, b'1', b'0', 1180, 1475, 7),
(1128, 38, 9, 6, 93, b'0', b'0', 1232, 924, 7),
(1129, 38, 10, 53, 7, b'1', b'0', 1097, 1371, 7),
(1130, 38, 10, 7, 53, b'0', b'0', 1102, 826, 7),
(1131, 38, 11, 98, 61, b'0', b'0', 1067, 800, 7),
(1132, 38, 11, 61, 98, b'1', b'0', 1036, 1295, 7),
(1133, 38, 12, 97, 8, b'1', b'0', 1000, 1250, 7),
(1134, 38, 12, 8, 97, b'0', b'0', 1058, 794, 7),
(1135, 38, 13, 93, 61, b'1', b'0', 1067, 1334, 7),
(1136, 38, 13, 61, 93, b'0', b'0', 1232, 924, 7),
(1137, 38, 14, 75, 6, b'1', b'0', 1180, 1475, 7),
(1138, 38, 14, 6, 75, b'0', b'0', 1095, 821, 7),
(1139, 38, 15, 53, 28, b'0', b'0', 1043, 782, 7),
(1140, 38, 15, 28, 53, b'1', b'0', 1102, 1378, 7),
(1141, 39, 1, 2, 116, b'1', b'0', 1318, 1648, 7),
(1142, 39, 1, 116, 2, b'0', b'0', 958, 718, 7),
(1143, 39, 2, 63, 27, b'1', b'0', 1055, 1319, 7),
(1144, 39, 2, 27, 63, b'0', b'0', 1124, 843, 7),
(1145, 39, 3, 1, 32, b'1', b'0', 1074, 1342, 7),
(1146, 39, 3, 32, 1, b'0', b'0', 1096, 822, 7),
(1147, 39, 4, 3, 16, b'0', b'0', 929, 697, 7),
(1148, 39, 4, 16, 3, b'1', b'0', 928, 1160, 7),
(1149, 39, 5, 4, 14, b'1', b'0', 931, 1164, 7),
(1150, 39, 5, 14, 4, b'0', b'0', 942, 706, 7),
(1151, 39, 6, 2, 17, b'1', b'0', 920, 1150, 7),
(1152, 39, 6, 17, 2, b'0', b'0', 958, 718, 7),
(1153, 39, 7, 63, 116, b'0', b'0', 1318, 988, 7),
(1154, 39, 7, 116, 63, b'1', b'0', 1124, 1405, 7),
(1155, 39, 8, 4, 116, b'1', b'0', 1318, 1648, 7),
(1156, 39, 8, 116, 4, b'0', b'0', 942, 706, 7),
(1157, 39, 9, 1, 16, b'0', b'0', 929, 697, 7),
(1158, 39, 9, 16, 1, b'1', b'0', 1096, 1370, 7),
(1159, 39, 10, 63, 32, b'1', b'0', 1074, 1342, 7),
(1160, 39, 10, 32, 63, b'0', b'0', 1124, 843, 7),
(1161, 39, 11, 3, 14, b'1', b'0', 931, 1164, 7),
(1162, 39, 11, 14, 3, b'0', b'0', 928, 696, 7),
(1163, 39, 12, 2, 27, b'1', b'0', 1055, 1319, 7),
(1164, 39, 12, 27, 2, b'0', b'0', 958, 718, 7),
(1165, 39, 13, 4, 17, b'0', b'0', 920, 690, 7),
(1166, 39, 13, 17, 4, b'1', b'0', 942, 1178, 7),
(1167, 39, 14, 3, 27, b'1', b'0', 1055, 1319, 7),
(1168, 39, 14, 27, 3, b'0', b'0', 928, 696, 7),
(1169, 39, 15, 1, 14, b'1', b'0', 931, 1164, 7),
(1170, 39, 15, 14, 1, b'0', b'0', 1096, 822, 7),
(1171, 40, 1, 85, 46, b'0', b'0', 1055, 791, 7),
(1172, 40, 1, 46, 85, b'1', b'0', 1011, 1264, 7),
(1173, 40, 2, 121, 73, b'0', b'0', 1143, 857, 7),
(1174, 40, 2, 73, 121, b'1', b'0', 1000, 1250, 7),
(1175, 40, 3, 90, 72, b'0', b'0', 1161, 871, 7),
(1176, 40, 3, 72, 90, b'1', b'0', 1044, 1305, 7),
(1177, 40, 4, 87, 39, b'0', b'0', 1190, 892, 7),
(1178, 40, 4, 39, 87, b'1', b'0', 1131, 1414, 7),
(1179, 40, 5, 80, 60, b'0', b'0', 1096, 822, 7),
(1180, 40, 5, 60, 80, b'1', b'0', 1103, 1379, 7),
(1181, 40, 6, 86, 46, b'0', b'0', 1055, 791, 7),
(1182, 40, 6, 46, 86, b'1', b'0', 1186, 1482, 7),
(1183, 40, 7, 77, 46, b'0', b'0', 1055, 791, 7),
(1184, 40, 7, 46, 77, b'1', b'0', 927, 1159, 7),
(1185, 40, 8, 121, 72, b'1', b'0', 1161, 1451, 7),
(1186, 40, 8, 72, 121, b'0', b'0', 1000, 750, 7),
(1187, 40, 9, 86, 73, b'0', b'0', 1143, 857, 7),
(1188, 40, 9, 73, 86, b'1', b'0', 1186, 1482, 7),
(1189, 40, 10, 85, 60, b'1', b'0', 1096, 1370, 7),
(1190, 40, 10, 60, 85, b'0', b'0', 1011, 758, 7),
(1191, 40, 11, 90, 39, b'0', b'0', 1190, 892, 7),
(1192, 40, 11, 39, 90, b'1', b'0', 1044, 1305, 7),
(1193, 40, 12, 87, 72, b'1', b'0', 1161, 1451, 7),
(1194, 40, 12, 72, 87, b'0', b'0', 1131, 848, 7),
(1195, 40, 13, 80, 39, b'0', b'0', 1190, 892, 7),
(1196, 40, 13, 39, 80, b'1', b'0', 1103, 1379, 7),
(1197, 40, 14, 77, 73, b'1', b'0', 1143, 1429, 7),
(1198, 40, 14, 73, 77, b'0', b'0', 927, 695, 7),
(1199, 40, 15, 121, 60, b'1', b'0', 1096, 1370, 7),
(1200, 40, 15, 60, 121, b'0', b'0', 1000, 750, 7),
(1201, 41, 1, 19, 13, b'0', b'0', 1060, 795, 7),
(1202, 41, 1, 13, 19, b'1', b'0', 981, 1226, 7),
(1203, 41, 2, 67, 11, b'1', b'0', 1199, 1499, 7),
(1204, 41, 2, 11, 67, b'0', b'0', 1283, 962, 7),
(1205, 41, 3, 106, 31, b'1', b'0', 1012, 1265, 7),
(1206, 41, 3, 31, 106, b'0', b'0', 875, 656, 7),
(1207, 41, 4, 22, 33, b'0', b'0', 778, 584, 7),
(1208, 41, 4, 33, 22, b'1', b'0', 1170, 1462, 7),
(1209, 41, 5, 20, 30, b'0', b'0', 1052, 789, 7),
(1210, 41, 5, 30, 20, b'1', b'0', 1082, 1352, 7),
(1211, 41, 6, 21, 13, b'0', b'0', 1060, 795, 7),
(1212, 41, 6, 13, 21, b'1', b'0', 852, 1065, 7),
(1213, 41, 7, 67, 33, b'0', b'0', 778, 584, 7),
(1214, 41, 7, 33, 67, b'1', b'0', 1283, 1604, 7),
(1215, 41, 8, 22, 11, b'1', b'0', 1199, 1499, 7),
(1216, 41, 8, 11, 22, b'0', b'0', 1170, 878, 7),
(1217, 41, 9, 20, 31, b'1', b'0', 1012, 1265, 7),
(1218, 41, 9, 31, 20, b'0', b'0', 1082, 812, 7),
(1219, 41, 10, 106, 30, b'0', b'0', 1052, 789, 7),
(1220, 41, 10, 30, 106, b'1', b'0', 875, 1094, 7),
(1221, 41, 11, 67, 31, b'1', b'0', 1012, 1265, 7),
(1222, 41, 11, 31, 67, b'0', b'0', 1283, 962, 7),
(1223, 41, 12, 21, 33, b'1', b'0', 778, 972, 7),
(1224, 41, 12, 33, 21, b'0', b'0', 852, 639, 7),
(1225, 41, 13, 22, 30, b'0', b'0', 1052, 789, 7),
(1226, 41, 13, 30, 22, b'1', b'0', 1170, 1462, 7),
(1227, 41, 14, 19, 11, b'0', b'0', 1199, 899, 7),
(1228, 41, 14, 11, 19, b'1', b'0', 981, 1226, 7),
(1229, 41, 15, 20, 13, b'0', b'0', 1060, 795, 7),
(1230, 41, 15, 13, 20, b'1', b'0', 1082, 1352, 7),
(1231, 42, 1, 43, 40, b'1', b'0', 1080, 1350, 7),
(1232, 42, 1, 40, 43, b'0', b'0', 1074, 806, 7),
(1233, 42, 2, 117, 100, b'1', b'0', 860, 1075, 7),
(1234, 42, 2, 100, 117, b'0', b'0', 1195, 896, 7),
(1235, 42, 3, 47, 84, b'1', b'0', 1000, 1250, 7),
(1236, 42, 3, 84, 47, b'0', b'0', 1109, 832, 7),
(1237, 42, 4, 44, 51, b'1', b'0', 1237, 1546, 7),
(1238, 42, 4, 51, 44, b'0', b'0', 1144, 858, 7),
(1239, 42, 5, 45, 52, b'1', b'0', 1000, 1250, 7),
(1240, 42, 5, 52, 45, b'0', b'0', 1164, 873, 7),
(1241, 42, 6, 43, 100, b'1', b'0', 860, 1075, 7),
(1242, 42, 6, 100, 43, b'0', b'0', 1074, 806, 7),
(1243, 42, 7, 117, 40, b'0', b'0', 1080, 810, 7),
(1244, 42, 7, 40, 117, b'1', b'0', 1195, 1494, 7),
(1245, 42, 8, 47, 51, b'0', b'0', 1237, 928, 7),
(1246, 42, 8, 51, 47, b'1', b'0', 1109, 1386, 7),
(1247, 42, 9, 44, 52, b'1', b'0', 1000, 1250, 7),
(1248, 42, 9, 52, 44, b'0', b'0', 1144, 858, 7),
(1249, 42, 10, 45, 84, b'1', b'0', 1000, 1250, 7),
(1250, 42, 10, 84, 45, b'0', b'0', 1164, 873, 7),
(1251, 42, 11, 117, 51, b'1', b'0', 1237, 1546, 7),
(1252, 42, 11, 51, 117, b'0', b'0', 1195, 896, 7),
(1253, 42, 12, 47, 52, b'0', b'0', 1000, 750, 7),
(1254, 42, 12, 52, 47, b'1', b'0', 1109, 1386, 7),
(1255, 42, 13, 43, 84, b'0', b'0', 1000, 750, 7),
(1256, 42, 13, 84, 43, b'1', b'0', 1074, 1342, 7),
(1257, 42, 14, 45, 100, b'1', b'0', 860, 1075, 7),
(1258, 42, 14, 100, 45, b'0', b'0', 1164, 873, 7),
(1259, 42, 15, 44, 40, b'1', b'0', 1080, 1350, 7),
(1260, 42, 15, 40, 44, b'0', b'0', 1144, 858, 7),
(1261, 43, 1, 46, 83, b'0', b'0', 1183, 887, 8),
(1262, 43, 1, 83, 46, b'1', b'0', 1112, 1390, 8),
(1263, 43, 2, 72, 88, b'1', b'0', 1231, 1539, 8),
(1264, 43, 2, 88, 72, b'0', b'0', 1148, 861, 8),
(1265, 43, 3, 60, 48, b'1', b'0', 1009, 1261, 8),
(1266, 43, 3, 48, 60, b'0', b'0', 1075, 806, 8),
(1267, 43, 4, 73, 38, b'0', b'0', 1053, 790, 8),
(1268, 43, 4, 38, 73, b'1', b'0', 1156, 1445, 8),
(1269, 43, 5, 39, 54, b'1', b'0', 1172, 1465, 8),
(1270, 43, 5, 54, 39, b'0', b'0', 1245, 934, 8),
(1271, 43, 6, 72, 38, b'0', b'0', 1053, 790, 8),
(1272, 43, 6, 38, 72, b'1', b'0', 1148, 1435, 8),
(1273, 43, 7, 46, 37, b'0', b'0', 1177, 883, 8),
(1274, 43, 7, 37, 46, b'1', b'0', 1112, 1390, 8),
(1275, 43, 8, 60, 83, b'0', b'0', 1183, 887, 8),
(1276, 43, 8, 83, 60, b'1', b'1', 1075, 1451, 8),
(1277, 43, 9, 39, 88, b'0', b'0', 1231, 923, 8),
(1278, 43, 9, 88, 39, b'1', b'0', 1245, 1556, 8),
(1279, 43, 10, 46, 54, b'0', b'0', 1172, 879, 8),
(1280, 43, 10, 54, 46, b'1', b'0', 1112, 1390, 8),
(1281, 43, 11, 72, 83, b'0', b'0', 1183, 887, 8),
(1282, 43, 11, 83, 72, b'1', b'0', 1148, 1435, 8),
(1283, 43, 12, 39, 48, b'1', b'0', 1009, 1261, 8),
(1284, 43, 12, 48, 39, b'0', b'0', 1245, 934, 8),
(1285, 43, 13, 60, 37, b'1', b'0', 1177, 1471, 8),
(1286, 43, 13, 37, 60, b'0', b'0', 1075, 806, 8),
(1287, 43, 14, 73, 88, b'0', b'0', 1231, 923, 8),
(1288, 43, 14, 88, 73, b'1', b'0', 1156, 1445, 8),
(1289, 43, 15, 73, 37, b'1', b'0', 1177, 1471, 8),
(1290, 43, 15, 37, 73, b'0', b'0', 1156, 867, 8),
(1291, 44, 1, 28, 78, b'0', b'0', 1124, 843, 8),
(1292, 44, 1, 78, 28, b'1', b'0', 1073, 1341, 8),
(1293, 44, 2, 9, 87, b'1', b'0', 1148, 1435, 8),
(1294, 44, 2, 87, 9, b'0', b'0', 995, 746, 8),
(1295, 44, 3, 8, 85, b'1', b'0', 1000, 1250, 8),
(1296, 44, 3, 85, 8, b'0', b'0', 1053, 790, 8),
(1297, 44, 4, 7, 80, b'0', b'0', 1063, 797, 8),
(1298, 44, 4, 80, 7, b'1', b'0', 1087, 1359, 8),
(1299, 44, 5, 6, 81, b'1', b'0', 1126, 1408, 8),
(1300, 44, 5, 81, 6, b'0', b'0', 1138, 854, 8),
(1301, 44, 6, 28, 87, b'1', b'0', 1148, 1435, 8),
(1302, 44, 6, 87, 28, b'0', b'0', 1073, 805, 8),
(1303, 44, 7, 9, 78, b'1', b'0', 1124, 1405, 8),
(1304, 44, 7, 78, 9, b'0', b'0', 995, 746, 8),
(1305, 44, 8, 7, 81, b'1', b'0', 1126, 1408, 8),
(1306, 44, 8, 81, 7, b'0', b'0', 1087, 815, 8),
(1307, 44, 9, 8, 80, b'0', b'0', 1063, 797, 8),
(1308, 44, 9, 80, 8, b'1', b'0', 1053, 1316, 8),
(1309, 44, 10, 6, 78, b'1', b'0', 1124, 1405, 8),
(1310, 44, 10, 78, 6, b'0', b'0', 1138, 854, 8),
(1311, 44, 11, 7, 85, b'1', b'0', 1000, 1250, 8),
(1312, 44, 11, 85, 7, b'0', b'0', 1087, 815, 8),
(1313, 44, 12, 28, 81, b'1', b'0', 1126, 1408, 8),
(1314, 44, 12, 81, 28, b'0', b'0', 1073, 805, 8),
(1315, 44, 13, 9, 85, b'0', b'0', 1000, 750, 8),
(1316, 44, 13, 85, 9, b'1', b'0', 995, 1244, 8),
(1317, 44, 14, 8, 87, b'0', b'0', 1148, 861, 8),
(1318, 44, 14, 87, 8, b'1', b'0', 1053, 1316, 8),
(1319, 44, 15, 6, 80, b'0', b'0', 1063, 797, 8),
(1320, 44, 15, 80, 6, b'1', b'0', 1138, 1422, 8),
(1321, 45, 1, 49, 19, b'1', b'0', 998, 1248, 8),
(1322, 45, 1, 19, 49, b'0', b'0', 1108, 831, 8),
(1323, 45, 2, 41, 67, b'1', b'0', 1275, 1594, 8),
(1324, 45, 2, 67, 41, b'0', b'0', 1170, 878, 8),
(1325, 45, 3, 42, 22, b'0', b'0', 1144, 858, 8),
(1326, 45, 3, 22, 42, b'1', b'0', 1135, 1419, 8),
(1327, 45, 4, 51, 115, b'1', b'0', 731, 914, 8),
(1328, 45, 4, 115, 51, b'0', b'0', 1226, 920, 8),
(1329, 45, 5, 52, 20, b'1', b'0', 1086, 1358, 8),
(1330, 45, 5, 20, 52, b'0', b'0', 1061, 796, 8),
(1331, 45, 6, 40, 106, b'1', b'0', 955, 1194, 8),
(1332, 45, 6, 106, 40, b'0', b'0', 1105, 829, 8),
(1333, 45, 7, 41, 21, b'1', b'0', 878, 1098, 8),
(1334, 45, 7, 21, 41, b'0', b'0', 1170, 878, 8),
(1335, 45, 8, 42, 19, b'1', b'0', 998, 1248, 8),
(1336, 45, 8, 19, 42, b'0', b'0', 1135, 851, 8),
(1337, 45, 9, 51, 22, b'0', b'0', 1144, 858, 8),
(1338, 45, 9, 22, 51, b'1', b'0', 1226, 1532, 8),
(1339, 45, 10, 52, 67, b'0', b'0', 1275, 956, 8),
(1340, 45, 10, 67, 52, b'1', b'0', 1061, 1326, 8),
(1341, 45, 11, 40, 20, b'0', b'0', 1086, 814, 8),
(1342, 45, 11, 20, 40, b'1', b'0', 1105, 1381, 8),
(1343, 45, 12, 41, 22, b'1', b'0', 1144, 1430, 8),
(1344, 45, 12, 22, 41, b'0', b'0', 1170, 878, 8),
(1345, 45, 13, 42, 67, b'1', b'0', 1275, 1594, 8),
(1346, 45, 13, 67, 42, b'0', b'0', 1135, 851, 8),
(1347, 45, 14, 51, 21, b'1', b'0', 878, 1098, 8),
(1348, 45, 14, 21, 51, b'0', b'0', 1226, 920, 8),
(1349, 45, 15, 40, 19, b'1', b'0', 998, 1248, 8),
(1350, 45, 15, 19, 40, b'0', b'0', 1105, 829, 8),
(1351, 46, 1, 31, 75, b'0', b'0', 1079, 809, 8),
(1352, 46, 1, 75, 31, b'1', b'0', 983, 1229, 8),
(1353, 46, 2, 11, 75, b'0', b'0', 1079, 809, 8),
(1354, 46, 2, 75, 11, b'1', b'0', 1169, 1461, 8),
(1355, 46, 3, 29, 93, b'0', b'0', 1269, 952, 8),
(1356, 46, 3, 93, 29, b'1', b'0', 1247, 1559, 8),
(1357, 46, 4, 13, 75, b'0', b'0', 1079, 809, 8),
(1358, 46, 4, 75, 13, b'1', b'0', 1101, 1376, 8),
(1359, 46, 5, 31, 97, b'0', b'0', 1083, 812, 8),
(1360, 46, 5, 97, 31, b'1', b'0', 983, 1229, 8),
(1361, 46, 6, 33, 95, b'1', b'0', 976, 1220, 8),
(1362, 46, 6, 95, 33, b'0', b'0', 1018, 764, 8),
(1363, 46, 7, 29, 97, b'1', b'0', 1083, 1354, 8),
(1364, 46, 7, 97, 29, b'0', b'0', 1247, 935, 8),
(1365, 46, 8, 11, 93, b'1', b'0', 1269, 1586, 8),
(1366, 46, 8, 93, 11, b'0', b'0', 1169, 877, 8),
(1367, 46, 9, 33, 53, b'0', b'0', 1115, 836, 8),
(1368, 46, 9, 53, 33, b'1', b'0', 1018, 1272, 8),
(1369, 46, 10, 13, 95, b'1', b'0', 976, 1220, 8),
(1370, 46, 10, 95, 13, b'0', b'0', 1101, 826, 8),
(1371, 46, 11, 29, 53, b'0', b'0', 1115, 836, 8),
(1372, 46, 11, 53, 29, b'1', b'0', 1247, 1559, 8),
(1373, 46, 12, 11, 97, b'0', b'0', 1083, 812, 8),
(1374, 46, 12, 97, 11, b'1', b'0', 1169, 1461, 8),
(1375, 46, 13, 33, 93, b'1', b'0', 1269, 1586, 8),
(1376, 46, 13, 93, 33, b'0', b'0', 1018, 764, 8),
(1377, 46, 14, 31, 95, b'0', b'0', 976, 732, 8),
(1378, 46, 14, 95, 31, b'1', b'0', 983, 1229, 8),
(1379, 46, 15, 13, 53, b'1', b'0', 1115, 1394, 8),
(1380, 46, 15, 53, 13, b'0', b'0', 1101, 826, 8),
(1381, 47, 1, 15, 117, b'0', b'0', 1213, 910, 8),
(1382, 47, 1, 117, 15, b'1', b'0', 1102, 1378, 8),
(1383, 47, 2, 14, 47, b'0', b'0', 1099, 824, 8),
(1384, 47, 2, 47, 14, b'1', b'0', 914, 1142, 8),
(1385, 47, 3, 116, 43, b'1', b'0', 1091, 1364, 8),
(1386, 47, 3, 43, 116, b'0', b'0', 1215, 911, 8),
(1387, 47, 4, 17, 45, b'0', b'0', 1182, 886, 8),
(1388, 47, 4, 45, 17, b'1', b'0', 945, 1181, 8),
(1389, 47, 5, 27, 59, b'0', b'0', 1183, 887, 8),
(1390, 47, 5, 59, 27, b'1', b'0', 1010, 1262, 8),
(1391, 47, 6, 16, 44, b'0', b'0', 1243, 932, 8),
(1392, 47, 6, 44, 16, b'1', b'0', 1008, 1260, 8),
(1393, 47, 7, 14, 117, b'0', b'0', 1213, 910, 8),
(1394, 47, 7, 117, 14, b'1', b'0', 914, 1142, 8),
(1395, 47, 8, 116, 47, b'1', b'0', 1099, 1374, 8),
(1396, 47, 8, 47, 116, b'0', b'0', 1215, 911, 8),
(1397, 47, 9, 15, 45, b'0', b'0', 1182, 886, 8),
(1398, 47, 9, 45, 15, b'1', b'0', 1102, 1378, 8),
(1399, 47, 10, 17, 59, b'0', b'0', 1183, 887, 8),
(1400, 47, 10, 59, 17, b'1', b'0', 945, 1181, 8),
(1401, 47, 11, 27, 44, b'0', b'0', 1243, 932, 8),
(1402, 47, 11, 44, 27, b'1', b'0', 1010, 1262, 8),
(1403, 47, 12, 16, 43, b'0', b'0', 1091, 818, 8),
(1404, 47, 12, 43, 16, b'1', b'0', 1008, 1260, 8),
(1405, 47, 13, 116, 117, b'0', b'0', 1213, 910, 8),
(1406, 47, 13, 117, 116, b'1', b'0', 1215, 1519, 8),
(1407, 47, 14, 14, 59, b'0', b'0', 1183, 887, 8),
(1408, 47, 14, 59, 14, b'1', b'0', 914, 1142, 8),
(1409, 47, 15, 16, 45, b'0', b'0', 1182, 886, 8),
(1410, 47, 15, 45, 16, b'1', b'0', 1008, 1260, 8),
(1411, 48, 1, 89, 2, b'1', b'0', 1046, 1308, 8),
(1412, 48, 1, 2, 89, b'0', b'0', 1071, 803, 8),
(1413, 48, 2, 120, 63, b'1', b'0', 1149, 1436, 8),
(1414, 48, 2, 63, 120, b'0', b'0', 922, 692, 8),
(1415, 48, 3, 122, 1, b'0', b'0', 1074, 806, 8),
(1416, 48, 3, 1, 122, b'1', b'0', 1000, 1250, 8),
(1417, 48, 4, 65, 4, b'1', b'0', 990, 1238, 8),
(1418, 48, 4, 4, 65, b'0', b'0', 1146, 860, 8),
(1419, 48, 5, 26, 3, b'1', b'0', 970, 1212, 8),
(1420, 48, 5, 3, 26, b'0', b'0', 1074, 806, 8),
(1421, 48, 6, 34, 2, b'1', b'0', 1046, 1308, 8),
(1422, 48, 6, 2, 34, b'0', b'0', 798, 598, 8),
(1423, 48, 7, 89, 63, b'1', b'0', 1149, 1436, 8),
(1424, 48, 7, 63, 89, b'0', b'0', 1071, 803, 8),
(1425, 48, 8, 120, 1, b'1', b'0', 1074, 1342, 8),
(1426, 48, 8, 1, 120, b'0', b'0', 922, 692, 8),
(1427, 48, 9, 122, 4, b'0', b'0', 990, 742, 8),
(1428, 48, 9, 4, 122, b'1', b'0', 1000, 1250, 8),
(1429, 48, 10, 65, 3, b'0', b'0', 970, 728, 8),
(1430, 48, 10, 3, 65, b'1', b'0', 1146, 1432, 8),
(1431, 48, 11, 26, 2, b'0', b'0', 1046, 784, 8),
(1432, 48, 11, 2, 26, b'1', b'0', 1074, 1342, 8),
(1433, 48, 12, 34, 123, b'0', b'0', 1000, 750, 8),
(1434, 48, 12, 123, 34, b'1', b'0', 798, 998, 8),
(1435, 48, 13, 120, 4, b'0', b'0', 990, 742, 8),
(1436, 48, 13, 4, 120, b'1', b'0', 922, 1152, 8),
(1437, 48, 14, 89, 1, b'1', b'0', 1074, 1342, 8),
(1438, 48, 14, 1, 89, b'0', b'0', 1071, 803, 8),
(1439, 48, 15, 122, 3, b'0', b'0', 970, 728, 8),
(1440, 48, 15, 3, 122, b'1', b'0', 1000, 1250, 8),
(1441, 49, 1, 43, 89, b'1', b'0', 1135, 1419, 9),
(1442, 49, 1, 89, 43, b'0', b'0', 1112, 834, 9),
(1443, 49, 2, 117, 65, b'1', b'0', 1131, 1414, 9),
(1444, 49, 2, 65, 117, b'0', b'0', 1282, 962, 9),
(1445, 49, 3, 44, 124, b'0', b'0', 1000, 750, 9),
(1446, 49, 3, 124, 44, b'1', b'0', 1250, 1562, 9),
(1447, 49, 4, 47, 122, b'1', b'0', 772, 965, 9),
(1448, 49, 4, 122, 47, b'0', b'0', 1102, 826, 9),
(1449, 49, 5, 59, 120, b'1', b'0', 1056, 1320, 9),
(1450, 49, 5, 120, 59, b'0', b'0', 1205, 904, 9),
(1451, 49, 6, 43, 65, b'1', b'0', 1131, 1414, 9),
(1452, 49, 6, 65, 43, b'0', b'0', 1112, 834, 9),
(1453, 49, 7, 117, 125, b'1', b'1', 1000, 1350, 9),
(1454, 49, 7, 125, 117, b'0', b'0', 1282, 962, 9),
(1455, 49, 8, 44, 89, b'1', b'0', 1135, 1419, 9),
(1456, 49, 8, 89, 44, b'0', b'0', 1250, 938, 9),
(1457, 49, 9, 47, 124, b'0', b'0', 1000, 750, 9),
(1458, 49, 9, 124, 47, b'1', b'0', 1102, 1378, 9),
(1459, 49, 10, 59, 122, b'1', b'0', 772, 965, 9),
(1460, 49, 10, 122, 59, b'0', b'0', 1205, 904, 9),
(1461, 49, 11, 47, 125, b'1', b'0', 1000, 1250, 9),
(1462, 49, 11, 125, 47, b'0', b'0', 1102, 826, 9),
(1463, 49, 12, 43, 120, b'0', b'0', 1056, 792, 9),
(1464, 49, 12, 120, 43, b'1', b'0', 1112, 1390, 9),
(1465, 49, 13, 117, 89, b'1', b'0', 1135, 1419, 9),
(1466, 49, 13, 89, 117, b'0', b'0', 1282, 962, 9),
(1467, 49, 14, 44, 65, b'1', b'0', 1131, 1414, 9),
(1468, 49, 14, 65, 44, b'0', b'0', 1250, 938, 9),
(1469, 49, 15, 59, 124, b'1', b'0', 1000, 1250, 9),
(1470, 49, 15, 124, 59, b'0', b'0', 1205, 904, 9),
(1471, 50, 1, 83, 61, b'1', b'0', 1080, 1350, 9),
(1472, 50, 1, 61, 83, b'0', b'0', 1254, 940, 9),
(1473, 50, 2, 88, 6, b'1', b'1', 1166, 1574, 9),
(1474, 50, 2, 6, 88, b'0', b'0', 1262, 946, 9),
(1475, 50, 3, 38, 7, b'0', b'0', 1106, 830, 9),
(1476, 50, 3, 7, 38, b'1', b'0', 1123, 1404, 9),
(1477, 50, 4, 48, 9, b'1', b'0', 1046, 1308, 9),
(1478, 50, 4, 9, 48, b'0', b'0', 1003, 752, 9),
(1479, 50, 5, 54, 8, b'1', b'0', 1051, 1314, 9),
(1480, 50, 5, 8, 54, b'0', b'0', 1184, 888, 9),
(1481, 50, 6, 37, 7, b'1', b'0', 1106, 1382, 9),
(1482, 50, 6, 7, 37, b'0', b'0', 1163, 872, 9),
(1483, 50, 7, 83, 9, b'0', b'0', 1046, 784, 9),
(1484, 50, 7, 9, 83, b'1', b'0', 1254, 1568, 9),
(1485, 50, 8, 88, 61, b'1', b'0', 1080, 1350, 9),
(1486, 50, 8, 61, 88, b'0', b'0', 1262, 946, 9),
(1487, 50, 9, 48, 8, b'1', b'0', 1051, 1314, 9),
(1488, 50, 9, 8, 48, b'0', b'0', 1003, 752, 9),
(1489, 50, 10, 54, 6, b'0', b'0', 1166, 874, 9),
(1490, 50, 10, 6, 54, b'1', b'0', 1184, 1480, 9),
(1491, 50, 11, 37, 9, b'1', b'0', 1046, 1308, 9),
(1492, 50, 11, 9, 37, b'0', b'0', 1163, 872, 9),
(1493, 50, 12, 83, 7, b'1', b'0', 1106, 1382, 9),
(1494, 50, 12, 7, 83, b'0', b'0', 1254, 940, 9),
(1495, 50, 13, 88, 8, b'1', b'1', 1051, 1419, 9),
(1496, 50, 13, 8, 88, b'0', b'0', 1262, 946, 9),
(1497, 50, 14, 48, 6, b'1', b'0', 1166, 1458, 9),
(1498, 50, 14, 6, 48, b'0', b'0', 1003, 752, 9),
(1499, 50, 15, 37, 61, b'1', b'0', 1080, 1350, 9),
(1500, 50, 15, 61, 37, b'0', b'0', 1163, 872, 9),
(1501, 51, 1, 49, 15, b'0', b'0', 1077, 808, 9),
(1502, 51, 1, 15, 49, b'1', b'0', 1145, 1431, 9),
(1503, 51, 2, 40, 116, b'1', b'0', 1231, 1539, 9),
(1504, 51, 2, 116, 40, b'0', b'0', 1134, 850, 9),
(1505, 51, 3, 51, 14, b'1', b'0', 915, 1144, 9),
(1506, 51, 3, 14, 51, b'0', b'0', 1187, 890, 9),
(1507, 51, 4, 42, 16, b'1', b'0', 985, 1231, 9),
(1508, 51, 4, 16, 42, b'0', b'0', 1176, 882, 9),
(1509, 51, 5, 41, 27, b'1', b'0', 1003, 1254, 9),
(1510, 51, 5, 27, 41, b'0', b'0', 1246, 934, 9),
(1511, 51, 6, 49, 17, b'0', b'0', 951, 713, 9),
(1512, 51, 6, 17, 49, b'1', b'0', 1145, 1431, 9),
(1513, 51, 7, 40, 15, b'0', b'0', 1077, 808, 9),
(1514, 51, 7, 15, 40, b'1', b'0', 1134, 1418, 9),
(1515, 51, 8, 51, 116, b'1', b'0', 1231, 1539, 9),
(1516, 51, 8, 116, 51, b'0', b'0', 1187, 890, 9),
(1517, 51, 9, 42, 14, b'1', b'0', 915, 1144, 9),
(1518, 51, 9, 14, 42, b'0', b'0', 1176, 882, 9),
(1519, 51, 10, 41, 17, b'0', b'0', 951, 713, 9),
(1520, 51, 10, 17, 41, b'1', b'0', 1246, 1558, 9),
(1521, 51, 11, 49, 27, b'1', b'0', 1003, 1254, 9),
(1522, 51, 11, 27, 49, b'0', b'0', 1145, 859, 9),
(1523, 51, 12, 40, 16, b'1', b'0', 985, 1231, 9),
(1524, 51, 12, 16, 40, b'0', b'0', 1134, 850, 9),
(1525, 51, 13, 51, 15, b'0', b'0', 1077, 808, 9),
(1526, 51, 13, 15, 51, b'1', b'0', 1187, 1484, 9),
(1527, 51, 14, 42, 17, b'1', b'0', 951, 1189, 9),
(1528, 51, 14, 17, 42, b'0', b'0', 1176, 882, 9),
(1529, 51, 15, 41, 116, b'1', b'0', 1231, 1539, 9),
(1530, 51, 15, 116, 41, b'0', b'0', 1246, 934, 9),
(1531, 52, 1, 19, 93, b'1', b'0', 1247, 1559, 9),
(1532, 52, 1, 93, 19, b'0', b'0', 982, 736, 9),
(1533, 52, 2, 67, 75, b'1', b'0', 1156, 1445, 9),
(1534, 52, 2, 75, 67, b'0', b'0', 1254, 940, 9),
(1535, 52, 3, 22, 97, b'1', b'0', 1121, 1401, 9),
(1536, 52, 3, 97, 22, b'0', b'0', 1185, 889, 9),
(1537, 52, 4, 20, 95, b'1', b'0', 982, 1228, 9),
(1538, 52, 4, 95, 20, b'0', b'0', 1102, 826, 9),
(1539, 52, 5, 106, 53, b'0', b'0', 1143, 857, 9),
(1540, 52, 5, 53, 106, b'1', b'0', 937, 1171, 9),
(1541, 52, 6, 21, 109, b'1', b'0', 983, 1229, 9),
(1542, 52, 6, 109, 21, b'0', b'0', 922, 692, 9),
(1543, 52, 7, 67, 93, b'1', b'0', 1247, 1559, 9),
(1544, 52, 7, 93, 67, b'0', b'0', 1254, 940, 9),
(1545, 52, 8, 19, 95, b'1', b'0', 982, 1228, 9),
(1546, 52, 8, 95, 19, b'0', b'0', 982, 736, 9),
(1547, 52, 9, 22, 75, b'1', b'0', 1156, 1445, 9),
(1548, 52, 9, 75, 22, b'0', b'0', 1185, 889, 9),
(1549, 52, 10, 20, 97, b'0', b'0', 1121, 841, 9),
(1550, 52, 10, 97, 20, b'1', b'0', 1102, 1378, 9),
(1551, 52, 11, 21, 53, b'0', b'0', 1143, 857, 9),
(1552, 52, 11, 53, 21, b'1', b'0', 922, 1152, 9),
(1553, 52, 12, 67, 97, b'1', b'0', 1121, 1401, 9),
(1554, 52, 12, 97, 67, b'0', b'0', 1254, 940, 9),
(1555, 52, 13, 19, 75, b'0', b'0', 1156, 867, 9),
(1556, 52, 13, 75, 19, b'1', b'0', 982, 1228, 9),
(1557, 52, 14, 22, 93, b'0', b'0', 1247, 935, 9),
(1558, 52, 14, 93, 22, b'1', b'0', 1185, 1481, 9),
(1559, 52, 15, 20, 53, b'1', b'0', 1143, 1429, 9),
(1560, 52, 15, 53, 20, b'0', b'0', 1102, 826, 9),
(1561, 53, 1, 2, 10, b'1', b'0', 1023, 1279, 9),
(1562, 53, 1, 10, 2, b'0', b'0', 1020, 765, 9),
(1563, 53, 2, 63, 113, b'1', b'0', 878, 1098, 9),
(1564, 53, 2, 113, 63, b'0', b'0', 1093, 820, 9),
(1565, 53, 3, 55, 102, b'1', b'0', 864, 1080, 9),
(1566, 53, 3, 102, 55, b'0', b'0', 906, 680, 9),
(1567, 53, 4, 4, 103, b'1', b'0', 862, 1078, 9),
(1568, 53, 4, 103, 4, b'0', b'0', 1013, 760, 9),
(1569, 53, 5, 123, 102, b'0', b'0', 864, 648, 9),
(1570, 53, 5, 102, 123, b'1', b'0', 1016, 1270, 9),
(1571, 53, 6, 1, 10, b'0', b'0', 1023, 767, 9),
(1572, 53, 6, 10, 1, b'1', b'0', 1053, 1316, 9),
(1573, 53, 7, 2, 113, b'1', b'0', 878, 1098, 9),
(1574, 53, 7, 113, 2, b'0', b'0', 1020, 765, 9),
(1575, 53, 8, 63, 103, b'1', b'0', 862, 1078, 9),
(1576, 53, 8, 103, 63, b'0', b'0', 1093, 820, 9),
(1577, 53, 9, 55, 107, b'1', b'0', 890, 1112, 9),
(1578, 53, 9, 107, 55, b'0', b'0', 906, 680, 9),
(1579, 53, 10, 4, 10, b'0', b'0', 1023, 767, 9),
(1580, 53, 10, 10, 4, b'1', b'0', 1013, 1266, 9),
(1581, 53, 11, 63, 107, b'1', b'0', 890, 1112, 9),
(1582, 53, 11, 107, 63, b'0', b'0', 1093, 820, 9),
(1583, 53, 12, 123, 103, b'1', b'0', 862, 1078, 9),
(1584, 53, 12, 103, 123, b'0', b'0', 1016, 762, 9),
(1585, 53, 13, 2, 102, b'1', b'0', 864, 1080, 9),
(1586, 53, 13, 102, 2, b'0', b'0', 1020, 765, 9),
(1587, 53, 14, 55, 107, b'1', b'0', 890, 1112, 9),
(1588, 53, 14, 107, 55, b'0', b'0', 906, 680, 9),
(1589, 53, 15, 1, 113, b'1', b'0', 878, 1098, 9),
(1590, 53, 15, 113, 1, b'0', b'0', 1053, 790, 9),
(1591, 54, 1, 87, 31, b'1', b'0', 971, 1214, 9),
(1592, 54, 1, 31, 87, b'0', b'0', 1130, 848, 9),
(1593, 54, 2, 81, 13, b'0', b'0', 1130, 848, 9),
(1594, 54, 2, 13, 81, b'1', b'0', 1091, 1364, 9),
(1595, 54, 3, 85, 12, b'1', b'0', 974, 1218, 9),
(1596, 54, 3, 12, 85, b'0', b'0', 1021, 766, 9),
(1597, 54, 4, 86, 13, b'0', b'0', 1130, 848, 9),
(1598, 54, 4, 13, 86, b'1', b'0', 1161, 1451, 9),
(1599, 54, 5, 78, 33, b'1', b'0', 1100, 1375, 9),
(1600, 54, 5, 33, 78, b'0', b'0', 1114, 836, 9),
(1601, 54, 6, 77, 31, b'0', b'0', 971, 728, 9),
(1602, 54, 6, 31, 77, b'1', b'0', 997, 1246, 9),
(1603, 54, 7, 78, 30, b'1', b'0', 1129, 1411, 9),
(1604, 54, 7, 30, 78, b'0', b'0', 1114, 836, 9),
(1605, 54, 8, 86, 12, b'0', b'0', 974, 730, 9),
(1606, 54, 8, 12, 86, b'1', b'0', 1161, 1451, 9),
(1607, 54, 9, 85, 33, b'0', b'0', 1100, 825, 9),
(1608, 54, 9, 33, 85, b'1', b'0', 1021, 1276, 9),
(1609, 54, 10, 87, 30, b'1', b'0', 1129, 1411, 9),
(1610, 54, 10, 30, 87, b'0', b'0', 1130, 848, 9),
(1611, 54, 11, 86, 31, b'1', b'0', 971, 1214, 9),
(1612, 54, 11, 31, 86, b'0', b'0', 1161, 871, 9),
(1613, 54, 12, 81, 33, b'0', b'0', 1100, 825, 9),
(1614, 54, 12, 33, 81, b'1', b'0', 1091, 1364, 9),
(1615, 54, 13, 78, 12, b'0', b'0', 974, 730, 9),
(1616, 54, 13, 12, 78, b'1', b'0', 1114, 1392, 9),
(1617, 54, 14, 87, 13, b'1', b'0', 1130, 1412, 9),
(1618, 54, 14, 13, 87, b'0', b'0', 1130, 848, 9),
(1619, 54, 15, 77, 30, b'1', b'0', 1129, 1411, 9),
(1620, 54, 15, 30, 77, b'0', b'0', 997, 748, 9),
(1621, 55, 1, 93, 78, b'1', b'0', 1145, 1431, 10),
(1622, 55, 1, 78, 93, b'0', b'0', 1233, 925, 10),
(1623, 55, 2, 93, 80, b'1', b'0', 1173, 1466, 10),
(1624, 55, 2, 80, 93, b'0', b'0', 1233, 925, 10),
(1625, 55, 3, 97, 87, b'0', b'0', 1183, 887, 10),
(1626, 55, 3, 87, 97, b'1', b'0', 1130, 1412, 10),
(1627, 55, 4, 95, 81, b'0', b'0', 1069, 802, 10),
(1628, 55, 4, 81, 95, b'1', b'0', 970, 1212, 10),
(1629, 55, 5, 93, 85, b'1', b'0', 1031, 1289, 10),
(1630, 55, 5, 85, 93, b'0', b'0', 1233, 925, 10),
(1631, 55, 6, 96, 87, b'0', b'0', 1183, 887, 10),
(1632, 55, 6, 87, 96, b'1', b'0', 1106, 1382, 10),
(1633, 55, 7, 98, 80, b'0', b'0', 1173, 880, 10),
(1634, 55, 7, 80, 98, b'1', b'0', 1113, 1391, 10),
(1635, 55, 8, 53, 78, b'1', b'0', 1145, 1431, 10),
(1636, 55, 8, 78, 53, b'0', b'0', 1147, 860, 10),
(1637, 55, 9, 97, 81, b'1', b'0', 1069, 1336, 10),
(1638, 55, 9, 81, 97, b'0', b'0', 1130, 848, 10),
(1639, 55, 10, 96, 85, b'1', b'0', 1031, 1289, 10),
(1640, 55, 10, 85, 96, b'0', b'0', 1106, 830, 10),
(1641, 55, 11, 53, 87, b'1', b'0', 1183, 1479, 10),
(1642, 55, 11, 87, 53, b'0', b'0', 1147, 860, 10),
(1643, 55, 12, 98, 85, b'0', b'0', 1031, 773, 10),
(1644, 55, 12, 85, 98, b'1', b'0', 1113, 1391, 10),
(1645, 55, 13, 97, 78, b'0', b'0', 1145, 859, 10),
(1646, 55, 13, 78, 97, b'1', b'0', 1130, 1412, 10),
(1647, 55, 14, 96, 81, b'1', b'0', 1069, 1336, 10),
(1648, 55, 14, 81, 96, b'0', b'0', 1106, 830, 10),
(1649, 55, 15, 53, 80, b'1', b'0', 1173, 1466, 10),
(1650, 55, 15, 80, 53, b'0', b'0', 1147, 860, 10),
(1651, 56, 1, 10, 47, b'0', b'0', 1090, 818, 10),
(1652, 56, 1, 47, 10, b'1', b'0', 1048, 1310, 10),
(1653, 56, 2, 102, 43, b'0', b'0', 1148, 861, 10),
(1654, 56, 2, 43, 102, b'1', b'0', 889, 1111, 10),
(1655, 56, 3, 103, 117, b'0', b'0', 1322, 992, 10),
(1656, 56, 3, 117, 103, b'1', b'0', 861, 1076, 10),
(1657, 56, 4, 113, 44, b'0', b'0', 1263, 947, 10),
(1658, 56, 4, 44, 113, b'1', b'0', 871, 1089, 10),
(1659, 56, 5, 114, 59, b'0', b'0', 1199, 899, 10),
(1660, 56, 5, 59, 114, b'1', b'0', 792, 990, 10),
(1661, 56, 6, 10, 45, b'1', b'0', 1257, 1571, 10),
(1662, 56, 6, 45, 10, b'0', b'0', 1048, 786, 10),
(1663, 56, 7, 102, 47, b'0', b'0', 1090, 818, 10),
(1664, 56, 7, 47, 102, b'1', b'0', 889, 1111, 10),
(1665, 56, 8, 113, 43, b'0', b'0', 1148, 861, 10),
(1666, 56, 8, 43, 113, b'1', b'0', 871, 1089, 10),
(1667, 56, 9, 107, 117, b'0', b'0', 1322, 992, 10),
(1668, 56, 9, 117, 107, b'1', b'0', 871, 1089, 10),
(1669, 56, 10, 10, 59, b'0', b'0', 1199, 899, 10),
(1670, 56, 10, 59, 10, b'1', b'0', 1048, 1310, 10),
(1671, 56, 11, 102, 45, b'0', b'0', 1257, 943, 10),
(1672, 56, 11, 45, 102, b'1', b'0', 889, 1111, 10),
(1673, 56, 12, 113, 117, b'0', b'0', 1322, 992, 10),
(1674, 56, 12, 117, 113, b'1', b'0', 871, 1089, 10),
(1675, 56, 13, 107, 44, b'0', b'0', 1263, 947, 10),
(1676, 56, 13, 44, 107, b'1', b'0', 871, 1089, 10),
(1677, 56, 14, 103, 47, b'0', b'0', 1090, 818, 10),
(1678, 56, 14, 47, 103, b'1', b'0', 861, 1076, 10),
(1679, 56, 15, 103, 59, b'0', b'0', 1199, 899, 10),
(1680, 56, 15, 59, 103, b'1', b'0', 861, 1076, 10),
(1681, 57, 1, 12, 48, b'1', b'0', 1086, 1358, 10),
(1682, 57, 1, 48, 12, b'0', b'0', 1041, 781, 10),
(1683, 57, 2, 31, 35, b'1', b'0', 1089, 1361, 10),
(1684, 57, 2, 35, 31, b'0', b'0', 981, 736, 10),
(1685, 57, 3, 29, 83, b'0', b'0', 1256, 942, 10),
(1686, 57, 3, 83, 29, b'1', b'0', 1173, 1466, 10),
(1687, 57, 4, 30, 54, b'0', b'0', 1186, 890, 10),
(1688, 57, 4, 54, 30, b'1', b'1', 1088, 1469, 10),
(1689, 57, 5, 12, 37, b'0', b'0', 1225, 919, 10),
(1690, 57, 5, 37, 12, b'1', b'0', 1041, 1301, 10),
(1691, 57, 6, 31, 48, b'0', b'0', 1086, 814, 10),
(1692, 57, 6, 48, 31, b'1', b'0', 981, 1226, 10),
(1693, 57, 7, 29, 54, b'0', b'0', 1186, 890, 10),
(1694, 57, 7, 54, 29, b'1', b'0', 1173, 1466, 10),
(1695, 57, 8, 12, 83, b'1', b'0', 1256, 1570, 10),
(1696, 57, 8, 83, 12, b'0', b'0', 1041, 781, 10),
(1697, 57, 9, 30, 88, b'1', b'0', 1315, 1644, 10),
(1698, 57, 9, 88, 30, b'0', b'0', 1088, 816, 10),
(1699, 57, 10, 31, 37, b'1', b'0', 1225, 1531, 10),
(1700, 57, 10, 37, 31, b'0', b'0', 981, 736, 10),
(1701, 57, 11, 30, 83, b'1', b'0', 1256, 1570, 10),
(1702, 57, 11, 83, 30, b'0', b'0', 1088, 816, 10),
(1703, 57, 12, 29, 88, b'0', b'0', 1315, 986, 10),
(1704, 57, 12, 88, 29, b'1', b'0', 1173, 1466, 10),
(1705, 57, 13, 33, 37, b'1', b'0', 1225, 1531, 10),
(1706, 57, 13, 37, 33, b'0', b'0', 1136, 852, 10),
(1707, 57, 14, 33, 54, b'0', b'0', 1186, 890, 10),
(1708, 57, 14, 54, 33, b'1', b'0', 1136, 1420, 10),
(1709, 57, 15, 33, 48, b'1', b'0', 1086, 1358, 10),
(1710, 57, 15, 48, 33, b'0', b'0', 1136, 852, 10),
(1711, 58, 1, 15, 67, b'0', b'0', 1310, 982, 10),
(1712, 58, 1, 67, 15, b'1', b'0', 1174, 1468, 10),
(1713, 58, 2, 14, 19, b'1', b'0', 1037, 1296, 10),
(1714, 58, 2, 19, 14, b'0', b'0', 928, 696, 10),
(1715, 58, 3, 57, 22, b'1', b'0', 1214, 1518, 10),
(1716, 58, 3, 22, 57, b'0', b'0', 1000, 750, 10),
(1717, 58, 4, 17, 20, b'0', b'0', 1131, 848, 10),
(1718, 58, 4, 20, 17, b'1', b'0', 1050, 1312, 10),
(1719, 58, 5, 27, 21, b'1', b'0', 964, 1205, 10),
(1720, 58, 5, 21, 27, b'0', b'0', 1006, 754, 10),
(1721, 58, 6, 116, 67, b'0', b'0', 1310, 982, 10),
(1722, 58, 6, 67, 116, b'1', b'0', 1180, 1475, 10),
(1723, 58, 7, 14, 22, b'0', b'0', 1214, 910, 10),
(1724, 58, 7, 22, 14, b'1', b'0', 928, 1160, 10),
(1725, 58, 8, 57, 19, b'1', b'0', 1037, 1296, 10),
(1726, 58, 8, 19, 57, b'0', b'0', 1000, 750, 10),
(1727, 58, 9, 27, 20, b'0', b'0', 1131, 848, 10),
(1728, 58, 9, 20, 27, b'1', b'0', 1006, 1258, 10),
(1729, 58, 10, 15, 21, b'0', b'0', 964, 723, 10),
(1730, 58, 10, 21, 15, b'1', b'0', 1174, 1468, 10),
(1731, 58, 11, 17, 67, b'0', b'0', 1310, 982, 10),
(1732, 58, 11, 67, 17, b'1', b'0', 1050, 1312, 10),
(1733, 58, 12, 116, 22, b'1', b'0', 1214, 1518, 10),
(1734, 58, 12, 22, 116, b'0', b'0', 1180, 885, 10),
(1735, 58, 13, 57, 20, b'1', b'0', 1131, 1414, 10),
(1736, 58, 13, 20, 57, b'0', b'0', 1000, 750, 10),
(1737, 58, 14, 27, 19, b'1', b'0', 1037, 1296, 10),
(1738, 58, 14, 19, 27, b'0', b'0', 1006, 754, 10),
(1739, 58, 15, 116, 21, b'1', b'0', 964, 1205, 10),
(1740, 58, 15, 21, 116, b'0', b'0', 1180, 885, 10),
(1741, 59, 1, 39, 2, b'1', b'0', 1073, 1341, 10),
(1742, 59, 1, 2, 39, b'0', b'0', 1275, 956, 10),
(1743, 59, 2, 72, 63, b'1', b'0', 1119, 1399, 10),
(1744, 59, 2, 63, 72, b'0', b'0', 1165, 874, 10),
(1745, 59, 3, 46, 1, b'0', b'0', 1038, 778, 10),
(1746, 59, 3, 1, 46, b'1', b'0', 1100, 1375, 10),
(1747, 59, 4, 60, 3, b'0', b'0', 1004, 753, 10),
(1748, 59, 4, 3, 60, b'1', b'0', 1143, 1429, 10),
(1749, 59, 5, 46, 4, b'1', b'0', 1010, 1262, 10),
(1750, 59, 5, 4, 46, b'0', b'0', 1100, 825, 10),
(1751, 59, 6, 68, 123, b'0', b'0', 965, 724, 10),
(1752, 59, 6, 123, 68, b'1', b'0', 1138, 1422, 10),
(1753, 59, 7, 46, 2, b'1', b'0', 1073, 1341, 10),
(1754, 59, 7, 2, 46, b'0', b'0', 1100, 825, 10),
(1755, 59, 8, 72, 1, b'0', b'0', 1038, 778, 10),
(1756, 59, 8, 1, 72, b'1', b'0', 1165, 1456, 10),
(1757, 59, 9, 73, 63, b'1', b'0', 1119, 1399, 10),
(1758, 59, 9, 63, 73, b'0', b'0', 1176, 882, 10),
(1759, 59, 10, 60, 4, b'0', b'0', 1010, 758, 10),
(1760, 59, 10, 4, 60, b'1', b'0', 1143, 1429, 10),
(1761, 59, 11, 39, 3, b'0', b'0', 1004, 753, 10),
(1762, 59, 11, 3, 39, b'1', b'0', 1275, 1594, 10),
(1763, 59, 12, 72, 123, b'0', b'0', 965, 724, 10),
(1764, 59, 12, 123, 72, b'1', b'0', 1165, 1456, 10),
(1765, 59, 13, 39, 1, b'1', b'0', 1038, 1298, 10),
(1766, 59, 13, 1, 39, b'0', b'0', 1275, 956, 10),
(1767, 59, 14, 73, 4, b'0', b'0', 1010, 758, 10),
(1768, 59, 14, 4, 73, b'1', b'0', 1176, 1470, 10),
(1769, 59, 15, 73, 123, b'0', b'0', 965, 724, 10),
(1770, 59, 15, 123, 73, b'1', b'0', 1176, 1470, 10),
(1771, 60, 1, 89, 49, b'1', b'0', 1115, 1394, 10),
(1772, 60, 1, 49, 89, b'0', b'0', 1105, 829, 10),
(1773, 60, 2, 65, 42, b'1', b'0', 1193, 1491, 10),
(1774, 60, 2, 42, 65, b'0', b'0', 1114, 836, 10),
(1775, 60, 3, 124, 51, b'0', b'0', 1207, 905, 10),
(1776, 60, 3, 51, 124, b'1', b'0', 1301, 1626, 10),
(1777, 60, 4, 126, 50, b'0', b'0', 1000, 750, 10),
(1778, 60, 4, 50, 126, b'1', b'0', 1000, 1250, 10),
(1779, 60, 5, 120, 41, b'0', b'0', 1243, 932, 10),
(1780, 60, 5, 41, 120, b'1', b'0', 1079, 1349, 10),
(1781, 60, 6, 89, 42, b'0', b'0', 1193, 895, 10),
(1782, 60, 6, 42, 89, b'1', b'0', 1105, 1381, 10),
(1783, 60, 7, 65, 49, b'1', b'0', 1115, 1394, 10),
(1784, 60, 7, 49, 65, b'0', b'0', 1114, 836, 10),
(1785, 60, 8, 124, 41, b'1', b'0', 1243, 1554, 10),
(1786, 60, 8, 41, 124, b'0', b'0', 1301, 976, 10),
(1787, 60, 9, 126, 51, b'0', b'0', 1207, 905, 10),
(1788, 60, 9, 51, 126, b'1', b'0', 1000, 1250, 10),
(1789, 60, 10, 120, 50, b'0', b'0', 1000, 750, 10),
(1790, 60, 10, 50, 120, b'1', b'0', 1079, 1349, 10),
(1791, 60, 11, 89, 41, b'0', b'0', 1243, 932, 10),
(1792, 60, 11, 41, 89, b'1', b'0', 1105, 1381, 10),
(1793, 60, 12, 65, 51, b'0', b'0', 1207, 905, 10),
(1794, 60, 12, 51, 65, b'1', b'0', 1114, 1392, 10),
(1795, 60, 13, 124, 50, b'1', b'0', 1000, 1250, 10),
(1796, 60, 13, 50, 124, b'0', b'0', 1301, 976, 10),
(1797, 60, 14, 126, 49, b'0', b'0', 1115, 836, 10),
(1798, 60, 14, 49, 126, b'1', b'0', 1000, 1250, 10),
(1799, 60, 15, 120, 42, b'0', b'0', 1193, 895, 10),
(1800, 60, 15, 42, 120, b'1', b'0', 1079, 1349, 10),
(1801, 61, 1, 40, 102, b'1', b'0', 903, 1129, 11),
(1802, 61, 1, 102, 40, b'0', b'0', 1183, 887, 11),
(1803, 61, 2, 51, 102, b'1', b'0', 903, 1129, 11),
(1804, 61, 2, 102, 51, b'0', b'0', 1249, 937, 11),
(1805, 61, 3, 42, 102, b'1', b'0', 903, 1129, 11),
(1806, 61, 3, 102, 42, b'0', b'0', 1222, 916, 11),
(1807, 61, 4, 52, 10, b'1', b'0', 1064, 1330, 11),
(1808, 61, 4, 10, 52, b'0', b'0', 1153, 865, 11),
(1809, 61, 5, 41, 10, b'1', b'0', 1064, 1330, 11),
(1810, 61, 5, 10, 41, b'0', b'0', 1272, 954, 11),
(1811, 61, 6, 40, 103, b'1', b'0', 884, 1105, 11),
(1812, 61, 6, 103, 40, b'0', b'0', 1183, 887, 11),
(1813, 61, 7, 51, 107, b'1', b'0', 908, 1135, 11),
(1814, 61, 7, 107, 51, b'0', b'0', 1249, 937, 11),
(1815, 61, 8, 42, 10, b'1', b'0', 1064, 1330, 11),
(1816, 61, 8, 10, 42, b'0', b'0', 1222, 916, 11),
(1817, 61, 9, 52, 103, b'1', b'0', 884, 1105, 11),
(1818, 61, 9, 103, 52, b'0', b'0', 1153, 865, 11),
(1819, 61, 10, 41, 107, b'1', b'0', 908, 1135, 11),
(1820, 61, 10, 107, 41, b'0', b'0', 1272, 954, 11),
(1821, 61, 11, 42, 103, b'1', b'0', 884, 1105, 11),
(1822, 61, 11, 103, 42, b'0', b'0', 1222, 916, 11),
(1823, 61, 12, 52, 107, b'1', b'0', 908, 1135, 11),
(1824, 61, 12, 107, 52, b'0', b'0', 1153, 865, 11),
(1825, 61, 13, 0, 0, b'1', b'0', 1219, 1524, 11),
(1826, 61, 13, 0, 0, b'0', b'0', 1219, 914, 11),
(1827, 61, 14, 0, 0, b'1', b'0', 1219, 1524, 11),
(1828, 61, 14, 0, 0, b'0', b'0', 1219, 914, 11),
(1829, 61, 15, 0, 0, b'1', b'0', 1219, 1524, 11),
(1830, 61, 15, 0, 0, b'0', b'0', 1219, 914, 11),
(1831, 62, 1, 36, 95, b'1', b'0', 972, 1215, 11),
(1832, 62, 1, 95, 36, b'0', b'0', 1000, 750, 11),
(1833, 62, 2, 38, 93, b'1', b'0', 1272, 1590, 11),
(1834, 62, 2, 93, 38, b'0', b'0', 1126, 844, 11),
(1835, 62, 3, 82, 97, b'1', b'0', 1133, 1416, 11),
(1836, 62, 3, 97, 82, b'0', b'0', 1000, 750, 11),
(1837, 62, 4, 35, 75, b'1', b'0', 1165, 1456, 11),
(1838, 62, 4, 75, 35, b'0', b'0', 1057, 793, 11),
(1839, 62, 5, 83, 96, b'1', b'0', 1145, 1431, 11),
(1840, 62, 5, 96, 83, b'0', b'0', 1233, 925, 11),
(1841, 62, 6, 36, 53, b'1', b'0', 1211, 1514, 11),
(1842, 62, 6, 53, 36, b'0', b'0', 1000, 750, 11),
(1843, 62, 7, 82, 95, b'1', b'0', 972, 1215, 11),
(1844, 62, 7, 95, 82, b'0', b'0', 1000, 750, 11),
(1845, 62, 8, 38, 97, b'1', b'0', 1133, 1416, 11),
(1846, 62, 8, 97, 38, b'0', b'0', 1126, 844, 11),
(1847, 62, 9, 54, 93, b'1', b'0', 1272, 1590, 11),
(1848, 62, 9, 93, 54, b'0', b'0', 1247, 935, 11),
(1849, 62, 10, 35, 53, b'0', b'0', 1211, 908, 11),
(1850, 62, 10, 53, 35, b'1', b'0', 1057, 1321, 11),
(1851, 62, 11, 88, 93, b'0', b'0', 1272, 954, 11),
(1852, 62, 11, 93, 88, b'1', b'0', 1304, 1630, 11),
(1853, 62, 12, 82, 75, b'1', b'0', 1165, 1456, 11),
(1854, 62, 12, 75, 82, b'0', b'0', 1000, 750, 11),
(1855, 62, 13, 54, 95, b'0', b'0', 972, 729, 11),
(1856, 62, 13, 95, 54, b'1', b'0', 1247, 1559, 11),
(1857, 62, 14, 88, 53, b'1', b'1', 1211, 1635, 11),
(1858, 62, 14, 53, 88, b'0', b'0', 1304, 978, 11),
(1859, 62, 15, 36, 97, b'1', b'0', 1133, 1416, 11),
(1860, 62, 15, 97, 36, b'0', b'0', 1000, 750, 11),
(1861, 63, 1, 2, 8, b'1', b'0', 1050, 1312, 11),
(1862, 63, 1, 8, 2, b'0', b'0', 1066, 800, 11),
(1863, 63, 2, 63, 9, b'0', b'0', 1092, 819, 11),
(1864, 63, 2, 9, 63, b'1', b'0', 1099, 1374, 11),
(1865, 63, 3, 3, 7, b'1', b'0', 1128, 1410, 11),
(1866, 63, 3, 7, 3, b'0', b'0', 1090, 818, 11),
(1867, 63, 4, 4, 61, b'0', b'0', 1077, 808, 11),
(1868, 63, 4, 61, 4, b'1', b'0', 1067, 1334, 11),
(1869, 63, 5, 1, 6, b'1', b'0', 1179, 1474, 11),
(1870, 63, 5, 6, 1, b'0', b'0', 1093, 820, 11),
(1871, 63, 6, 55, 8, b'1', b'0', 1050, 1312, 11),
(1872, 63, 6, 8, 55, b'0', b'0', 1037, 778, 11),
(1873, 63, 7, 2, 9, b'0', b'0', 1092, 819, 11),
(1874, 63, 7, 9, 2, b'1', b'0', 1066, 1332, 11),
(1875, 63, 8, 63, 7, b'0', b'0', 1128, 846, 11),
(1876, 63, 8, 7, 63, b'1', b'0', 1099, 1374, 11),
(1877, 63, 9, 3, 61, b'0', b'0', 1077, 808, 11),
(1878, 63, 9, 61, 3, b'1', b'0', 1090, 1362, 11),
(1879, 63, 10, 4, 6, b'0', b'0', 1179, 884, 11),
(1880, 63, 10, 6, 4, b'1', b'0', 1067, 1334, 11),
(1881, 63, 11, 1, 7, b'0', b'0', 1128, 846, 11),
(1882, 63, 11, 7, 1, b'1', b'0', 1093, 1366, 11),
(1883, 63, 12, 55, 9, b'0', b'0', 1092, 819, 11),
(1884, 63, 12, 9, 55, b'1', b'0', 1037, 1296, 11),
(1885, 63, 13, 2, 61, b'0', b'0', 1077, 808, 11),
(1886, 63, 13, 61, 2, b'1', b'0', 1066, 1332, 11),
(1887, 63, 14, 3, 6, b'0', b'0', 1179, 884, 11),
(1888, 63, 14, 6, 3, b'1', b'0', 1090, 1362, 11),
(1889, 63, 15, 1, 8, b'0', b'0', 1050, 788, 11),
(1890, 63, 15, 8, 1, b'1', b'0', 1093, 1366, 11),
(1891, 64, 1, 43, 46, b'1', b'0', 1116, 1395, 11),
(1892, 64, 1, 46, 43, b'0', b'0', 1163, 872, 11),
(1893, 64, 2, 44, 39, b'1', b'0', 1276, 1595, 11),
(1894, 64, 2, 39, 44, b'0', b'0', 1261, 946, 11),
(1895, 64, 3, 47, 60, b'1', b'0', 1116, 1395, 11),
(1896, 64, 3, 60, 47, b'0', b'0', 1132, 849, 11),
(1897, 64, 4, 99, 72, b'1', b'0', 1155, 1444, 11),
(1898, 64, 4, 72, 99, b'0', b'0', 1303, 977, 11),
(1899, 64, 5, 59, 68, b'1', b'0', 1106, 1382, 11),
(1900, 64, 5, 68, 59, b'0', b'0', 1241, 931, 11),
(1901, 64, 6, 43, 73, b'1', b'0', 1149, 1436, 11),
(1902, 64, 6, 73, 43, b'0', b'0', 1163, 872, 11),
(1903, 64, 7, 44, 60, b'1', b'0', 1116, 1395, 11),
(1904, 64, 7, 60, 44, b'0', b'0', 1261, 946, 11),
(1905, 64, 8, 47, 39, b'0', b'0', 1276, 957, 11),
(1906, 64, 8, 39, 47, b'1', b'0', 1132, 1415, 11),
(1907, 64, 9, 99, 46, b'0', b'0', 1116, 837, 11),
(1908, 64, 9, 46, 99, b'1', b'0', 1303, 1629, 11),
(1909, 64, 10, 59, 72, b'0', b'0', 1155, 866, 11),
(1910, 64, 10, 72, 59, b'1', b'0', 1241, 1551, 11),
(1911, 64, 11, 43, 39, b'1', b'0', 1276, 1595, 11),
(1912, 64, 11, 39, 43, b'0', b'0', 1163, 872, 11),
(1913, 64, 12, 44, 72, b'1', b'0', 1155, 1444, 11),
(1914, 64, 12, 72, 44, b'0', b'0', 1261, 946, 11),
(1915, 64, 13, 47, 68, b'1', b'0', 1106, 1382, 11),
(1916, 64, 13, 68, 47, b'0', b'0', 1132, 849, 11),
(1917, 64, 14, 99, 73, b'1', b'0', 1149, 1436, 11),
(1918, 64, 14, 73, 99, b'0', b'0', 1303, 977, 11),
(1919, 64, 15, 59, 60, b'1', b'0', 1116, 1395, 11),
(1920, 64, 15, 60, 59, b'0', b'0', 1241, 931, 11),
(1921, 65, 3, 22, 87, b'0', b'0', 1195, 896, 11),
(1922, 65, 3, 87, 22, b'1', b'0', 1180, 1475, 11),
(1923, 65, 4, 21, 81, b'0', b'0', 1066, 800, 11),
(1924, 65, 4, 81, 21, b'1', b'0', 988, 1235, 11),
(1925, 65, 5, 20, 86, b'1', b'0', 1124, 1405, 11),
(1926, 65, 5, 86, 20, b'0', b'0', 1135, 851, 11),
(1927, 65, 6, 19, 85, b'0', b'0', 1062, 796, 11),
(1928, 65, 6, 85, 19, b'1', b'0', 998, 1248, 11),
(1929, 65, 7, 67, 78, b'1', b'0', 1141, 1426, 11),
(1930, 65, 7, 78, 67, b'0', b'0', 1340, 1005, 11),
(1931, 65, 8, 22, 86, b'1', b'0', 1124, 1405, 11),
(1932, 65, 8, 86, 22, b'0', b'0', 1180, 885, 11),
(1933, 65, 9, 21, 85, b'0', b'0', 1062, 796, 11),
(1934, 65, 9, 85, 21, b'1', b'0', 988, 1235, 11),
(1935, 65, 10, 20, 87, b'0', b'0', 1195, 896, 11),
(1936, 65, 10, 87, 20, b'1', b'0', 1135, 1419, 11),
(1937, 65, 11, 19, 81, b'0', b'0', 1066, 800, 11),
(1938, 65, 11, 81, 19, b'1', b'0', 998, 1248, 11),
(1939, 65, 12, 67, 87, b'0', b'0', 1195, 896, 11),
(1940, 65, 12, 87, 67, b'1', b'0', 1340, 1675, 11),
(1941, 65, 13, 21, 77, b'1', b'0', 1022, 1278, 11),
(1942, 65, 13, 77, 21, b'0', b'0', 988, 741, 11),
(1943, 65, 14, 22, 77, b'0', b'0', 1022, 766, 11),
(1944, 65, 14, 77, 22, b'1', b'0', 1180, 1475, 11),
(1945, 65, 15, 20, 78, b'1', b'0', 1141, 1426, 11),
(1946, 65, 15, 78, 20, b'0', b'0', 1135, 851, 11),
(1947, 65, 1, 19, 77, b'0', b'0', 1022, 766, 11),
(1948, 65, 1, 77, 19, b'1', b'0', 998, 1248, 11),
(1949, 65, 2, 67, 85, b'1', b'0', 1062, 1328, 11),
(1950, 65, 2, 85, 67, b'0', b'0', 1340, 1005, 11),
(1951, 66, 1, 116, 89, b'0', b'0', 1116, 837, 11),
(1952, 66, 1, 89, 116, b'1', b'0', 1213, 1516, 11),
(1953, 66, 2, 14, 120, b'0', b'0', 1033, 775, 11),
(1954, 66, 2, 120, 14, b'1', b'0', 957, 1196, 11),
(1955, 66, 3, 15, 124, b'1', b'0', 1280, 1600, 11),
(1956, 66, 3, 124, 15, b'0', b'0', 1145, 859, 11),
(1957, 66, 4, 16, 122, b'0', b'0', 817, 613, 11),
(1958, 66, 4, 122, 16, b'1', b'0', 999, 1249, 11),
(1959, 66, 5, 17, 126, b'1', b'0', 846, 1058, 11),
(1960, 66, 5, 126, 17, b'0', b'0', 1040, 780, 11),
(1961, 66, 6, 27, 127, b'1', b'0', 1000, 1250, 11),
(1962, 66, 6, 127, 27, b'0', b'0', 1032, 774, 11),
(1963, 66, 7, 116, 122, b'1', b'0', 817, 1021, 11),
(1964, 66, 7, 122, 116, b'0', b'0', 1213, 910, 11),
(1965, 66, 8, 15, 65, b'0', b'0', 1149, 862, 11),
(1966, 66, 8, 65, 15, b'1', b'0', 1145, 1431, 11),
(1967, 66, 9, 17, 89, b'0', b'0', 1116, 837, 11),
(1968, 66, 9, 89, 17, b'1', b'0', 1040, 1300, 11),
(1969, 66, 10, 27, 120, b'1', b'0', 1033, 1291, 11),
(1970, 66, 10, 120, 27, b'0', b'0', 1032, 774, 11),
(1971, 66, 11, 14, 127, b'1', b'0', 1000, 1250, 11),
(1972, 66, 11, 127, 14, b'0', b'0', 957, 718, 11),
(1973, 66, 12, 16, 124, b'0', b'0', 1280, 960, 11),
(1974, 66, 12, 124, 16, b'1', b'0', 999, 1249, 11),
(1975, 66, 13, 116, 65, b'1', b'0', 1149, 1436, 11),
(1976, 66, 13, 65, 116, b'0', b'0', 1213, 910, 11),
(1977, 66, 14, 27, 126, b'0', b'0', 846, 634, 11),
(1978, 66, 14, 126, 27, b'1', b'0', 1032, 1290, 11),
(1979, 66, 15, 15, 89, b'1', b'0', 1116, 1395, 11),
(1980, 66, 15, 89, 15, b'0', b'0', 1145, 859, 11),
(1981, 67, 1, 29, 2, b'1', b'0', 1071, 1339, 12),
(1982, 67, 1, 2, 29, b'0', b'0', 1135, 851, 12),
(1983, 67, 2, 11, 63, b'1', b'0', 1083, 1354, 12),
(1984, 67, 2, 63, 11, b'0', b'0', 1203, 902, 12),
(1985, 67, 3, 29, 3, b'1', b'0', 1090, 1362, 12),
(1986, 67, 3, 3, 29, b'0', b'0', 1135, 851, 12),
(1987, 67, 4, 31, 123, b'1', b'0', 1227, 1534, 12),
(1988, 67, 4, 123, 31, b'0', b'0', 1033, 775, 12),
(1989, 67, 5, 29, 4, b'1', b'0', 1051, 1314, 12),
(1990, 67, 5, 4, 29, b'0', b'0', 1135, 851, 12),
(1991, 67, 6, 30, 1, b'1', b'0', 1096, 1370, 12),
(1992, 67, 6, 1, 30, b'0', b'0', 1153, 865, 12),
(1993, 67, 7, 13, 2, b'1', b'0', 1071, 1339, 12),
(1994, 67, 7, 2, 13, b'0', b'0', 1191, 893, 12),
(1995, 67, 8, 11, 3, b'0', b'0', 1090, 818, 12),
(1996, 67, 8, 3, 11, b'1', b'0', 1203, 1504, 12),
(1997, 67, 9, 31, 63, b'1', b'0', 1083, 1354, 12),
(1998, 67, 9, 63, 31, b'0', b'0', 1033, 775, 12),
(1999, 67, 10, 30, 123, b'1', b'0', 1227, 1534, 12),
(2000, 67, 10, 123, 30, b'0', b'0', 1153, 865, 12),
(2001, 67, 11, 13, 4, b'1', b'0', 1051, 1314, 12),
(2002, 67, 11, 4, 13, b'0', b'0', 1191, 893, 12),
(2003, 67, 12, 11, 1, b'1', b'0', 1096, 1370, 12),
(2004, 67, 12, 1, 11, b'0', b'0', 1203, 902, 12),
(2005, 67, 13, 31, 4, b'1', b'0', 1051, 1314, 12),
(2006, 67, 13, 4, 31, b'0', b'0', 1033, 775, 12),
(2007, 67, 14, 30, 3, b'0', b'0', 1090, 818, 12),
(2008, 67, 14, 3, 30, b'1', b'0', 1153, 1441, 12),
(2009, 67, 15, 13, 1, b'0', b'0', 1096, 822, 12),
(2010, 67, 15, 1, 13, b'1', b'0', 1191, 1489, 12),
(2011, 68, 1, 28, 43, b'0', b'0', 1226, 920, 12),
(2012, 68, 1, 43, 28, b'1', b'0', 1157, 1446, 12),
(2013, 68, 2, 9, 117, b'0', b'0', 1310, 982, 12),
(2014, 68, 2, 117, 9, b'1', b'0', 1140, 1425, 12),
(2015, 68, 3, 8, 44, b'0', b'0', 1321, 991, 12),
(2016, 68, 3, 44, 8, b'1', b'0', 1056, 1320, 12),
(2017, 68, 4, 6, 47, b'0', b'0', 1164, 873, 12),
(2018, 68, 4, 47, 6, b'1', b'0', 1190, 1488, 12),
(2019, 68, 5, 7, 45, b'0', b'0', 1269, 952, 12),
(2020, 68, 5, 45, 7, b'1', b'0', 1150, 1438, 12),
(2021, 68, 6, 61, 43, b'1', b'0', 1226, 1532, 12),
(2022, 68, 6, 43, 61, b'0', b'0', 1122, 842, 12),
(2023, 68, 7, 28, 117, b'0', b'0', 1310, 982, 12),
(2024, 68, 7, 117, 28, b'1', b'0', 1157, 1446, 12),
(2025, 68, 8, 9, 44, b'1', b'0', 1321, 1651, 12),
(2026, 68, 8, 44, 9, b'0', b'0', 1140, 855, 12),
(2027, 68, 9, 6, 45, b'0', b'0', 1269, 952, 12),
(2028, 68, 9, 45, 6, b'1', b'0', 1190, 1488, 12),
(2029, 68, 10, 7, 47, b'0', b'0', 1164, 873, 12),
(2030, 68, 10, 47, 7, b'1', b'0', 1150, 1438, 12),
(2031, 68, 11, 61, 44, b'1', b'0', 1321, 1651, 12),
(2032, 68, 11, 44, 61, b'0', b'0', 1122, 842, 12),
(2033, 68, 12, 28, 45, b'0', b'0', 1269, 952, 12),
(2034, 68, 12, 45, 28, b'1', b'0', 1157, 1446, 12),
(2035, 68, 13, 9, 43, b'0', b'0', 1226, 920, 12),
(2036, 68, 13, 43, 9, b'1', b'0', 1140, 1425, 12),
(2037, 68, 14, 6, 117, b'1', b'0', 1310, 1638, 12),
(2038, 68, 14, 117, 6, b'0', b'0', 1190, 892, 12),
(2039, 68, 15, 8, 47, b'0', b'0', 1164, 873, 12),
(2040, 68, 15, 47, 8, b'1', b'0', 1056, 1320, 12),
(2041, 69, 1, 46, 49, b'0', b'0', 1114, 836, 12),
(2042, 69, 1, 49, 46, b'1', b'0', 1148, 1435, 12),
(2043, 69, 2, 39, 42, b'0', b'0', 1232, 924, 12),
(2044, 69, 2, 42, 39, b'1', b'0', 1276, 1595, 12),
(2045, 69, 3, 68, 40, b'0', b'0', 1191, 893, 12),
(2046, 69, 3, 40, 68, b'1', b'0', 1110, 1388, 12),
(2047, 69, 4, 60, 41, b'1', b'0', 1276, 1595, 12),
(2048, 69, 4, 41, 60, b'0', b'0', 1096, 822, 12),
(2049, 69, 5, 46, 51, b'1', b'0', 1249, 1561, 12),
(2050, 69, 5, 51, 46, b'0', b'0', 1148, 861, 12),
(2051, 69, 6, 111, 49, b'0', b'0', 1114, 836, 12),
(2052, 69, 6, 49, 111, b'1', b'0', 880, 1100, 12),
(2053, 69, 7, 46, 42, b'1', b'0', 1232, 1540, 12),
(2054, 69, 7, 42, 46, b'0', b'0', 1148, 861, 12),
(2055, 69, 8, 60, 40, b'1', b'0', 1191, 1489, 12),
(2056, 69, 8, 40, 60, b'0', b'0', 1096, 822, 12),
(2057, 69, 9, 68, 41, b'0', b'0', 1276, 957, 12),
(2058, 69, 9, 41, 68, b'1', b'0', 1110, 1388, 12),
(2059, 69, 10, 111, 51, b'1', b'0', 1249, 1561, 12),
(2060, 69, 10, 51, 111, b'0', b'0', 880, 660, 12),
(2061, 69, 11, 68, 49, b'0', b'0', 1114, 836, 12),
(2062, 69, 11, 49, 68, b'1', b'0', 1110, 1388, 12),
(2063, 69, 12, 39, 41, b'0', b'0', 1276, 957, 12),
(2064, 69, 12, 41, 39, b'1', b'0', 1276, 1595, 12),
(2065, 69, 13, 60, 51, b'0', b'0', 1249, 937, 12),
(2066, 69, 13, 51, 60, b'1', b'0', 1096, 1370, 12),
(2067, 69, 14, 111, 42, b'0', b'0', 1232, 924, 12),
(2068, 69, 14, 42, 111, b'1', b'0', 880, 1100, 12),
(2069, 69, 15, 39, 40, b'0', b'0', 1191, 893, 12),
(2070, 69, 15, 40, 39, b'1', b'0', 1276, 1595, 12),
(2071, 70, 1, 65, 19, b'1', b'0', 1004, 1255, 12),
(2072, 70, 1, 19, 65, b'0', b'0', 1165, 874, 12),
(2073, 70, 2, 126, 67, b'0', b'0', 1347, 1010, 12),
(2074, 70, 2, 67, 126, b'1', b'0', 971, 1214, 12),
(2075, 70, 3, 124, 22, b'0', b'0', 1200, 900, 12),
(2076, 70, 3, 22, 124, b'1', b'0', 1280, 1600, 12),
(2077, 70, 4, 120, 106, b'1', b'0', 969, 1211, 12),
(2078, 70, 4, 106, 120, b'0', b'0', 1056, 792, 12),
(2079, 70, 5, 89, 20, b'0', b'0', 1191, 893, 12),
(2080, 70, 5, 20, 89, b'1', b'0', 1142, 1428, 12),
(2081, 70, 6, 65, 21, b'1', b'0', 1004, 1255, 12),
(2082, 70, 6, 21, 65, b'0', b'0', 1165, 874, 12),
(2083, 70, 7, 126, 19, b'0', b'0', 1004, 753, 12),
(2084, 70, 7, 19, 126, b'1', b'0', 971, 1214, 12),
(2085, 70, 8, 124, 67, b'0', b'0', 1347, 1010, 12),
(2086, 70, 8, 67, 124, b'1', b'0', 1280, 1600, 12),
(2087, 70, 9, 120, 22, b'0', b'0', 1200, 900, 12),
(2088, 70, 9, 22, 120, b'1', b'0', 1056, 1320, 12),
(2089, 70, 10, 89, 106, b'1', b'0', 969, 1211, 12),
(2090, 70, 10, 106, 89, b'0', b'0', 1142, 856, 12),
(2091, 70, 11, 65, 67, b'0', b'0', 1347, 1010, 12),
(2092, 70, 11, 67, 65, b'1', b'0', 1165, 1456, 12),
(2093, 70, 12, 126, 20, b'0', b'0', 1191, 893, 12),
(2094, 70, 12, 20, 126, b'1', b'0', 971, 1214, 12),
(2095, 70, 13, 124, 21, b'1', b'0', 1004, 1255, 12),
(2096, 70, 13, 21, 124, b'0', b'0', 1280, 960, 12),
(2097, 70, 14, 120, 20, b'0', b'0', 1191, 893, 12),
(2098, 70, 14, 20, 120, b'1', b'0', 1056, 1320, 12),
(2099, 70, 15, 89, 22, b'0', b'0', 1200, 900, 12),
(2100, 70, 15, 22, 89, b'1', b'0', 1142, 1428, 12),
(2101, 71, 1, 80, 38, b'1', b'0', 1187, 1484, 12),
(2102, 71, 1, 38, 80, b'0', b'0', 1176, 882, 12),
(2103, 71, 2, 87, 83, b'0', b'0', 1257, 943, 12),
(2104, 71, 2, 83, 87, b'1', b'0', 1269, 1586, 12),
(2105, 71, 3, 81, 35, b'1', b'0', 1101, 1376, 12),
(2106, 71, 3, 35, 81, b'0', b'0', 1102, 826, 12),
(2107, 71, 4, 78, 54, b'1', b'0', 1258, 1572, 12),
(2108, 71, 4, 54, 78, b'0', b'0', 1149, 862, 12),
(2109, 71, 5, 77, 37, b'1', b'0', 1213, 1516, 12),
(2110, 71, 5, 37, 77, b'0', b'0', 1081, 811, 12);
INSERT INTO `tblplayerresult` (`PlayerResultID`, `MatchNo`, `FrameNo`, `PlayerID`, `Played`, `Result`, `EightBall`, `OppRating`, `PlayerRating`, `WeekNo`) VALUES
(2111, 71, 6, 80, 83, b'1', b'0', 1257, 1571, 12),
(2112, 71, 6, 83, 80, b'0', b'0', 1176, 882, 12),
(2113, 71, 7, 87, 38, b'1', b'0', 1187, 1484, 12),
(2114, 71, 7, 38, 87, b'0', b'0', 1269, 952, 12),
(2115, 71, 8, 81, 37, b'1', b'0', 1213, 1516, 12),
(2116, 71, 8, 37, 81, b'0', b'0', 1102, 826, 12),
(2117, 71, 9, 78, 35, b'1', b'0', 1101, 1376, 12),
(2118, 71, 9, 35, 78, b'0', b'0', 1149, 862, 12),
(2119, 71, 10, 77, 54, b'1', b'0', 1258, 1572, 12),
(2120, 71, 10, 54, 77, b'0', b'0', 1081, 811, 12),
(2121, 71, 11, 78, 83, b'0', b'0', 1257, 943, 12),
(2122, 71, 11, 83, 78, b'1', b'0', 1149, 1436, 12),
(2123, 71, 12, 81, 38, b'0', b'0', 1187, 890, 12),
(2124, 71, 12, 38, 81, b'1', b'0', 1102, 1378, 12),
(2125, 71, 13, 80, 37, b'1', b'0', 1213, 1516, 12),
(2126, 71, 13, 37, 80, b'0', b'0', 1176, 882, 12),
(2127, 71, 14, 87, 54, b'1', b'0', 1258, 1572, 12),
(2128, 71, 14, 54, 87, b'0', b'0', 1269, 952, 12),
(2129, 71, 15, 77, 35, b'0', b'0', 1101, 826, 12),
(2130, 71, 15, 35, 77, b'1', b'0', 1081, 1351, 12),
(2131, 72, 1, 102, 116, b'1', b'0', 1204, 1505, 12),
(2132, 72, 1, 116, 102, b'0', b'0', 928, 696, 12),
(2133, 72, 2, 10, 116, b'0', b'0', 1204, 903, 12),
(2134, 72, 2, 116, 10, b'1', b'0', 1061, 1326, 12),
(2135, 72, 3, 128, 17, b'1', b'0', 1052, 1315, 12),
(2136, 72, 3, 17, 128, b'0', b'0', 1000, 750, 12),
(2137, 72, 4, 102, 15, b'0', b'0', 1184, 888, 12),
(2138, 72, 4, 15, 102, b'1', b'0', 928, 1160, 12),
(2139, 72, 5, 103, 57, b'1', b'0', 1406, 1758, 12),
(2140, 72, 5, 57, 103, b'0', b'0', 906, 680, 12),
(2141, 72, 6, 128, 27, b'1', b'0', 1049, 1311, 12),
(2142, 72, 6, 27, 128, b'0', b'0', 1000, 750, 12),
(2143, 72, 7, 10, 17, b'0', b'0', 1052, 789, 12),
(2144, 72, 7, 17, 10, b'1', b'0', 1061, 1326, 12),
(2145, 72, 8, 114, 116, b'0', b'0', 1204, 903, 12),
(2146, 72, 8, 116, 114, b'1', b'0', 872, 1090, 12),
(2147, 72, 9, 128, 15, b'1', b'0', 1184, 1480, 12),
(2148, 72, 9, 15, 128, b'0', b'0', 1000, 750, 12),
(2149, 72, 10, 103, 27, b'0', b'0', 1049, 787, 12),
(2150, 72, 10, 27, 103, b'1', b'0', 906, 1132, 12),
(2151, 72, 11, 114, 57, b'1', b'0', 1406, 1758, 12),
(2152, 72, 11, 57, 114, b'0', b'0', 872, 654, 12),
(2153, 72, 12, 10, 27, b'0', b'0', 1049, 787, 12),
(2154, 72, 12, 27, 10, b'1', b'0', 1061, 1326, 12),
(2155, 72, 13, 102, 17, b'1', b'0', 1052, 1315, 12),
(2156, 72, 13, 17, 102, b'0', b'0', 928, 696, 12),
(2157, 72, 14, 114, 15, b'0', b'0', 1184, 888, 12),
(2158, 72, 14, 15, 114, b'1', b'0', 872, 1090, 12),
(2159, 72, 15, 0, 0, b'1', b'0', 1247, 1559, 12),
(2160, 72, 15, 0, 0, b'0', b'0', 1247, 935, 12);

-- --------------------------------------------------------

--
-- Table structure for table `tblplayers`
--

DROP TABLE IF EXISTS `tblplayers`;
CREATE TABLE IF NOT EXISTS `tblplayers` (
  `PlayerID` int DEFAULT NULL,
  `PlayerName` varchar(50) CHARACTER SET utf8mb4 COLLATE utf8mb4_unicode_ci DEFAULT NULL,
  `Team` int DEFAULT NULL,
  `Active` bit(1) DEFAULT NULL,
  `CurrentRating` int DEFAULT NULL,
  `PreviousRating` int DEFAULT NULL,
  `FramesPlayed` int DEFAULT NULL,
  `MinBias` int DEFAULT NULL,
  `ValueTot` int DEFAULT NULL,
  `WeightingTot` int DEFAULT NULL
) ENGINE=MyISAM DEFAULT CHARSET=utf8mb4 COLLATE=utf8mb4_unicode_ci;

--
-- Dumping data for table `tblplayers`
--

INSERT INTO `tblplayers` (`PlayerID`, `PlayerName`, `Team`, `Active`, `CurrentRating`, `PreviousRating`, `FramesPlayed`, `MinBias`, `ValueTot`, `WeightingTot`) VALUES
(0, 'VOID', 0, b'0', 1000, 1000, 12, 176, 0, 0),
(1, 'TONY HARTNELL', 12, b'1', 1000, 1000, 26, 120, 0, 0),
(2, 'PETE BROWN', 12, b'1', 1000, 1000, 29, 108, 0, 0),
(3, 'STEVE WINDSOR', 12, b'1', 1000, 1000, 23, 132, 0, 0),
(4, 'ED PENFOLD', 12, b'1', 1000, 1000, 28, 112, 0, 0),
(5, 'SCOTT BATES', 12, b'1', 1000, 1000, 3, 212, 0, 0),
(6, 'MARC BAKER', 11, b'1', 1000, 1000, 29, 108, 0, 0),
(7, 'KEV GAYTON', 11, b'1', 1000, 1000, 29, 108, 0, 0),
(8, 'ROWENA WHITE', 11, b'1', 1000, 1000, 23, 132, 0, 0),
(9, 'GARY GRENSTED', 11, b'1', 1000, 1000, 24, 128, 0, 0),
(10, 'TERRY WINDSOR', 2, b'1', 1000, 1000, 30, 104, 0, 0),
(11, 'FRAN RADFORD', 9, b'1', 1000, 1000, 24, 128, 0, 0),
(12, 'DEZ DERRICK', 9, b'1', 1000, 1000, 17, 156, 0, 0),
(13, 'RICH MASLEN', 9, b'1', 1000, 1000, 25, 124, 0, 0),
(14, 'GUY GOODWIN', 6, b'1', 1000, 1000, 23, 132, 0, 0),
(15, 'BARRY WINTER', 6, b'1', 1000, 1000, 20, 144, 0, 0),
(16, 'MARKE TRACEY', 6, b'1', 1000, 1000, 18, 152, 0, 0),
(17, 'PAUL MAYNARD', 6, b'1', 1000, 1000, 17, 156, 0, 0),
(18, 'ELLIE ROSSITER', 6, b'1', 1000, 1000, 7, 196, 0, 0),
(19, 'COLIN SCARLETT', 1, b'1', 1000, 1000, 29, 108, 0, 0),
(20, 'LEE RICHARDS', 1, b'1', 1000, 1000, 26, 120, 0, 0),
(21, 'MAGGIE NORRIS', 1, b'1', 1000, 1000, 22, 136, 0, 0),
(22, 'NEIL PERKS', 1, b'1', 1000, 1000, 29, 108, 0, 0),
(23, 'REGGIE DURSTON', 4, b'1', 1000, 1000, 17, 156, 0, 0),
(24, 'GEORGE SLADE', 4, b'0', 1000, 1000, 6, 200, 0, 0),
(25, 'ALBERT HUGHES', 4, b'0', 1000, 1000, 0, 220, 0, 0),
(26, 'ROBERT POWELL', 4, b'1', 1000, 1000, 7, 196, 0, 0),
(27, 'CAM TRACEY', 6, b'1', 1000, 1000, 21, 140, 0, 0),
(28, 'BEN WARE', 11, b'1', 1000, 1000, 15, 164, 0, 0),
(29, 'LEON SPRAGUE', 9, b'1', 1000, 1000, 10, 184, 0, 0),
(30, 'MICHELLE GRUNDY', 9, b'1', 1000, 1000, 22, 136, 0, 0),
(31, 'MATT HUGGETT', 9, b'1', 1000, 1000, 29, 108, 0, 0),
(32, 'LARRY COOMBE', 6, b'1', 1000, 1000, 8, 192, 0, 0),
(33, 'JON WRIGHT', 9, b'1', 1000, 1000, 15, 164, 0, 0),
(34, 'STEPH PRIDAY', 4, b'1', 1000, 1000, 6, 200, 0, 0),
(35, 'MATT ROWSELL', 3, b'1', 1000, 1000, 12, 176, 0, 0),
(36, 'MARK WILLIAMS', 3, b'1', 1000, 1000, 3, 212, 0, 0),
(37, 'LISA DART', 3, b'1', 1000, 1000, 21, 140, 0, 0),
(38, 'RYAN REDWOOD', 3, b'1', 1000, 1000, 19, 148, 0, 0),
(39, 'MARK KERSLAKE', 13, b'1', 1000, 1000, 28, 112, 0, 0),
(40, 'SHAUN HITCHCOTT', 8, b'1', 1000, 1000, 26, 120, 0, 0),
(41, 'SIMON HERITAGE', 8, b'1', 1000, 1000, 23, 132, 0, 0),
(42, 'DARREN COPP', 8, b'1', 1000, 1000, 27, 116, 0, 0),
(43, 'GARY DEVILLE', 10, b'1', 1000, 1000, 27, 116, 0, 0),
(44, 'BUTCH COBBETT', 10, b'1', 1000, 1000, 21, 140, 0, 0),
(45, 'ED WILLIAMS', 10, b'1', 1000, 1000, 19, 148, 0, 0),
(46, 'MIKE LANE', 13, b'1', 1000, 1000, 28, 112, 0, 0),
(47, 'SAM COTTRELL', 10, b'1', 1000, 1000, 22, 136, 0, 0),
(48, 'ANDY DART', 3, b'1', 1000, 1000, 21, 140, 0, 0),
(49, 'STEVE SMITH', 8, b'1', 1000, 1000, 22, 136, 0, 0),
(50, 'GUY BACKHOUSE', 8, b'1', 1000, 1000, 3, 212, 0, 0),
(51, 'PAUL MARKS', 8, b'1', 1000, 1000, 29, 108, 0, 0),
(52, 'ADRIAN GAINES', 8, b'1', 1000, 1000, 8, 192, 0, 0),
(53, 'CARL WOOD', 7, b'1', 1000, 1000, 30, 104, 0, 0),
(54, 'MARK LISTER', 3, b'1', 1000, 1000, 19, 148, 0, 0),
(55, 'TOM SHARLAND', 12, b'1', 1000, 1000, 8, 192, 0, 0),
(56, 'CHRIS WELLS', 1, b'1', 1000, 1000, 0, 220, 0, 0),
(57, 'STEPHEN MASON', 6, b'1', 1000, 1000, 3, 212, 0, 0),
(58, 'GARY NEWALL', 10, b'1', 1000, 1000, 6, 200, 0, 0),
(59, 'LIAM PHILLIPS', 10, b'1', 1000, 1000, 26, 120, 0, 0),
(60, 'MIKE KERSLAKE', 13, b'1', 1000, 1000, 21, 140, 0, 0),
(61, 'JOEY BOOKER', 11, b'1', 1000, 1000, 27, 116, 0, 0),
(62, 'ASHLEY HUGGETT', 3, b'1', 1000, 1000, 5, 204, 0, 0),
(63, 'CHRIS MARSH', 12, b'1', 1000, 1000, 27, 116, 0, 0),
(65, 'LIAM DEVILLE', 4, b'1', 1000, 1000, 26, 120, 0, 0),
(66, 'MARK DURSTON', 4, b'1', 1000, 1000, 14, 168, 0, 0),
(67, 'SAM BUNNEY', 1, b'1', 1000, 1000, 30, 104, 0, 0),
(68, 'DAN NICHOLSON', 13, b'1', 1000, 1000, 12, 176, 0, 0),
(69, 'AIDEN HODGE', 13, b'1', 1000, 1000, 0, 220, 0, 0),
(70, 'GEORGE SANDERS', 10, b'0', 1000, 1000, 0, 220, 0, 0),
(71, 'KEVIN DENSLOW', 1, b'1', 1000, 1000, 0, 220, 0, 0),
(72, 'MATT BELL', 13, b'1', 1000, 1000, 30, 104, 0, 0),
(73, 'MANISH KARKI', 13, b'1', 1000, 1000, 22, 136, 0, 0),
(74, 'TOM DAVIES', 9, b'0', 1000, 1000, 0, 220, 0, 0),
(75, 'ROB SHEEN', 7, b'1', 1000, 1000, 19, 148, 0, 0),
(76, 'CHRIS TOLLY', 10, b'0', 1000, 1000, 0, 220, 0, 0),
(77, 'MARTIN ROBERTS', 5, b'1', 1000, 1000, 16, 160, 0, 0),
(78, 'BLADE REDMAN', 5, b'1', 1000, 1000, 28, 112, 0, 0),
(79, 'SAM MANLEY', 5, b'1', 1000, 1000, 0, 220, 0, 0),
(80, 'SHAUN HELLIER', 5, b'1', 1000, 1000, 15, 164, 0, 0),
(81, 'SHAYLEN LEWENDON', 5, b'1', 1000, 1000, 24, 128, 0, 0),
(82, 'JOEL MARTIN', 3, b'1', 1000, 1000, 3, 212, 0, 0),
(83, 'ANDY BOWRAH', 3, b'1', 1000, 1000, 24, 128, 0, 0),
(84, 'DAVE ROBERTS', 8, b'1', 1000, 1000, 3, 212, 0, 0),
(85, 'KANE EYLES', 5, b'1', 1000, 1000, 27, 116, 0, 0),
(86, 'LEWIS SMITH', 5, b'1', 1000, 1000, 16, 160, 0, 0),
(87, 'TOM HOWARD', 5, b'1', 1000, 1000, 30, 104, 0, 0),
(88, 'JACK WALL', 3, b'1', 1000, 1000, 23, 132, 0, 0),
(89, 'ETHAN DEVILLE', 4, b'1', 1000, 1000, 27, 116, 0, 0),
(90, 'SHANE DEHEAUME', 5, b'1', 1000, 1000, 6, 200, 0, 0),
(91, 'MATT GIBSON', 1, b'1', 1000, 1000, 0, 220, 0, 0),
(92, 'BRADLEY ELLISON', 4, b'1', 1000, 1000, 0, 220, 0, 0),
(93, 'DAVE DARCH', 7, b'1', 1000, 1000, 31, 100, 0, 0),
(94, 'DAN KELLY', 13, b'1', 1000, 1000, 0, 220, 0, 0),
(95, 'MORGAN WILLIAMS', 7, b'1', 1000, 1000, 22, 136, 0, 0),
(96, 'BEN ELLINS', 7, b'1', 1000, 1000, 13, 172, 0, 0),
(97, 'RICHARD JOHNSON', 7, b'1', 1000, 1000, 32, 96, 0, 0),
(98, 'ALEX JOHNSON', 7, b'1', 1000, 1000, 8, 192, 0, 0),
(99, 'STEWART PIPER', 10, b'1', 1000, 1000, 14, 168, 0, 0),
(100, 'CRAIG WILKINSON', 8, b'1', 1000, 1000, 6, 200, 0, 0),
(101, 'GAZ SMITH', 9, b'1', 1000, 1000, 8, 192, 0, 0),
(102, 'NICK RILEY', 2, b'1', 1000, 1000, 24, 128, 0, 0),
(103, 'HAYLEY THORNE', 2, b'1', 1000, 1000, 27, 116, 0, 0),
(104, 'CHRIS WELLS', 2, b'1', 1000, 1000, 3, 212, 0, 0),
(105, 'MARK BOWEN', 2, b'1', 1000, 1000, 3, 212, 0, 0),
(106, 'STEVE LIPPETT', 1, b'1', 1000, 1000, 9, 188, 0, 0),
(107, 'LEANDA THORNE', 2, b'1', 1000, 1000, 23, 132, 0, 0),
(108, 'SCOTT ANDREWS', 7, b'1', 1000, 1000, 6, 200, 0, 0),
(109, 'HELEN HOUNSELL', 7, b'1', 1000, 1000, 4, 208, 0, 0),
(110, 'JOE KELLY', 4, b'0', 1000, 1000, 5, 204, 0, 0),
(111, 'NATHEN GULLEY', 13, b'1', 1000, 1000, 3, 212, 0, 0),
(112, 'JAMIE DOUBLE', 2, b'1', 1000, 1000, 3, 212, 0, 0),
(113, 'LINDA PERRY', 2, b'1', 1000, 1000, 21, 140, 0, 0),
(114, 'CHRIS MILTON', 2, b'1', 1000, 1000, 4, 208, 0, 0),
(115, 'REECE WELLS', 1, b'1', 1000, 1000, 2, 216, 0, 0),
(116, 'BEN CAREY', 6, b'1', 1000, 1000, 18, 152, 0, 0),
(117, 'ZAK CARTMALE', 10, b'1', 1000, 1000, 15, 164, 0, 0),
(118, 'JAMIE CUNLINE', 2, b'1', 1000, 1000, 1, 220, 0, 0),
(119, 'DAN TANTON', 2, b'1', 1000, 1000, 2, 216, 0, 0),
(120, 'BAILEY DEVILLE', 4, b'1', 1000, 1000, 11, 180, 0, 0),
(121, 'JAMES GREEN', 5, b'1', 1000, 1000, 3, 212, 0, 0),
(122, 'AIDEN MAY', 4, b'1', 1000, 1000, 5, 204, 0, 0),
(123, 'MATTY GIBBO', 12, b'1', 1000, 1000, 6, 200, 0, 0),
(124, 'TOM DAVIS', 4, b'1', 1000, 1000, 6, 200, 0, 0),
(125, 'DYLAN GROVES', 4, b'1', 1000, 1000, 2, 216, 0, 0),
(126, 'RIO PRIDDLE', 4, b'1', 1000, 1000, 3, 212, 0, 0),
(127, 'LUKE PERRY', 4, b'1', 1000, 1000, 0, 220, 0, 0),
(128, 'DAVE RYLATT', 2, b'1', 1000, 1000, 0, 220, 0, 0);

-- --------------------------------------------------------

--
-- Table structure for table `tblpreviousleaguetable`
--

DROP TABLE IF EXISTS `tblpreviousleaguetable`;
CREATE TABLE IF NOT EXISTS `tblpreviousleaguetable` (
  `ID` int DEFAULT NULL,
  `Pos` int DEFAULT NULL,
  `Team` varchar(255) CHARACTER SET utf8mb4 COLLATE utf8mb4_unicode_ci DEFAULT NULL,
  `Played` int DEFAULT NULL,
  `Won` int DEFAULT NULL,
  `Lost` int DEFAULT NULL,
  `FramesWon` int DEFAULT NULL,
  `FramesLost` int DEFAULT NULL,
  `Penalty` int DEFAULT NULL,
  `Bonus` int DEFAULT NULL,
  `Total` int DEFAULT NULL,
  `Year` varchar(255) CHARACTER SET utf8mb4 COLLATE utf8mb4_unicode_ci DEFAULT NULL,
  `Season` varchar(255) CHARACTER SET utf8mb4 COLLATE utf8mb4_unicode_ci DEFAULT NULL,
  `DivName` varchar(255) CHARACTER SET utf8mb4 COLLATE utf8mb4_unicode_ci DEFAULT NULL,
  `Division` int DEFAULT NULL
) ENGINE=MyISAM DEFAULT CHARSET=utf8mb4 COLLATE=utf8mb4_unicode_ci;

-- --------------------------------------------------------

--
-- Table structure for table `tblpreviousratings`
--

DROP TABLE IF EXISTS `tblpreviousratings`;
CREATE TABLE IF NOT EXISTS `tblpreviousratings` (
  `ID` int DEFAULT NULL,
  `Year` int DEFAULT NULL,
  `Season` varchar(255) CHARACTER SET utf8mb4 COLLATE utf8mb4_unicode_ci DEFAULT NULL,
  `Division` int DEFAULT NULL,
  `Pos` varchar(255) CHARACTER SET utf8mb4 COLLATE utf8mb4_unicode_ci DEFAULT NULL,
  `Player` varchar(255) CHARACTER SET utf8mb4 COLLATE utf8mb4_unicode_ci DEFAULT NULL,
  `Team` varchar(255) CHARACTER SET utf8mb4 COLLATE utf8mb4_unicode_ci DEFAULT NULL,
  `PerOfMax` float DEFAULT NULL,
  `PerWon` float DEFAULT NULL,
  `Played` int DEFAULT NULL,
  `Won` int DEFAULT NULL,
  `Lost` int DEFAULT NULL,
  `EightBall` int DEFAULT NULL,
  `Rating` int DEFAULT NULL,
  `Division Name` varchar(255) CHARACTER SET utf8mb4 COLLATE utf8mb4_unicode_ci DEFAULT NULL
) ENGINE=MyISAM DEFAULT CHARSET=utf8mb4 COLLATE=utf8mb4_unicode_ci;

-- --------------------------------------------------------

--
-- Table structure for table `tblratings`
--

DROP TABLE IF EXISTS `tblratings`;
CREATE TABLE IF NOT EXISTS `tblratings` (
  `ID` int DEFAULT NULL,
  `WeekNo` smallint DEFAULT NULL,
  `PlayerID` smallint DEFAULT NULL,
  `Rating` int DEFAULT NULL
) ENGINE=MyISAM DEFAULT CHARSET=utf8mb4 COLLATE=utf8mb4_unicode_ci;

--
-- Dumping data for table `tblratings`
--

INSERT INTO `tblratings` (`ID`, `WeekNo`, `PlayerID`, `Rating`) VALUES
(1, 1, 0, 1000),
(2, 1, 1, 1000),
(3, 1, 2, 1000),
(4, 1, 3, 1000),
(5, 1, 4, 1000),
(6, 1, 5, 1000),
(7, 1, 6, 1000),
(8, 1, 7, 1000),
(9, 1, 8, 1000),
(10, 1, 9, 1000),
(11, 1, 10, 1000),
(12, 1, 11, 1000),
(13, 1, 12, 1000),
(14, 1, 13, 1000),
(15, 1, 14, 1000),
(16, 1, 15, 1000),
(17, 1, 16, 1000),
(18, 1, 17, 1000),
(19, 1, 18, 1000),
(20, 1, 19, 1000),
(21, 1, 20, 1000),
(22, 1, 21, 1000),
(23, 1, 22, 1000),
(24, 1, 23, 1000),
(25, 1, 24, 1000),
(26, 1, 25, 1000),
(27, 1, 26, 1000),
(28, 1, 27, 1000),
(29, 1, 28, 1000),
(30, 1, 29, 1000),
(31, 1, 30, 1000),
(32, 1, 31, 1000),
(33, 1, 32, 1000),
(34, 1, 33, 1000),
(35, 1, 34, 1000),
(36, 1, 35, 1000),
(37, 1, 36, 1000),
(38, 1, 37, 1000),
(39, 1, 38, 1000),
(40, 1, 39, 1000),
(41, 1, 40, 1000),
(42, 1, 41, 1000),
(43, 1, 42, 1000),
(44, 1, 43, 1000),
(45, 1, 44, 1000),
(46, 1, 45, 1000),
(47, 1, 46, 1000),
(48, 1, 47, 1000),
(49, 1, 48, 1000),
(50, 1, 49, 1000),
(51, 1, 50, 1000),
(52, 1, 51, 1000),
(53, 1, 52, 1000),
(54, 1, 53, 1000),
(55, 1, 54, 1000),
(56, 1, 55, 1000),
(57, 1, 56, 1000),
(58, 1, 57, 1000),
(59, 1, 58, 1000),
(60, 1, 59, 1000),
(61, 1, 60, 1000),
(62, 1, 61, 1000),
(63, 1, 62, 1000),
(64, 1, 63, 1000),
(65, 1, 65, 1000),
(66, 1, 66, 1000),
(67, 1, 67, 1000),
(68, 1, 68, 1000),
(69, 1, 69, 1000),
(70, 1, 70, 1000),
(71, 1, 71, 1000),
(72, 1, 72, 1000),
(73, 1, 73, 1000),
(74, 1, 74, 1000),
(75, 1, 75, 1000),
(76, 1, 76, 1000),
(77, 1, 77, 1000),
(78, 1, 78, 1000),
(79, 1, 79, 1000),
(80, 1, 80, 1000),
(81, 1, 81, 1000),
(82, 1, 82, 1000),
(83, 1, 83, 1000),
(84, 1, 84, 1000),
(85, 1, 85, 1000),
(86, 1, 86, 1000),
(87, 1, 87, 1000),
(88, 1, 88, 1000),
(89, 1, 89, 1000),
(90, 1, 90, 1000),
(91, 1, 91, 1000),
(92, 1, 92, 1000),
(93, 1, 93, 1000),
(94, 1, 94, 1000),
(95, 1, 95, 1000),
(96, 1, 96, 1000),
(97, 1, 97, 1000),
(98, 1, 98, 1000),
(99, 1, 99, 1000),
(100, 1, 100, 1000),
(101, 1, 101, 1000),
(102, 1, 102, 1000),
(103, 1, 103, 1000),
(104, 1, 104, 1000),
(105, 1, 105, 1000),
(106, 1, 106, 1000),
(107, 1, 107, 1000),
(108, 1, 108, 1000),
(109, 1, 109, 1000),
(110, 1, 110, 1000),
(111, 1, 111, 1000),
(112, 1, 112, 1000),
(113, 1, 113, 1000),
(114, 1, 114, 1000),
(115, 1, 115, 1000),
(116, 1, 116, 1000),
(117, 1, 117, 1000),
(118, 1, 118, 1000),
(119, 1, 119, 1000),
(120, 1, 120, 1000),
(121, 1, 121, 1000),
(122, 1, 122, 1000),
(123, 1, 123, 1000),
(124, 1, 124, 1000),
(125, 1, 125, 1000),
(126, 1, 126, 1000),
(127, 1, 127, 1000),
(128, 1, 128, 1000),
(129, 2, 2, 931),
(130, 2, 3, 764),
(131, 2, 4, 1100),
(132, 2, 5, 1103),
(133, 2, 6, 937),
(134, 2, 7, 937),
(135, 2, 9, 934),
(136, 2, 10, 931),
(137, 2, 11, 1100),
(138, 2, 13, 931),
(139, 2, 14, 931),
(140, 2, 15, 931),
(141, 2, 16, 1106),
(142, 2, 19, 1106),
(143, 2, 20, 1273),
(144, 2, 21, 1021),
(145, 2, 22, 1021),
(146, 2, 23, 764),
(147, 2, 24, 764),
(148, 2, 27, 1100),
(149, 2, 28, 1106),
(150, 2, 31, 934),
(151, 2, 32, 1103),
(152, 2, 33, 764),
(153, 2, 39, 937),
(154, 2, 40, 1100),
(155, 2, 42, 1103),
(156, 2, 43, 764),
(157, 2, 44, 1306),
(158, 2, 45, 1138),
(159, 2, 46, 931),
(160, 2, 49, 1103),
(161, 2, 51, 1141),
(162, 2, 53, 764),
(163, 2, 59, 934),
(164, 2, 60, 1273),
(165, 2, 61, 1106),
(166, 2, 63, 1106),
(167, 2, 65, 1100),
(168, 2, 66, 934),
(169, 2, 67, 1273),
(170, 2, 72, 1106),
(171, 2, 73, 1103),
(172, 2, 75, 764),
(173, 2, 77, 1021),
(174, 2, 78, 1016),
(175, 2, 81, 1021),
(176, 2, 85, 1021),
(177, 2, 86, 1273),
(178, 2, 87, 764),
(179, 2, 89, 1273),
(180, 2, 90, 1021),
(181, 2, 93, 1273),
(182, 2, 95, 764),
(183, 2, 96, 764),
(184, 2, 97, 1273),
(185, 2, 98, 1016),
(186, 2, 99, 1103),
(187, 2, 100, 937),
(188, 2, 101, 1103),
(189, 2, 102, 931),
(190, 2, 103, 764),
(191, 2, 104, 931),
(192, 2, 105, 1103),
(193, 2, 106, 764),
(194, 3, 0, 1021),
(195, 3, 1, 1103),
(196, 3, 2, 887),
(197, 3, 3, 889),
(198, 3, 4, 887),
(199, 3, 5, 1014),
(200, 3, 6, 1114),
(201, 3, 7, 1126),
(202, 3, 9, 1039),
(203, 3, 10, 924),
(204, 3, 11, 1222),
(205, 3, 12, 1055),
(206, 3, 13, 1069),
(207, 3, 14, 842),
(208, 3, 15, 910),
(209, 3, 16, 956),
(210, 3, 17, 916),
(211, 3, 18, 797),
(212, 3, 19, 1030),
(213, 3, 20, 1113),
(214, 3, 21, 908),
(215, 3, 22, 950),
(216, 3, 23, 881),
(217, 3, 24, 800),
(218, 3, 26, 1124),
(219, 3, 27, 1068),
(220, 3, 28, 1067),
(221, 3, 29, 1185),
(222, 3, 30, 1079),
(223, 3, 31, 1163),
(224, 3, 32, 1076),
(225, 3, 33, 799),
(226, 3, 34, 714),
(227, 3, 35, 1292),
(228, 3, 37, 972),
(229, 3, 38, 1188),
(230, 3, 39, 1010),
(231, 3, 40, 1038),
(232, 3, 41, 1285),
(233, 3, 42, 953),
(234, 3, 43, 964),
(235, 3, 44, 1062),
(236, 3, 45, 999),
(237, 3, 46, 1040),
(238, 3, 48, 674),
(239, 3, 49, 1048),
(240, 3, 51, 1038),
(241, 3, 53, 1000),
(242, 3, 54, 1337),
(243, 3, 58, 949),
(244, 3, 59, 1103),
(245, 3, 60, 1144),
(246, 3, 61, 1134),
(247, 3, 62, 1085),
(248, 3, 63, 1059),
(249, 3, 65, 1086),
(250, 3, 66, 912),
(251, 3, 67, 1189),
(252, 3, 68, 1230),
(253, 3, 72, 1077),
(254, 3, 73, 973),
(255, 3, 75, 934),
(256, 3, 77, 809),
(257, 3, 78, 918),
(258, 3, 80, 1134),
(259, 3, 81, 1090),
(260, 3, 83, 1014),
(261, 3, 85, 1076),
(262, 3, 86, 1187),
(263, 3, 87, 743),
(264, 3, 88, 1297),
(265, 3, 89, 1065),
(266, 3, 90, 843),
(267, 3, 93, 1285),
(268, 3, 95, 968),
(269, 3, 96, 842),
(270, 3, 97, 1093),
(271, 3, 98, 907),
(272, 3, 99, 1193),
(273, 3, 100, 844),
(274, 3, 101, 1233),
(275, 3, 102, 900),
(276, 3, 103, 876),
(277, 3, 104, 929),
(278, 3, 105, 1080),
(279, 3, 106, 777),
(280, 3, 107, 774),
(281, 3, 108, 1015),
(282, 4, 0, 1044),
(283, 4, 1, 1084),
(284, 4, 2, 926),
(285, 4, 3, 781),
(286, 4, 4, 941),
(287, 4, 5, 1003),
(288, 4, 6, 1079),
(289, 4, 7, 1076),
(290, 4, 8, 992),
(291, 4, 9, 1024),
(292, 4, 10, 933),
(293, 4, 11, 1113),
(294, 4, 12, 989),
(295, 4, 13, 978),
(296, 4, 14, 886),
(297, 4, 15, 1140),
(298, 4, 16, 1099),
(299, 4, 17, 921),
(300, 4, 18, 842),
(301, 4, 19, 991),
(302, 4, 20, 1148),
(303, 4, 21, 974),
(304, 4, 22, 1096),
(305, 4, 23, 1034),
(306, 4, 24, 780),
(307, 4, 26, 1127),
(308, 4, 27, 1096),
(309, 4, 28, 1065),
(310, 4, 29, 1115),
(311, 4, 30, 973),
(312, 4, 31, 984),
(313, 4, 32, 1067),
(314, 4, 33, 745),
(315, 4, 34, 826),
(316, 4, 35, 1092),
(317, 4, 37, 1298),
(318, 4, 38, 1047),
(319, 4, 39, 975),
(320, 4, 40, 986),
(321, 4, 41, 1125),
(322, 4, 42, 1036),
(323, 4, 43, 939),
(324, 4, 44, 1142),
(325, 4, 45, 1093),
(326, 4, 46, 997),
(327, 4, 47, 1342),
(328, 4, 48, 771),
(329, 4, 49, 1094),
(330, 4, 51, 1250),
(331, 4, 53, 987),
(332, 4, 54, 1266),
(333, 4, 58, 1068),
(334, 4, 59, 1031),
(335, 4, 60, 1117),
(336, 4, 61, 1165),
(337, 4, 62, 994),
(338, 4, 63, 1109),
(339, 4, 65, 1184),
(340, 4, 66, 1052),
(341, 4, 67, 1275),
(342, 4, 68, 1080),
(343, 4, 72, 1081),
(344, 4, 73, 985),
(345, 4, 75, 1040),
(346, 4, 77, 830),
(347, 4, 78, 1038),
(348, 4, 80, 1007),
(349, 4, 81, 1023),
(350, 4, 83, 930),
(351, 4, 85, 1041),
(352, 4, 86, 1064),
(353, 4, 87, 979),
(354, 4, 88, 1240),
(355, 4, 89, 1064),
(356, 4, 90, 906),
(357, 4, 93, 1267),
(358, 4, 95, 889),
(359, 4, 96, 991),
(360, 4, 97, 1094),
(361, 4, 98, 1068),
(362, 4, 99, 1111),
(363, 4, 100, 927),
(364, 4, 101, 1113),
(365, 4, 102, 863),
(366, 4, 103, 825),
(367, 4, 104, 874),
(368, 4, 105, 1017),
(369, 4, 106, 768),
(370, 4, 107, 853),
(371, 4, 108, 1029),
(372, 4, 109, 1014),
(373, 4, 110, 1048),
(374, 4, 111, 800),
(375, 4, 112, 840),
(376, 4, 113, 829),
(377, 5, 0, 1067),
(378, 5, 1, 1046),
(379, 5, 2, 977),
(380, 5, 3, 926),
(381, 5, 4, 974),
(382, 5, 5, 1121),
(383, 5, 6, 1084),
(384, 5, 7, 1099),
(385, 5, 8, 949),
(386, 5, 9, 983),
(387, 5, 10, 937),
(388, 5, 11, 1205),
(389, 5, 12, 1079),
(390, 5, 13, 1058),
(391, 5, 14, 893),
(392, 5, 15, 1092),
(393, 5, 16, 930),
(394, 5, 17, 904),
(395, 5, 18, 795),
(396, 5, 19, 940),
(397, 5, 20, 1117),
(398, 5, 21, 819),
(399, 5, 22, 1073),
(400, 5, 23, 972),
(401, 5, 24, 774),
(402, 5, 26, 1051),
(403, 5, 27, 1066),
(404, 5, 28, 1179),
(405, 5, 29, 1213),
(406, 5, 30, 909),
(407, 5, 31, 1115),
(408, 5, 32, 1075),
(409, 5, 33, 765),
(410, 5, 34, 814),
(411, 5, 35, 1214),
(412, 5, 37, 1149),
(413, 5, 38, 1052),
(414, 5, 39, 1054),
(415, 5, 40, 1009),
(416, 5, 41, 1072),
(417, 5, 42, 1072),
(418, 5, 43, 973),
(419, 5, 44, 1124),
(420, 5, 45, 1060),
(421, 5, 46, 1071),
(422, 5, 47, 1237),
(423, 5, 48, 811),
(424, 5, 49, 1106),
(425, 5, 51, 1213),
(426, 5, 53, 1001),
(427, 5, 54, 1231),
(428, 5, 58, 1057),
(429, 5, 59, 1113),
(430, 5, 60, 1206),
(431, 5, 61, 1153),
(432, 5, 62, 1015),
(433, 5, 63, 1068),
(434, 5, 65, 1130),
(435, 5, 66, 987),
(436, 5, 67, 1224),
(437, 5, 68, 1032),
(438, 5, 72, 1137),
(439, 5, 73, 1139),
(440, 5, 75, 1086),
(441, 5, 77, 818),
(442, 5, 78, 1056),
(443, 5, 80, 1122),
(444, 5, 81, 1139),
(445, 5, 83, 1070),
(446, 5, 85, 946),
(447, 5, 86, 1112),
(448, 5, 87, 1062),
(449, 5, 88, 1237),
(450, 5, 89, 1125),
(451, 5, 90, 852),
(452, 5, 93, 1280),
(453, 5, 95, 917),
(454, 5, 96, 1200),
(455, 5, 97, 1082),
(456, 5, 98, 999),
(457, 5, 99, 1191),
(458, 5, 100, 850),
(459, 5, 101, 1185),
(460, 5, 102, 864),
(461, 5, 103, 809),
(462, 5, 104, 869),
(463, 5, 105, 1062),
(464, 5, 106, 723),
(465, 5, 107, 811),
(466, 5, 108, 1063),
(467, 5, 109, 1071),
(468, 5, 110, 886),
(469, 5, 111, 857),
(470, 5, 112, 832),
(471, 5, 113, 889),
(472, 5, 114, 786),
(473, 5, 115, 707),
(474, 5, 116, 1114),
(475, 6, 0, 1091),
(476, 6, 1, 971),
(477, 6, 2, 960),
(478, 6, 3, 885),
(479, 6, 4, 929),
(480, 6, 5, 1122),
(481, 6, 6, 1140),
(482, 6, 7, 1074),
(483, 6, 8, 980),
(484, 6, 9, 987),
(485, 6, 10, 961),
(486, 6, 11, 1179),
(487, 6, 12, 954),
(488, 6, 13, 1001),
(489, 6, 14, 947),
(490, 6, 15, 1116),
(491, 6, 16, 930),
(492, 6, 17, 921),
(493, 6, 18, 850),
(494, 6, 19, 986),
(495, 6, 20, 1208),
(496, 6, 21, 872),
(497, 6, 22, 1153),
(498, 6, 23, 987),
(499, 6, 24, 819),
(500, 6, 26, 1104),
(501, 6, 27, 1092),
(502, 6, 28, 1009),
(503, 6, 29, 1187),
(504, 6, 30, 990),
(505, 6, 31, 1005),
(506, 6, 32, 1096),
(507, 6, 33, 754),
(508, 6, 34, 795),
(509, 6, 35, 1046),
(510, 6, 37, 1191),
(511, 6, 38, 1006),
(512, 6, 39, 1107),
(513, 6, 40, 1031),
(514, 6, 41, 1090),
(515, 6, 42, 1088),
(516, 6, 43, 1081),
(517, 6, 44, 1149),
(518, 6, 45, 1144),
(519, 6, 46, 1043),
(520, 6, 47, 1199),
(521, 6, 48, 951),
(522, 6, 49, 1131),
(523, 6, 51, 1274),
(524, 6, 53, 1027),
(525, 6, 54, 1227),
(526, 6, 55, 805),
(527, 6, 58, 1107),
(528, 6, 59, 1195),
(529, 6, 60, 1141),
(530, 6, 61, 1070),
(531, 6, 62, 1009),
(532, 6, 63, 1086),
(533, 6, 65, 1122),
(534, 6, 66, 989),
(535, 6, 67, 1259),
(536, 6, 68, 1062),
(537, 6, 72, 1137),
(538, 6, 73, 1147),
(539, 6, 75, 1063),
(540, 6, 77, 872),
(541, 6, 78, 1113),
(542, 6, 80, 1118),
(543, 6, 81, 1138),
(544, 6, 83, 1086),
(545, 6, 85, 962),
(546, 6, 86, 1174),
(547, 6, 87, 1144),
(548, 6, 88, 1197),
(549, 6, 89, 1089),
(550, 6, 90, 1045),
(551, 6, 93, 1252),
(552, 6, 95, 944),
(553, 6, 96, 1134),
(554, 6, 97, 1072),
(555, 6, 98, 1010),
(556, 6, 99, 1191),
(557, 6, 100, 897),
(558, 6, 101, 1116),
(559, 6, 102, 854),
(560, 6, 103, 822),
(561, 6, 104, 830),
(562, 6, 105, 965),
(563, 6, 106, 903),
(564, 6, 107, 846),
(565, 6, 108, 1040),
(566, 6, 109, 919),
(567, 6, 110, 924),
(568, 6, 111, 779),
(569, 6, 112, 824),
(570, 6, 113, 892),
(571, 6, 114, 865),
(572, 6, 115, 746),
(573, 6, 116, 1312),
(574, 6, 117, 1291),
(575, 7, 0, 1115),
(576, 7, 1, 1096),
(577, 7, 2, 958),
(578, 7, 3, 928),
(579, 7, 4, 942),
(580, 7, 5, 1178),
(581, 7, 6, 1180),
(582, 7, 7, 1097),
(583, 7, 8, 1000),
(584, 7, 9, 987),
(585, 7, 10, 1017),
(586, 7, 11, 1199),
(587, 7, 12, 967),
(588, 7, 13, 1060),
(589, 7, 14, 931),
(590, 7, 15, 1089),
(591, 7, 16, 929),
(592, 7, 17, 920),
(593, 7, 18, 795),
(594, 7, 19, 981),
(595, 7, 20, 1082),
(596, 7, 21, 852),
(597, 7, 22, 1170),
(598, 7, 23, 987),
(599, 7, 24, 860),
(600, 7, 26, 1050),
(601, 7, 27, 1055),
(602, 7, 28, 1043),
(603, 7, 29, 1231),
(604, 7, 30, 1052),
(605, 7, 31, 1012),
(606, 7, 32, 1074),
(607, 7, 33, 778),
(608, 7, 34, 792),
(609, 7, 35, 1070),
(610, 7, 37, 1195),
(611, 7, 38, 1041),
(612, 7, 39, 1190),
(613, 7, 40, 1080),
(614, 7, 41, 1159),
(615, 7, 42, 1106),
(616, 7, 43, 1074),
(617, 7, 44, 1144),
(618, 7, 45, 1164),
(619, 7, 46, 1055),
(620, 7, 47, 1109),
(621, 7, 48, 964),
(622, 7, 49, 1087),
(623, 7, 51, 1237),
(624, 7, 53, 1102),
(625, 7, 54, 1174),
(626, 7, 55, 908),
(627, 7, 58, 1154),
(628, 7, 59, 1167),
(629, 7, 60, 1096),
(630, 7, 61, 1067),
(631, 7, 62, 1020),
(632, 7, 63, 1124),
(633, 7, 65, 1131),
(634, 7, 66, 1007),
(635, 7, 67, 1283),
(636, 7, 68, 1068),
(637, 7, 72, 1161),
(638, 7, 73, 1143),
(639, 7, 75, 1095),
(640, 7, 77, 927),
(641, 7, 78, 1110),
(642, 7, 80, 1103),
(643, 7, 81, 1124),
(644, 7, 83, 1175),
(645, 7, 85, 1011),
(646, 7, 86, 1186),
(647, 7, 87, 1131),
(648, 7, 88, 1256),
(649, 7, 89, 1051),
(650, 7, 90, 1044),
(651, 7, 93, 1232),
(652, 7, 95, 985),
(653, 7, 96, 1155),
(654, 7, 97, 1058),
(655, 7, 98, 1036),
(656, 7, 99, 1244),
(657, 7, 100, 860),
(658, 7, 101, 1140),
(659, 7, 102, 863),
(660, 7, 103, 849),
(661, 7, 104, 940),
(662, 7, 105, 1074),
(663, 7, 106, 875),
(664, 7, 107, 883),
(665, 7, 108, 967),
(666, 7, 109, 962),
(667, 7, 110, 914),
(668, 7, 111, 815),
(669, 7, 112, 798),
(670, 7, 113, 859),
(671, 7, 114, 799),
(672, 7, 115, 733),
(673, 7, 116, 1318),
(674, 7, 117, 1195),
(675, 7, 118, 1224),
(676, 7, 119, 735),
(677, 7, 120, 920),
(678, 8, 0, 1140),
(679, 8, 1, 1074),
(680, 8, 2, 1046),
(681, 8, 3, 970),
(682, 8, 4, 990),
(683, 8, 5, 1193),
(684, 8, 6, 1138),
(685, 8, 7, 1087),
(686, 8, 8, 1053),
(687, 8, 9, 995),
(688, 8, 10, 1016),
(689, 8, 11, 1169),
(690, 8, 12, 962),
(691, 8, 13, 1101),
(692, 8, 14, 914),
(693, 8, 15, 1102),
(694, 8, 16, 1008),
(695, 8, 17, 945),
(696, 8, 18, 826),
(697, 8, 19, 998),
(698, 8, 20, 1086),
(699, 8, 21, 878),
(700, 8, 22, 1144),
(701, 8, 23, 1008),
(702, 8, 24, 872),
(703, 8, 26, 1074),
(704, 8, 27, 1010),
(705, 8, 28, 1073),
(706, 8, 29, 1247),
(707, 8, 30, 1116),
(708, 8, 31, 983),
(709, 8, 32, 1025),
(710, 8, 33, 1018),
(711, 8, 34, 798),
(712, 8, 35, 1046),
(713, 8, 37, 1177),
(714, 8, 38, 1053),
(715, 8, 39, 1245),
(716, 8, 40, 1105),
(717, 8, 41, 1170),
(718, 8, 42, 1135),
(719, 8, 43, 1091),
(720, 8, 44, 1243),
(721, 8, 45, 1182),
(722, 8, 46, 1112),
(723, 8, 47, 1099),
(724, 8, 48, 1009),
(725, 8, 49, 1108),
(726, 8, 51, 1226),
(727, 8, 52, 1061),
(728, 8, 53, 1115),
(729, 8, 54, 1172),
(730, 8, 55, 894),
(731, 8, 58, 1182),
(732, 8, 59, 1183),
(733, 8, 60, 1075),
(734, 8, 61, 1062),
(735, 8, 62, 1048),
(736, 8, 63, 1149),
(737, 8, 65, 1146),
(738, 8, 66, 1034),
(739, 8, 67, 1275),
(740, 8, 68, 1106),
(741, 8, 72, 1148),
(742, 8, 73, 1156),
(743, 8, 75, 1079),
(744, 8, 77, 975),
(745, 8, 78, 1124),
(746, 8, 80, 1063),
(747, 8, 81, 1126),
(748, 8, 83, 1183),
(749, 8, 84, 1038),
(750, 8, 85, 1000),
(751, 8, 86, 1129),
(752, 8, 87, 1148),
(753, 8, 88, 1231),
(754, 8, 89, 1071),
(755, 8, 90, 1015),
(756, 8, 93, 1269),
(757, 8, 95, 976),
(758, 8, 96, 1095),
(759, 8, 97, 1083),
(760, 8, 98, 1083),
(761, 8, 99, 1253),
(762, 8, 100, 883),
(763, 8, 101, 1123),
(764, 8, 102, 864),
(765, 8, 103, 856),
(766, 8, 104, 895),
(767, 8, 105, 1060),
(768, 8, 106, 955),
(769, 8, 107, 885),
(770, 8, 108, 979),
(771, 8, 109, 970),
(772, 8, 110, 943),
(773, 8, 111, 812),
(774, 8, 112, 803),
(775, 8, 113, 867),
(776, 8, 114, 809),
(777, 8, 115, 731),
(778, 8, 116, 1215),
(779, 8, 117, 1213),
(780, 8, 118, 1287),
(781, 8, 119, 772),
(782, 8, 120, 922),
(783, 8, 121, 1252),
(784, 9, 0, 1166),
(785, 9, 1, 1053),
(786, 9, 2, 1020),
(787, 9, 3, 1017),
(788, 9, 4, 1013),
(789, 9, 5, 1199),
(790, 9, 6, 1166),
(791, 9, 7, 1106),
(792, 9, 8, 1051),
(793, 9, 9, 1046),
(794, 9, 10, 1023),
(795, 9, 11, 1166),
(796, 9, 12, 974),
(797, 9, 13, 1130),
(798, 9, 14, 915),
(799, 9, 15, 1077),
(800, 9, 16, 985),
(801, 9, 17, 951),
(802, 9, 18, 826),
(803, 9, 19, 982),
(804, 9, 20, 1102),
(805, 9, 21, 922),
(806, 9, 22, 1185),
(807, 9, 23, 1003),
(808, 9, 24, 868),
(809, 9, 26, 1059),
(810, 9, 27, 1003),
(811, 9, 28, 1126),
(812, 9, 29, 1167),
(813, 9, 30, 1129),
(814, 9, 31, 971),
(815, 9, 32, 1024),
(816, 9, 33, 1100),
(817, 9, 34, 893),
(818, 9, 35, 1081),
(819, 9, 37, 1163),
(820, 9, 38, 1123),
(821, 9, 39, 1253),
(822, 9, 40, 1134),
(823, 9, 41, 1246),
(824, 9, 42, 1176),
(825, 9, 43, 1112),
(826, 9, 44, 1250),
(827, 9, 45, 1232),
(828, 9, 46, 1086),
(829, 9, 47, 1102),
(830, 9, 48, 1003),
(831, 9, 49, 1145),
(832, 9, 51, 1187),
(833, 9, 52, 1124),
(834, 9, 53, 1143),
(835, 9, 54, 1184),
(836, 9, 55, 906),
(837, 9, 58, 1196),
(838, 9, 59, 1205),
(839, 9, 60, 1124),
(840, 9, 61, 1080),
(841, 9, 62, 1069),
(842, 9, 63, 1093),
(843, 9, 65, 1131),
(844, 9, 66, 1039),
(845, 9, 67, 1254),
(846, 9, 68, 1120),
(847, 9, 72, 1152),
(848, 9, 73, 1162),
(849, 9, 75, 1156),
(850, 9, 77, 997),
(851, 9, 78, 1114),
(852, 9, 80, 1161),
(853, 9, 81, 1091),
(854, 9, 83, 1254),
(855, 9, 84, 1047),
(856, 9, 85, 1021),
(857, 9, 86, 1161),
(858, 9, 87, 1130),
(859, 9, 88, 1262),
(860, 9, 89, 1135),
(861, 9, 90, 1048),
(862, 9, 93, 1247),
(863, 9, 95, 982),
(864, 9, 96, 1107),
(865, 9, 97, 1121),
(866, 9, 98, 1081),
(867, 9, 99, 1261),
(868, 9, 100, 943),
(869, 9, 101, 1157),
(870, 9, 102, 864),
(871, 9, 103, 862),
(872, 9, 104, 933),
(873, 9, 105, 1103),
(874, 9, 106, 937),
(875, 9, 107, 890),
(876, 9, 108, 988),
(877, 9, 109, 983),
(878, 9, 110, 957),
(879, 9, 111, 823),
(880, 9, 112, 801),
(881, 9, 113, 878),
(882, 9, 114, 793),
(883, 9, 115, 868),
(884, 9, 116, 1231),
(885, 9, 117, 1282),
(886, 9, 118, 1273),
(887, 9, 119, 764),
(888, 9, 120, 1056),
(889, 9, 121, 1241),
(890, 9, 122, 772),
(891, 9, 123, 1016),
(892, 10, 0, 1192),
(893, 10, 1, 1038),
(894, 10, 2, 1073),
(895, 10, 3, 1004),
(896, 10, 4, 1010),
(897, 10, 5, 1197),
(898, 10, 6, 1162),
(899, 10, 7, 1115),
(900, 10, 8, 1034),
(901, 10, 9, 1062),
(902, 10, 10, 1048),
(903, 10, 11, 1176),
(904, 10, 12, 1041),
(905, 10, 13, 1165),
(906, 10, 14, 928),
(907, 10, 15, 1174),
(908, 10, 16, 985),
(909, 10, 17, 1050),
(910, 10, 18, 849),
(911, 10, 19, 1037),
(912, 10, 20, 1131),
(913, 10, 21, 964),
(914, 10, 22, 1214),
(915, 10, 23, 1021),
(916, 10, 24, 874),
(917, 10, 26, 1077),
(918, 10, 27, 1006),
(919, 10, 28, 1126),
(920, 10, 29, 1173),
(921, 10, 30, 1088),
(922, 10, 31, 981),
(923, 10, 32, 1039),
(924, 10, 33, 1136),
(925, 10, 34, 903),
(926, 10, 35, 1089),
(927, 10, 37, 1225),
(928, 10, 38, 1111),
(929, 10, 39, 1275),
(930, 10, 40, 1163),
(931, 10, 41, 1243),
(932, 10, 42, 1193),
(933, 10, 43, 1148),
(934, 10, 44, 1263),
(935, 10, 45, 1257),
(936, 10, 46, 1100),
(937, 10, 47, 1090),
(938, 10, 48, 1086),
(939, 10, 49, 1115),
(940, 10, 51, 1207),
(941, 10, 52, 1134),
(942, 10, 53, 1147),
(943, 10, 54, 1186),
(944, 10, 55, 1030),
(945, 10, 58, 1228),
(946, 10, 59, 1199),
(947, 10, 60, 1143),
(948, 10, 61, 1058),
(949, 10, 62, 1092),
(950, 10, 63, 1119),
(951, 10, 65, 1114),
(952, 10, 66, 1062),
(953, 10, 67, 1310),
(954, 10, 68, 1138),
(955, 10, 72, 1165),
(956, 10, 73, 1176),
(957, 10, 75, 1143),
(958, 10, 77, 1025),
(959, 10, 78, 1145),
(960, 10, 80, 1173),
(961, 10, 81, 1069),
(962, 10, 83, 1256),
(963, 10, 84, 1070),
(964, 10, 85, 1031),
(965, 10, 86, 1109),
(966, 10, 87, 1183),
(967, 10, 88, 1315),
(968, 10, 89, 1105),
(969, 10, 90, 1057),
(970, 10, 93, 1233),
(971, 10, 95, 970),
(972, 10, 96, 1106),
(973, 10, 97, 1130),
(974, 10, 98, 1113),
(975, 10, 99, 1264),
(976, 10, 100, 987),
(977, 10, 101, 1174),
(978, 10, 102, 889),
(979, 10, 103, 861),
(980, 10, 104, 925),
(981, 10, 105, 1108),
(982, 10, 106, 943),
(983, 10, 107, 871),
(984, 10, 108, 1001),
(985, 10, 109, 914),
(986, 10, 110, 977),
(987, 10, 111, 839),
(988, 10, 112, 823),
(989, 10, 113, 871),
(990, 10, 114, 792),
(991, 10, 115, 843),
(992, 10, 116, 1180),
(993, 10, 117, 1322),
(994, 10, 118, 1299),
(995, 10, 119, 780),
(996, 10, 120, 1079),
(997, 10, 121, 1265),
(998, 10, 122, 825),
(999, 10, 123, 965),
(1000, 10, 124, 1301),
(1001, 10, 125, 910),
(1002, 11, 0, 1219),
(1003, 11, 1, 1093),
(1004, 11, 2, 1066),
(1005, 11, 3, 1090),
(1006, 11, 4, 1067),
(1007, 11, 5, 1233),
(1008, 11, 6, 1179),
(1009, 11, 7, 1128),
(1010, 11, 8, 1050),
(1011, 11, 9, 1092),
(1012, 11, 10, 1064),
(1013, 11, 11, 1188),
(1014, 11, 12, 1103),
(1015, 11, 13, 1175),
(1016, 11, 14, 957),
(1017, 11, 15, 1145),
(1018, 11, 16, 999),
(1019, 11, 17, 1040),
(1020, 11, 18, 848),
(1021, 11, 19, 998),
(1022, 11, 20, 1135),
(1023, 11, 21, 988),
(1024, 11, 22, 1180),
(1025, 11, 23, 1032),
(1026, 11, 24, 872),
(1027, 11, 26, 1076),
(1028, 11, 27, 1032),
(1029, 11, 28, 1144),
(1030, 11, 29, 1118),
(1031, 11, 30, 1152),
(1032, 11, 31, 1028),
(1033, 11, 32, 1044),
(1034, 11, 33, 1180),
(1035, 11, 34, 915),
(1036, 11, 35, 1057),
(1037, 11, 37, 1189),
(1038, 11, 38, 1126),
(1039, 11, 39, 1276),
(1040, 11, 40, 1183),
(1041, 11, 41, 1272),
(1042, 11, 42, 1222),
(1043, 11, 43, 1163),
(1044, 11, 44, 1261),
(1045, 11, 45, 1252),
(1046, 11, 46, 1116),
(1047, 11, 47, 1132),
(1048, 11, 48, 1077),
(1049, 11, 49, 1117),
(1050, 11, 50, 1212),
(1051, 11, 51, 1249),
(1052, 11, 52, 1153),
(1053, 11, 53, 1211),
(1054, 11, 54, 1247),
(1055, 11, 55, 1037),
(1056, 11, 57, 1435),
(1057, 11, 58, 1261),
(1058, 11, 59, 1241),
(1059, 11, 60, 1116),
(1060, 11, 61, 1077),
(1061, 11, 62, 1095),
(1062, 11, 63, 1099),
(1063, 11, 65, 1149),
(1064, 11, 66, 1065),
(1065, 11, 67, 1340),
(1066, 11, 68, 1106),
(1067, 11, 72, 1155),
(1068, 11, 73, 1149),
(1069, 11, 75, 1165),
(1070, 11, 77, 1022),
(1071, 11, 78, 1141),
(1072, 11, 80, 1170),
(1073, 11, 81, 1066),
(1074, 11, 83, 1233),
(1075, 11, 84, 1089),
(1076, 11, 85, 1062),
(1077, 11, 86, 1124),
(1078, 11, 87, 1195),
(1079, 11, 88, 1304),
(1080, 11, 89, 1116),
(1081, 11, 90, 1071),
(1082, 11, 93, 1272),
(1083, 11, 95, 972),
(1084, 11, 96, 1145),
(1085, 11, 97, 1133),
(1086, 11, 98, 1044),
(1087, 11, 99, 1303),
(1088, 11, 100, 1014),
(1089, 11, 101, 1187),
(1090, 11, 102, 903),
(1091, 11, 103, 884),
(1092, 11, 104, 950),
(1093, 11, 105, 1143),
(1094, 11, 106, 938),
(1095, 11, 107, 908),
(1096, 11, 108, 1016),
(1097, 11, 109, 929),
(1098, 11, 110, 976),
(1099, 11, 111, 866),
(1100, 11, 112, 824),
(1101, 11, 113, 894),
(1102, 11, 114, 841),
(1103, 11, 115, 871),
(1104, 11, 116, 1213),
(1105, 11, 117, 1284),
(1106, 11, 118, 1312),
(1107, 11, 119, 787),
(1108, 11, 120, 1033),
(1109, 11, 121, 1282),
(1110, 11, 122, 817),
(1111, 11, 123, 1233),
(1112, 11, 124, 1280),
(1113, 11, 125, 921),
(1114, 11, 126, 846),
(1115, 12, 0, 1247),
(1116, 12, 1, 1096),
(1117, 12, 2, 1071),
(1118, 12, 3, 1090),
(1119, 12, 4, 1051),
(1120, 12, 5, 1250),
(1121, 12, 6, 1190),
(1122, 12, 7, 1150),
(1123, 12, 8, 1056),
(1124, 12, 9, 1140),
(1125, 12, 10, 1061),
(1126, 12, 11, 1203),
(1127, 12, 12, 1107),
(1128, 12, 13, 1191),
(1129, 12, 14, 975),
(1130, 12, 15, 1184),
(1131, 12, 16, 991),
(1132, 12, 17, 1052),
(1133, 12, 18, 858),
(1134, 12, 19, 1004),
(1135, 12, 20, 1191),
(1136, 12, 21, 1004),
(1137, 12, 22, 1200),
(1138, 12, 23, 1039),
(1139, 12, 24, 871),
(1140, 12, 26, 1117),
(1141, 12, 27, 1049),
(1142, 12, 28, 1157),
(1143, 12, 29, 1135),
(1144, 12, 30, 1153),
(1145, 12, 31, 1033),
(1146, 12, 32, 1066),
(1147, 12, 33, 1191),
(1148, 12, 34, 947),
(1149, 12, 35, 1101),
(1150, 12, 36, 1408),
(1151, 12, 37, 1213),
(1152, 12, 38, 1187),
(1153, 12, 39, 1276),
(1154, 12, 40, 1191),
(1155, 12, 41, 1276),
(1156, 12, 42, 1232),
(1157, 12, 43, 1226),
(1158, 12, 44, 1321),
(1159, 12, 45, 1269),
(1160, 12, 46, 1148),
(1161, 12, 47, 1164),
(1162, 12, 48, 1103),
(1163, 12, 49, 1114),
(1164, 12, 50, 1123),
(1165, 12, 51, 1249),
(1166, 12, 52, 1186),
(1167, 12, 53, 1197),
(1168, 12, 54, 1258),
(1169, 12, 55, 1065),
(1170, 12, 57, 1406),
(1171, 12, 58, 1257),
(1172, 12, 59, 1248),
(1173, 12, 60, 1096),
(1174, 12, 61, 1122),
(1175, 12, 62, 1122),
(1176, 12, 63, 1083),
(1177, 12, 65, 1165),
(1178, 12, 66, 1083),
(1179, 12, 67, 1347),
(1180, 12, 68, 1110),
(1181, 12, 72, 1181),
(1182, 12, 73, 1150),
(1183, 12, 75, 1130),
(1184, 12, 77, 1081),
(1185, 12, 78, 1149),
(1186, 12, 80, 1176),
(1187, 12, 81, 1102),
(1188, 12, 82, 1388),
(1189, 12, 83, 1257),
(1190, 12, 84, 1104),
(1191, 12, 85, 1090),
(1192, 12, 86, 1109),
(1193, 12, 87, 1269),
(1194, 12, 88, 1315),
(1195, 12, 89, 1142),
(1196, 12, 90, 1087),
(1197, 12, 93, 1266),
(1198, 12, 95, 993),
(1199, 12, 96, 1138),
(1200, 12, 97, 1101),
(1201, 12, 98, 1063),
(1202, 12, 99, 1284),
(1203, 12, 100, 1022),
(1204, 12, 101, 1206),
(1205, 12, 102, 928),
(1206, 12, 103, 906),
(1207, 12, 104, 938),
(1208, 12, 105, 1158),
(1209, 12, 106, 969),
(1210, 12, 107, 912),
(1211, 12, 108, 1024),
(1212, 12, 109, 948),
(1213, 12, 110, 1002),
(1214, 12, 111, 880),
(1215, 12, 112, 840),
(1216, 12, 113, 906),
(1217, 12, 114, 872),
(1218, 12, 115, 885),
(1219, 12, 116, 1204),
(1220, 12, 117, 1310),
(1221, 12, 118, 1352),
(1222, 12, 119, 811),
(1223, 12, 120, 1056),
(1224, 12, 121, 1260),
(1225, 12, 122, 932),
(1226, 12, 123, 1227),
(1227, 12, 124, 1280),
(1228, 12, 125, 922),
(1229, 12, 126, 971),
(1230, 12, 127, 759),
(1231, 13, 0, 1276),
(1232, 13, 1, 1119),
(1233, 13, 2, 1072),
(1234, 13, 3, 1140),
(1235, 13, 4, 1047),
(1236, 13, 5, 1295),
(1237, 13, 6, 1199),
(1238, 13, 7, 1143),
(1239, 13, 8, 1056),
(1240, 13, 9, 1168),
(1241, 13, 10, 1044),
(1242, 13, 11, 1216),
(1243, 13, 12, 1125),
(1244, 13, 13, 1208),
(1245, 13, 14, 971),
(1246, 13, 15, 1174),
(1247, 13, 16, 1012),
(1248, 13, 17, 1050),
(1249, 13, 18, 876),
(1250, 13, 19, 1020),
(1251, 13, 20, 1222),
(1252, 13, 21, 1013),
(1253, 13, 22, 1243),
(1254, 13, 23, 1058),
(1255, 13, 24, 879),
(1256, 13, 26, 1122),
(1257, 13, 27, 1058),
(1258, 13, 28, 1135),
(1259, 13, 29, 1198),
(1260, 13, 30, 1191),
(1261, 13, 31, 1100),
(1262, 13, 32, 1072),
(1263, 13, 33, 1207),
(1264, 13, 34, 954),
(1265, 13, 35, 1094),
(1266, 13, 36, 1397),
(1267, 13, 37, 1174),
(1268, 13, 38, 1182),
(1269, 13, 39, 1253),
(1270, 13, 40, 1223),
(1271, 13, 41, 1290),
(1272, 13, 42, 1244),
(1273, 13, 43, 1251),
(1274, 13, 44, 1286),
(1275, 13, 45, 1319),
(1276, 13, 46, 1187),
(1277, 13, 47, 1223),
(1278, 13, 48, 1114),
(1279, 13, 49, 1164),
(1280, 13, 50, 1185),
(1281, 13, 51, 1237),
(1282, 13, 52, 1211),
(1283, 13, 53, 1233),
(1284, 13, 54, 1207),
(1285, 13, 55, 1083),
(1286, 13, 57, 1128),
(1287, 13, 58, 1279),
(1288, 13, 59, 1269),
(1289, 13, 60, 1149),
(1290, 13, 61, 1182),
(1291, 13, 62, 1122),
(1292, 13, 63, 1076),
(1293, 13, 65, 1188),
(1294, 13, 66, 1100),
(1295, 13, 67, 1373),
(1296, 13, 68, 1077),
(1297, 13, 72, 1190),
(1298, 13, 73, 1161),
(1299, 13, 75, 1165),
(1300, 13, 77, 1136),
(1301, 13, 78, 1180),
(1302, 13, 80, 1258),
(1303, 13, 81, 1137),
(1304, 13, 82, 1368),
(1305, 13, 83, 1281),
(1306, 13, 84, 1144),
(1307, 13, 85, 1104),
(1308, 13, 86, 1118),
(1309, 13, 87, 1294),
(1310, 13, 88, 1324),
(1311, 13, 89, 1139),
(1312, 13, 90, 1095),
(1313, 13, 93, 1286),
(1314, 13, 95, 1036),
(1315, 13, 96, 1165),
(1316, 13, 97, 1148),
(1317, 13, 98, 1087),
(1318, 13, 99, 1307),
(1319, 13, 100, 1043),
(1320, 13, 101, 1219),
(1321, 13, 102, 989),
(1322, 13, 103, 955),
(1323, 13, 104, 967),
(1324, 13, 105, 1180),
(1325, 13, 106, 950),
(1326, 13, 107, 925),
(1327, 13, 108, 1023),
(1328, 13, 109, 955),
(1329, 13, 110, 1002),
(1330, 13, 111, 1007),
(1331, 13, 112, 869),
(1332, 13, 113, 924),
(1333, 13, 114, 1024),
(1334, 13, 115, 887),
(1335, 13, 116, 1205),
(1336, 13, 117, 1314),
(1337, 13, 118, 1387),
(1338, 13, 119, 833),
(1339, 13, 120, 1053),
(1340, 13, 121, 1262),
(1341, 13, 122, 932),
(1342, 13, 123, 1140),
(1343, 13, 124, 1223),
(1344, 13, 125, 944),
(1345, 13, 126, 940),
(1346, 13, 127, 773),
(1347, 13, 128, 1395),
(1348, 14, 0, 1306),
(1349, 14, 1, 1130),
(1350, 14, 2, 1089),
(1351, 14, 3, 1156),
(1352, 14, 4, 1067),
(1353, 14, 5, 1320),
(1354, 14, 6, 1218),
(1355, 14, 7, 1165),
(1356, 14, 8, 1072),
(1357, 14, 9, 1176),
(1358, 14, 10, 1061),
(1359, 14, 11, 1240),
(1360, 14, 12, 1145),
(1361, 14, 13, 1231),
(1362, 14, 14, 987),
(1363, 14, 15, 1217),
(1364, 14, 16, 1025),
(1365, 14, 17, 1085),
(1366, 14, 18, 884),
(1367, 14, 19, 1027),
(1368, 14, 20, 1234),
(1369, 14, 21, 1033),
(1370, 14, 22, 1253),
(1371, 14, 23, 1073),
(1372, 14, 24, 885),
(1373, 14, 26, 1151),
(1374, 14, 27, 1086),
(1375, 14, 28, 1158),
(1376, 14, 29, 1208),
(1377, 14, 30, 1198),
(1378, 14, 31, 1113),
(1379, 14, 32, 1096),
(1380, 14, 33, 1225),
(1381, 14, 34, 954),
(1382, 14, 35, 1115),
(1383, 14, 36, 1451),
(1384, 14, 37, 1199),
(1385, 14, 38, 1212),
(1386, 14, 39, 1273),
(1387, 14, 40, 1237),
(1388, 14, 41, 1296),
(1389, 14, 42, 1269),
(1390, 14, 43, 1272),
(1391, 14, 44, 1306),
(1392, 14, 45, 1335),
(1393, 14, 46, 1207),
(1394, 14, 47, 1234),
(1395, 14, 48, 1137),
(1396, 14, 49, 1182),
(1397, 14, 50, 1155),
(1398, 14, 51, 1256),
(1399, 14, 52, 1237),
(1400, 14, 53, 1250),
(1401, 14, 54, 1232),
(1402, 14, 55, 1104),
(1403, 14, 57, 1182),
(1404, 14, 58, 1305),
(1405, 14, 59, 1287),
(1406, 14, 60, 1166),
(1407, 14, 61, 1199),
(1408, 14, 62, 1149),
(1409, 14, 63, 1094),
(1410, 14, 65, 1202),
(1411, 14, 66, 1117),
(1412, 14, 67, 1392),
(1413, 14, 68, 1092),
(1414, 14, 72, 1206),
(1415, 14, 73, 1172),
(1416, 14, 75, 1183),
(1417, 14, 77, 1153),
(1418, 14, 78, 1195),
(1419, 14, 80, 1261),
(1420, 14, 81, 1142),
(1421, 14, 82, 1421),
(1422, 14, 83, 1310),
(1423, 14, 84, 1182),
(1424, 14, 85, 1122),
(1425, 14, 86, 1142),
(1426, 14, 87, 1314),
(1427, 14, 88, 1345),
(1428, 14, 89, 1151),
(1429, 14, 90, 1109),
(1430, 14, 93, 1309),
(1431, 14, 95, 1052),
(1432, 14, 96, 1185),
(1433, 14, 97, 1170),
(1434, 14, 98, 1112),
(1435, 14, 99, 1338),
(1436, 14, 100, 1060),
(1437, 14, 101, 1234),
(1438, 14, 102, 998),
(1439, 14, 103, 950),
(1440, 14, 104, 971),
(1441, 14, 105, 1182),
(1442, 14, 106, 976),
(1443, 14, 107, 935),
(1444, 14, 108, 1031),
(1445, 14, 109, 963),
(1446, 14, 110, 1027),
(1447, 14, 111, 1023),
(1448, 14, 112, 889),
(1449, 14, 113, 937),
(1450, 14, 114, 983),
(1451, 14, 115, 882),
(1452, 14, 116, 1234),
(1453, 14, 117, 1326),
(1454, 14, 118, 1405),
(1455, 14, 119, 843),
(1456, 14, 120, 1061),
(1457, 14, 121, 1292),
(1458, 14, 122, 952),
(1459, 14, 123, 1163),
(1460, 14, 124, 1243),
(1461, 14, 125, 969),
(1462, 14, 126, 958),
(1463, 14, 127, 775),
(1464, 14, 128, 1394);

-- --------------------------------------------------------

--
-- Table structure for table `tblteamresult`
--

DROP TABLE IF EXISTS `tblteamresult`;
CREATE TABLE IF NOT EXISTS `tblteamresult` (
  `TeamResultsID` int DEFAULT NULL,
  `MatchNo` int DEFAULT NULL,
  `WeekNo` int DEFAULT NULL,
  `TeamID` int DEFAULT NULL,
  `OppID` int DEFAULT NULL,
  `FramesWon` int DEFAULT NULL,
  `FramesLost` int DEFAULT NULL,
  `BonusPoints` int DEFAULT NULL,
  `PenaltyPoint` int DEFAULT NULL
) ENGINE=MyISAM DEFAULT CHARSET=utf8mb4 COLLATE=utf8mb4_unicode_ci;

--
-- Dumping data for table `tblteamresult`
--

INSERT INTO `tblteamresult` (`TeamResultsID`, `MatchNo`, `WeekNo`, `TeamID`, `OppID`, `FramesWon`, `FramesLost`, `BonusPoints`, `PenaltyPoint`) VALUES
(1, 1, 1, 7, 10, 7, 8, 0, 0),
(2, 1, 1, 10, 7, 8, 7, 2, 0),
(3, 2, 1, 9, 8, 6, 9, 0, 0),
(4, 2, 1, 8, 9, 9, 6, 2, 0),
(5, 3, 1, 5, 12, 8, 7, 2, 0),
(6, 3, 1, 12, 5, 7, 8, 0, 0),
(7, 4, 1, 13, 4, 9, 6, 2, 0),
(8, 4, 1, 4, 13, 6, 9, 0, 0),
(9, 5, 1, 1, 2, 10, 5, 2, 0),
(10, 5, 1, 2, 1, 5, 10, 0, 0),
(11, 6, 1, 11, 6, 7, 8, 0, 0),
(12, 6, 1, 6, 11, 8, 7, 2, 0),
(13, 7, 2, 10, 5, 11, 4, 2, 0),
(14, 7, 2, 5, 10, 4, 11, 0, 0),
(15, 8, 2, 2, 13, 0, 15, 0, 0),
(16, 8, 2, 13, 2, 15, 0, 2, 0),
(17, 9, 2, 4, 11, 4, 11, 0, 0),
(18, 9, 2, 11, 4, 11, 4, 2, 0),
(19, 10, 2, 8, 7, 8, 7, 2, 0),
(20, 10, 2, 7, 8, 7, 8, 0, 0),
(21, 11, 2, 6, 9, 2, 13, 0, 0),
(22, 11, 2, 9, 6, 13, 2, 2, 0),
(23, 12, 2, 12, 3, 4, 11, 0, 0),
(24, 12, 2, 3, 12, 11, 4, 2, 0),
(25, 13, 3, 3, 10, 6, 9, 0, 0),
(26, 13, 3, 10, 3, 9, 6, 2, 0),
(27, 14, 3, 7, 6, 10, 5, 2, 0),
(28, 14, 3, 6, 7, 5, 10, 0, 0),
(29, 15, 3, 9, 4, 8, 7, 2, 0),
(30, 15, 3, 4, 9, 7, 8, 0, 0),
(31, 16, 3, 1, 13, 7, 8, 0, 0),
(32, 16, 3, 13, 1, 8, 7, 2, 0),
(33, 17, 3, 5, 8, 7, 8, 0, 0),
(34, 17, 3, 8, 5, 8, 7, 2, 0),
(35, 18, 3, 11, 2, 14, 1, 2, 0),
(36, 18, 3, 2, 11, 1, 14, 0, 0),
(37, 19, 4, 8, 3, 9, 6, 2, 0),
(38, 19, 4, 3, 8, 6, 9, 0, 0),
(39, 20, 4, 4, 7, 7, 8, 0, 0),
(40, 20, 4, 7, 4, 8, 7, 2, 0),
(41, 21, 4, 2, 9, 2, 13, 0, 0),
(42, 21, 4, 9, 2, 13, 2, 2, 0),
(43, 22, 4, 13, 11, 9, 6, 2, 0),
(44, 22, 4, 11, 13, 6, 9, 0, 0),
(45, 23, 4, 12, 1, 7, 8, 0, 0),
(46, 23, 4, 1, 12, 8, 7, 2, 0),
(47, 24, 4, 6, 5, 5, 10, 0, 0),
(48, 24, 4, 5, 6, 10, 5, 2, 0),
(49, 25, 5, 5, 4, 13, 2, 2, 0),
(50, 25, 5, 4, 5, 2, 13, 0, 0),
(51, 26, 5, 7, 2, 14, 1, 2, 0),
(52, 26, 5, 2, 7, 1, 14, 0, 0),
(53, 27, 5, 3, 6, 9, 6, 2, 0),
(54, 27, 5, 6, 3, 6, 9, 0, 0),
(55, 28, 5, 1, 11, 9, 6, 2, 0),
(56, 28, 5, 11, 1, 6, 9, 0, 0),
(57, 29, 5, 9, 13, 5, 10, 0, 0),
(58, 29, 5, 13, 9, 10, 5, 2, 0),
(59, 30, 5, 12, 10, 2, 13, 0, 0),
(60, 30, 5, 10, 12, 13, 2, 2, 0),
(61, 31, 6, 2, 5, 5, 10, 0, 0),
(62, 31, 6, 5, 2, 10, 5, 2, 0),
(63, 32, 6, 4, 3, 4, 11, 0, 0),
(64, 32, 6, 3, 4, 11, 4, 2, 0),
(65, 33, 6, 11, 9, 7, 8, 0, 0),
(66, 33, 6, 9, 11, 8, 7, 2, 0),
(67, 34, 6, 8, 12, 12, 3, 2, 0),
(68, 34, 6, 12, 8, 3, 12, 0, 0),
(69, 35, 6, 13, 7, 10, 5, 2, 0),
(70, 35, 6, 7, 13, 5, 10, 0, 0),
(71, 36, 6, 10, 1, 9, 6, 2, 0),
(72, 36, 6, 1, 10, 6, 9, 0, 0),
(73, 37, 7, 3, 2, 15, 0, 2, 0),
(74, 37, 7, 2, 3, 0, 15, 0, 0),
(75, 38, 7, 7, 11, 9, 6, 2, 0),
(76, 38, 7, 11, 7, 6, 9, 0, 0),
(77, 39, 7, 12, 6, 11, 4, 2, 0),
(78, 39, 7, 6, 12, 4, 11, 0, 0),
(79, 40, 7, 5, 13, 5, 10, 0, 0),
(80, 40, 7, 13, 5, 10, 5, 2, 0),
(81, 41, 7, 1, 9, 6, 9, 0, 0),
(82, 41, 7, 9, 1, 9, 6, 2, 0),
(83, 42, 7, 10, 8, 11, 4, 2, 0),
(84, 42, 7, 8, 10, 4, 11, 0, 0),
(85, 43, 8, 13, 3, 6, 9, 0, 0),
(86, 43, 8, 3, 13, 9, 6, 2, 0),
(87, 44, 8, 11, 5, 9, 6, 2, 0),
(88, 44, 8, 5, 11, 6, 9, 0, 0),
(89, 45, 8, 8, 1, 11, 4, 2, 0),
(90, 45, 8, 1, 8, 4, 11, 0, 0),
(91, 46, 8, 9, 7, 6, 9, 0, 0),
(92, 46, 8, 7, 9, 9, 6, 2, 0),
(93, 47, 8, 6, 10, 2, 13, 0, 0),
(94, 47, 8, 10, 6, 13, 2, 2, 0),
(95, 48, 8, 4, 12, 8, 7, 2, 0),
(96, 48, 8, 12, 4, 7, 8, 0, 0),
(97, 49, 9, 10, 4, 12, 3, 2, 0),
(98, 49, 9, 4, 10, 3, 12, 0, 0),
(99, 50, 9, 3, 11, 12, 3, 2, 0),
(100, 50, 9, 11, 3, 3, 12, 0, 0),
(101, 51, 9, 8, 6, 10, 5, 2, 0),
(102, 51, 9, 6, 8, 5, 10, 0, 0),
(103, 52, 9, 1, 7, 10, 5, 2, 0),
(104, 52, 9, 7, 1, 5, 10, 0, 0),
(105, 53, 9, 12, 2, 12, 3, 2, 0),
(106, 53, 9, 2, 12, 3, 12, 0, 0),
(107, 54, 9, 5, 9, 8, 7, 2, 0),
(108, 54, 9, 9, 5, 7, 8, 0, 0),
(109, 55, 10, 7, 5, 9, 6, 2, 0),
(110, 55, 10, 5, 7, 6, 9, 0, 0),
(111, 56, 10, 2, 10, 1, 14, 0, 0),
(112, 56, 10, 10, 2, 14, 1, 2, 0),
(113, 57, 10, 9, 3, 8, 7, 2, 0),
(114, 57, 10, 3, 9, 7, 8, 0, 0),
(115, 58, 10, 6, 1, 8, 7, 2, 0),
(116, 58, 10, 1, 6, 7, 8, 0, 0),
(117, 59, 10, 13, 12, 6, 9, 0, 0),
(118, 59, 10, 12, 13, 9, 6, 2, 0),
(119, 60, 10, 4, 8, 5, 10, 0, 0),
(120, 60, 10, 8, 4, 10, 5, 2, 0),
(121, 61, 11, 8, 2, 15, 0, 2, 0),
(122, 61, 11, 2, 8, 0, 15, 0, 0),
(123, 62, 11, 3, 7, 12, 3, 2, 0),
(124, 62, 11, 7, 3, 3, 12, 0, 0),
(125, 63, 11, 12, 11, 4, 11, 0, 0),
(126, 63, 11, 11, 12, 11, 4, 2, 0),
(127, 64, 11, 10, 13, 12, 3, 2, 0),
(128, 64, 11, 13, 10, 3, 12, 0, 0),
(129, 65, 11, 1, 5, 6, 9, 0, 0),
(130, 65, 11, 5, 1, 9, 6, 2, 0),
(131, 66, 11, 6, 4, 8, 7, 2, 0),
(132, 66, 11, 4, 6, 7, 8, 0, 0),
(133, 67, 12, 9, 12, 12, 3, 2, 0),
(134, 67, 12, 12, 9, 3, 12, 0, 0),
(135, 68, 12, 11, 10, 4, 11, 0, 0),
(136, 68, 12, 10, 11, 11, 4, 2, 0),
(137, 69, 12, 13, 8, 5, 10, 0, 0),
(138, 69, 12, 8, 13, 10, 5, 2, 0),
(139, 70, 12, 4, 1, 5, 10, 0, 0),
(140, 70, 12, 1, 4, 10, 5, 2, 0),
(141, 71, 12, 5, 3, 11, 4, 2, 0),
(142, 71, 12, 3, 5, 4, 11, 0, 0),
(143, 72, 12, 2, 6, 8, 7, 2, 0),
(144, 72, 12, 6, 2, 7, 8, 0, 0);

-- --------------------------------------------------------

--
-- Table structure for table `tblteams`
--

DROP TABLE IF EXISTS `tblteams`;
CREATE TABLE IF NOT EXISTS `tblteams` (
  `TeamID` int DEFAULT NULL,
  `TeamName` varchar(40) CHARACTER SET utf8mb4 COLLATE utf8mb4_unicode_ci DEFAULT NULL,
  `VenueName` varchar(40) CHARACTER SET utf8mb4 COLLATE utf8mb4_unicode_ci DEFAULT NULL,
  `ContactNo` varchar(20) CHARACTER SET utf8mb4 COLLATE utf8mb4_unicode_ci DEFAULT NULL,
  `CaptainName` varchar(40) CHARACTER SET utf8mb4 COLLATE utf8mb4_unicode_ci DEFAULT NULL,
  `VenueNo` varchar(20) CHARACTER SET utf8mb4 COLLATE utf8mb4_unicode_ci DEFAULT NULL,
  `Division` int DEFAULT NULL,
  `League` int DEFAULT NULL,
  `Withdrawn` bit(1) DEFAULT NULL,
  `RemoveResults` bit(1) DEFAULT NULL,
  `VenueID` int DEFAULT NULL,
  `Total` int DEFAULT NULL,
  `CaptainHomeNume` varchar(20) CHARACTER SET utf8mb4 COLLATE utf8mb4_unicode_ci DEFAULT NULL,
  `CaptainEmail` varchar(40) CHARACTER SET utf8mb4 COLLATE utf8mb4_unicode_ci DEFAULT NULL
) ENGINE=MyISAM DEFAULT CHARSET=utf8mb4 COLLATE=utf8mb4_unicode_ci;

--
-- Dumping data for table `tblteams`
--

INSERT INTO `tblteams` (`TeamID`, `TeamName`, `VenueName`, `ContactNo`, `CaptainName`, `VenueNo`, `Division`, `League`, `Withdrawn`, `RemoveResults`, `VenueID`, `Total`, `CaptainHomeNume`, `CaptainEmail`) VALUES
(1, 'HERE 4 THE BEER', 'R.G.W.M.C BAR', NULL, NULL, NULL, 1, 1, b'0', b'0', NULL, NULL, NULL, NULL),
(2, 'TWO TEES', 'R.G.W.M.C BAR', NULL, NULL, NULL, 1, 1, b'0', b'0', NULL, NULL, NULL, NULL),
(3, 'RATTLED BLACKS', 'VIC TB2', NULL, NULL, NULL, 1, 1, b'0', b'0', NULL, NULL, NULL, NULL),
(4, 'THE JETS', 'VIC TB2', NULL, NULL, NULL, 1, 1, b'0', b'0', NULL, NULL, NULL, NULL),
(5, 'MILO\'S MINIONS', 'R.G.W.M.C T2', NULL, NULL, NULL, 1, 1, b'0', b'0', NULL, NULL, NULL, NULL),
(6, 'POCKET ROCKETS', 'R.G.W.M.C T2', NULL, NULL, NULL, 1, 1, b'0', b'0', NULL, NULL, NULL, NULL),
(7, 'LEGENDS', 'VIC BAR', NULL, NULL, NULL, 1, 1, b'0', b'0', NULL, NULL, NULL, NULL),
(8, 'S.S.SQUAD', 'VIC BAR', NULL, NULL, NULL, 1, 1, b'0', b'0', NULL, NULL, NULL, NULL),
(9, 'SNIPERS', 'VIC TB1', NULL, NULL, NULL, 1, 1, b'0', b'0', NULL, NULL, NULL, NULL),
(10, 'MUTTS NUTTS', 'VIC TB1', NULL, NULL, NULL, 1, 1, b'0', b'0', NULL, NULL, NULL, NULL),
(11, 'ROW REBELS', 'R.G.W.M.C T1', NULL, NULL, NULL, 1, 1, b'0', b'0', NULL, NULL, NULL, NULL),
(12, 'OLD BLUES', 'BLUE BALL', NULL, NULL, NULL, 1, 1, b'0', b'0', NULL, NULL, NULL, NULL),
(13, 'CHANGING LANES', 'CON CLUB', NULL, NULL, NULL, 1, 1, b'0', b'0', NULL, NULL, NULL, NULL),
(14, 'BYE', 'R.G.W.M.C T1', NULL, NULL, NULL, 1, 1, b'0', b'0', NULL, NULL, NULL, NULL);
COMMIT;

/*!40101 SET CHARACTER_SET_CLIENT=@OLD_CHARACTER_SET_CLIENT */;
/*!40101 SET CHARACTER_SET_RESULTS=@OLD_CHARACTER_SET_RESULTS */;
/*!40101 SET COLLATION_CONNECTION=@OLD_COLLATION_CONNECTION */;
