-- phpMyAdmin SQL Dump
-- version 5.1.1
-- https://www.phpmyadmin.net/
--
-- Host: 127.0.0.1:3306
-- Generation Time: Sep 14, 2025 at 09:51 AM
-- Server version: 5.7.36
-- PHP Version: 7.4.26

SET SQL_MODE = "NO_AUTO_VALUE_ON_ZERO";
START TRANSACTION;
SET time_zone = "+00:00";


/*!40101 SET @OLD_CHARACTER_SET_CLIENT=@@CHARACTER_SET_CLIENT */;
/*!40101 SET @OLD_CHARACTER_SET_RESULTS=@@CHARACTER_SET_RESULTS */;
/*!40101 SET @OLD_COLLATION_CONNECTION=@@COLLATION_CONNECTION */;
/*!40101 SET NAMES utf8mb4 */;

--
-- Database: `pool2022`
--

-- --------------------------------------------------------

--
-- Table structure for table `paste errors`
--

DROP TABLE IF EXISTS `paste errors`;
CREATE TABLE IF NOT EXISTS `paste errors` (
  `PlayerName` varchar(255) DEFAULT NULL
) ENGINE=MyISAM DEFAULT CHARSET=utf8;

-- --------------------------------------------------------

--
-- Table structure for table `tblcompdates`
--

DROP TABLE IF EXISTS `tblcompdates`;
CREATE TABLE IF NOT EXISTS `tblcompdates` (
  `CompDatesID` int(11) NOT NULL AUTO_INCREMENT,
  `CompDate` datetime DEFAULT NULL,
  `CompDesc` varchar(255) DEFAULT NULL,
  PRIMARY KEY (`CompDatesID`),
  KEY `CompDatesID` (`CompDatesID`)
) ENGINE=MyISAM AUTO_INCREMENT=37 DEFAULT CHARSET=utf8;

--
-- Dumping data for table `tblcompdates`
--

INSERT INTO `tblcompdates` (`CompDatesID`, `CompDate`, `CompDesc`) VALUES
(28, '2025-05-22 00:00:00', 'TEAM K.O 1st RD'),
(29, '2025-06-12 00:00:00', 'SINGLES K.O. First Round\r\n K.O 2nd ROUND'),
(30, '2025-07-03 00:00:00', 'TEAM K.O. 1nd RND'),
(31, '2025-07-17 00:00:00', 'SINGLES RND 2 & MicroCheck Shield'),
(32, '2025-07-31 00:00:00', 'DOUBLES K.O 1st RND'),
(33, '2025-08-07 00:00:00', 'TEAM SEMI FINALS'),
(34, '2025-08-28 00:00:00', 'SINGLES SEMI & MicroCheck SEMI'),
(36, '2025-09-04 00:00:00', 'PRESENTATIONS & FINALS NIGHT');

-- --------------------------------------------------------

--
-- Table structure for table `tbldivisions`
--

DROP TABLE IF EXISTS `tbldivisions`;
CREATE TABLE IF NOT EXISTS `tbldivisions` (
  `ID` int(11) NOT NULL,
  `DivisionName` varchar(30) DEFAULT NULL,
  `League` int(11) DEFAULT NULL,
  `BandColour` varchar(7) DEFAULT '#EEEEEE',
  PRIMARY KEY (`ID`)
) ENGINE=MyISAM DEFAULT CHARSET=utf8;

--
-- Dumping data for table `tbldivisions`
--

INSERT INTO `tbldivisions` (`ID`, `DivisionName`, `League`, `BandColour`) VALUES
(1, '1ST', 1, '#e23519'),
(2, '2ND', 1, '#EEEEEE');

-- --------------------------------------------------------

--
-- Table structure for table `tblfixtures`
--

DROP TABLE IF EXISTS `tblfixtures`;
CREATE TABLE IF NOT EXISTS `tblfixtures` (
  `FixtureID` int(11) NOT NULL AUTO_INCREMENT,
  `WeekNo` int(11) DEFAULT NULL,
  `MatchNo` int(11) DEFAULT NULL,
  `HomeTeam` int(11) DEFAULT NULL,
  `AwayTeam` int(11) DEFAULT NULL,
  `MatchDate` datetime DEFAULT NULL,
  PRIMARY KEY (`FixtureID`),
  KEY `FixtureID` (`FixtureID`)
) ENGINE=MyISAM AUTO_INCREMENT=31 DEFAULT CHARSET=utf8;

--
-- Dumping data for table `tblfixtures`
--

INSERT INTO `tblfixtures` (`FixtureID`, `WeekNo`, `MatchNo`, `HomeTeam`, `AwayTeam`, `MatchDate`) VALUES
(1, 1, 1, 1, 2, '2025-05-08 00:00:00'),
(2, 1, 2, 3, 6, '2025-05-08 00:00:00'),
(3, 1, 3, 5, 4, '2025-05-08 00:00:00'),
(4, 2, 1, 6, 1, '2025-05-15 00:00:00'),
(5, 2, 2, 2, 5, '2025-05-15 00:00:00'),
(6, 2, 3, 4, 3, '2025-05-15 00:00:00'),
(7, 3, 1, 1, 5, '2025-05-29 00:00:00'),
(8, 3, 2, 6, 4, '2025-05-29 00:00:00'),
(9, 3, 3, 3, 2, '2025-05-29 00:00:00'),
(10, 4, 1, 4, 1, '2025-06-05 00:00:00'),
(11, 4, 2, 5, 3, '2025-06-05 00:00:00'),
(12, 4, 3, 2, 6, '2025-06-05 00:00:00'),
(13, 5, 1, 1, 3, '2025-06-19 00:00:00'),
(14, 5, 2, 4, 2, '2025-06-19 00:00:00'),
(15, 5, 3, 6, 5, '2025-06-19 00:00:00'),
(16, 6, 1, 2, 1, '2025-06-26 00:00:00'),
(17, 6, 2, 6, 3, '2025-06-29 00:00:00'),
(18, 6, 3, 4, 5, '2025-06-29 00:00:00'),
(19, 7, 1, 1, 6, '2025-07-10 00:00:00'),
(20, 7, 2, 5, 2, '2025-07-10 00:00:00'),
(21, 7, 3, 3, 4, '2025-07-10 00:00:00'),
(22, 8, 1, 5, 1, '2025-07-24 00:00:00'),
(23, 8, 2, 4, 6, '2025-07-24 00:00:00'),
(24, 8, 3, 2, 3, '2025-07-24 00:00:00'),
(25, 9, 1, 1, 4, '2025-08-14 00:00:00'),
(26, 9, 2, 3, 5, '2025-08-14 00:00:00'),
(27, 9, 3, 6, 2, '2025-08-17 00:00:00'),
(28, 10, 1, 3, 1, '2025-08-21 00:00:00'),
(29, 10, 2, 2, 4, '2025-08-21 00:00:00'),
(30, 10, 3, 5, 6, '2025-08-21 00:00:00');

-- --------------------------------------------------------

--
-- Table structure for table `tblleague`
--

DROP TABLE IF EXISTS `tblleague`;
CREATE TABLE IF NOT EXISTS `tblleague` (
  `ID` int(11) NOT NULL DEFAULT '1',
  `LeagueName` varchar(50) DEFAULT NULL,
  `SeasonName` varchar(50) DEFAULT NULL,
  `NoOfWeeks` int(11) DEFAULT NULL,
  `SeasonYear` int(11) DEFAULT NULL,
  `Frames` int(11) DEFAULT NULL,
  `PointsPerFrame` int(11) DEFAULT NULL,
  `WinBonus` int(11) DEFAULT NULL,
  `MaxFramesPerPlayer` int(11) DEFAULT NULL,
  `RatingWeighting` int(11) DEFAULT NULL,
  `LateCard` int(11) DEFAULT NULL,
  `CancelledMatch` float DEFAULT NULL,
  `MinFrameRating` float DEFAULT NULL,
  `RatingsBias` int(11) DEFAULT NULL,
  `RatingStartValue` int(11) DEFAULT NULL,
  `NoOfFrame` int(11) DEFAULT NULL,
  `SingleWinBonus` int(11) DEFAULT NULL,
  `TeamWinBonus` int(11) DEFAULT NULL,
  `WinFactor` float DEFAULT NULL,
  `LoseFactor` float DEFAULT NULL,
  `EightBallFactor` float DEFAULT NULL,
  `MaxSingles` int(11) DEFAULT NULL,
  `MinFrame` float DEFAULT NULL,
  `WebLocalDir` varchar(255) DEFAULT NULL,
  `FirstMatchDate` datetime DEFAULT NULL,
  `RatingsRefreshDate` datetime DEFAULT NULL,
  `LeagueRefreshDate` datetime DEFAULT NULL,
  PRIMARY KEY (`ID`),
  UNIQUE KEY `ID` (`ID`)
) ENGINE=MyISAM DEFAULT CHARSET=utf8;

--
-- Dumping data for table `tblleague`
--

INSERT INTO `tblleague` (`ID`, `LeagueName`, `SeasonName`, `NoOfWeeks`, `SeasonYear`, `Frames`, `PointsPerFrame`, `WinBonus`, `MaxFramesPerPlayer`, `RatingWeighting`, `LateCard`, `CancelledMatch`, `MinFrameRating`, `RatingsBias`, `RatingStartValue`, `NoOfFrame`, `SingleWinBonus`, `TeamWinBonus`, `WinFactor`, `LoseFactor`, `EightBallFactor`, `MaxSingles`, `MinFrame`, `WebLocalDir`, `FirstMatchDate`, `RatingsRefreshDate`, `LeagueRefreshDate`) VALUES
(1, 'Wellington & District Pool League', 'Summer', 6, 2025, 15, 1, 2, 3, 220, 3, 3, 0.6, 4, 1000, NULL, NULL, NULL, 1.25, 0.75, 1.35, NULL, NULL, NULL, '2025-05-08 00:00:00', '2025-09-14 00:00:00', '2025-09-14 00:00:00');

-- --------------------------------------------------------

--
-- Table structure for table `tblmatchdates`
--

DROP TABLE IF EXISTS `tblmatchdates`;
CREATE TABLE IF NOT EXISTS `tblmatchdates` (
  `MatchDatesID` int(11) NOT NULL AUTO_INCREMENT,
  `League` int(11) DEFAULT NULL,
  `week` int(11) NOT NULL,
  `MatchDate` datetime DEFAULT NULL,
  `Complete` tinyint(1) DEFAULT '0',
  PRIMARY KEY (`week`),
  KEY `MatchDatesID` (`MatchDatesID`)
) ENGINE=MyISAM AUTO_INCREMENT=11 DEFAULT CHARSET=utf8;

--
-- Dumping data for table `tblmatchdates`
--

INSERT INTO `tblmatchdates` (`MatchDatesID`, `League`, `week`, `MatchDate`, `Complete`) VALUES
(1, NULL, 1, '2025-05-08 00:00:00', 0),
(2, NULL, 2, '2025-05-15 00:00:00', 0),
(3, NULL, 3, '2025-05-29 00:00:00', 0),
(4, NULL, 4, '2025-06-05 00:00:00', 0),
(5, NULL, 5, '2025-06-19 00:00:00', 0),
(6, NULL, 6, '2025-06-26 00:00:00', 0),
(7, NULL, 7, '2025-07-10 00:00:00', 0),
(8, NULL, 8, '2025-07-24 00:00:00', 0),
(9, NULL, 9, '2025-08-14 00:00:00', 0),
(10, NULL, 10, '2025-08-21 00:00:00', 0);

-- --------------------------------------------------------

--
-- Table structure for table `tblmatchdetail`
--

DROP TABLE IF EXISTS `tblmatchdetail`;
CREATE TABLE IF NOT EXISTS `tblmatchdetail` (
  `MatchDetailID` int(11) NOT NULL AUTO_INCREMENT,
  `MatchNo` int(11) DEFAULT NULL,
  `Player1` int(11) DEFAULT '0',
  `Player2` int(11) DEFAULT '0',
  `HomeScore` int(11) DEFAULT NULL,
  `AwayScore` int(11) DEFAULT NULL,
  `HomeVoid` tinyint(1) DEFAULT '0',
  `AwayVoid` tinyint(1) DEFAULT '0',
  `FrameNo` int(11) DEFAULT NULL,
  `Achived8Ball` tinyint(1) DEFAULT '0',
  PRIMARY KEY (`MatchDetailID`),
  KEY `MatchNo` (`MatchNo`)
) ENGINE=MyISAM AUTO_INCREMENT=736 DEFAULT CHARSET=utf8;

--
-- Dumping data for table `tblmatchdetail`
--

INSERT INTO `tblmatchdetail` (`MatchDetailID`, `MatchNo`, `Player1`, `Player2`, `HomeScore`, `AwayScore`, `HomeVoid`, `AwayVoid`, `FrameNo`, `Achived8Ball`) VALUES
(1, 1, 38, 67, 0, 1, 0, 0, 1, 0),
(2, 1, 82, 22, 1, 0, 0, 0, 2, 0),
(3, 1, 62, 20, 0, 1, 0, 0, 3, 0),
(4, 1, 37, 19, 1, 0, 0, 0, 4, 0),
(5, 1, 83, 22, 1, 0, 0, 0, 5, 0),
(6, 1, 54, 71, 1, 0, 0, 0, 6, 0),
(7, 1, 82, 67, 1, 0, 0, 0, 7, 0),
(8, 1, 38, 22, 1, 0, 0, 0, 8, 0),
(9, 1, 62, 19, 0, 1, 0, 0, 9, 0),
(10, 1, 83, 20, 0, 1, 0, 0, 10, 0),
(11, 1, 37, 71, 1, 0, 0, 0, 11, 0),
(12, 1, 54, 67, 1, 0, 0, 0, 12, 0),
(13, 1, 82, 20, 1, 0, 0, 0, 13, 0),
(14, 1, 38, 19, 1, 0, 0, 0, 14, 1),
(15, 1, 83, 71, 1, 0, 0, 0, 15, 0),
(16, 2, 85, 42, 1, 0, 0, 0, 1, 0),
(17, 2, 86, 84, 0, 1, 0, 0, 2, 0),
(18, 2, 87, 40, 1, 0, 0, 0, 3, 0),
(19, 2, 78, 49, 1, 0, 0, 0, 4, 0),
(20, 2, 77, 52, 0, 1, 0, 0, 5, 0),
(21, 2, 86, 42, 0, 1, 0, 0, 6, 0),
(22, 2, 86, 40, 0, 1, 0, 0, 7, 0),
(23, 2, 85, 84, 0, 1, 0, 0, 8, 0),
(24, 2, 87, 49, 0, 1, 0, 0, 9, 0),
(25, 2, 78, 52, 0, 1, 0, 0, 10, 0),
(26, 2, 77, 84, 0, 1, 0, 0, 11, 0),
(27, 2, 85, 49, 1, 0, 0, 0, 12, 0),
(28, 2, 78, 42, 0, 1, 0, 0, 13, 0),
(29, 2, 77, 40, 0, 1, 0, 0, 14, 0),
(30, 2, 87, 52, 1, 0, 0, 0, 15, 0),
(31, 3, 43, 39, 0, 1, 0, 0, 1, 0),
(32, 3, 70, 73, 1, 0, 0, 0, 2, 0),
(33, 3, 58, 72, 1, 0, 0, 0, 3, 0),
(34, 3, 47, 69, 1, 0, 0, 0, 4, 0),
(35, 3, 45, 60, 1, 0, 0, 0, 5, 0),
(36, 3, 59, 69, 1, 0, 0, 0, 6, 0),
(37, 3, 43, 72, 0, 1, 0, 0, 7, 0),
(38, 3, 70, 39, 0, 1, 0, 0, 8, 0),
(39, 3, 58, 73, 1, 0, 0, 0, 9, 0),
(40, 3, 47, 60, 1, 0, 0, 0, 10, 0),
(41, 3, 45, 69, 1, 0, 0, 0, 11, 1),
(42, 3, 59, 39, 1, 0, 0, 0, 12, 0),
(43, 3, 44, 72, 0, 1, 0, 0, 13, 0),
(44, 3, 58, 60, 1, 0, 0, 0, 14, 0),
(45, 3, 44, 73, 1, 0, 0, 0, 15, 0),
(46, 4, 2, 6, 1, 0, 0, 0, 1, 0),
(47, 4, 55, 28, 1, 0, 0, 0, 2, 0),
(48, 4, 55, 9, 0, 1, 0, 0, 3, 0),
(49, 4, 63, 61, 0, 1, 0, 0, 4, 0),
(50, 4, 3, 8, 0, 1, 0, 0, 5, 0),
(51, 4, 4, 10, 1, 0, 0, 0, 6, 0),
(52, 4, 1, 6, 0, 1, 0, 0, 7, 0),
(53, 4, 2, 28, 0, 1, 0, 0, 8, 1),
(54, 4, 63, 6, 0, 1, 0, 0, 9, 0),
(55, 4, 3, 61, 0, 1, 0, 0, 10, 0),
(56, 4, 4, 8, 1, 0, 0, 0, 11, 0),
(57, 4, 1, 28, 0, 1, 0, 0, 12, 0),
(58, 4, 2, 9, 0, 1, 0, 0, 13, 0),
(59, 4, 4, 61, 1, 0, 0, 0, 14, 0),
(60, 4, 63, 10, 1, 0, 0, 0, 15, 0),
(61, 5, 15, 29, 0, 1, 0, 0, 1, 0),
(62, 5, 14, 11, 1, 0, 0, 0, 2, 0),
(63, 5, 16, 29, 1, 0, 0, 0, 3, 0),
(64, 5, 16, 31, 1, 0, 0, 0, 4, 0),
(65, 5, 17, 29, 0, 1, 0, 0, 5, 0),
(66, 5, 16, 12, 1, 0, 0, 0, 6, 0),
(67, 5, 15, 11, 0, 1, 0, 0, 7, 0),
(68, 5, 14, 31, 0, 1, 0, 0, 8, 0),
(69, 5, 17, 12, 0, 1, 0, 0, 9, 0),
(70, 5, 15, 12, 0, 1, 0, 0, 10, 0),
(71, 5, 14, 33, 0, 1, 0, 0, 11, 0),
(72, 5, 17, 33, 0, 1, 0, 0, 12, 0),
(73, 5, 0, 0, 0, 1, 0, 0, 13, 0),
(74, 5, 0, 0, 0, 1, 0, 0, 14, 0),
(75, 5, 0, 0, 0, 1, 0, 0, 15, 0),
(76, 6, 19, 44, 1, 0, 0, 0, 1, 0),
(77, 6, 22, 45, 0, 1, 0, 0, 2, 0),
(78, 6, 20, 47, 0, 1, 0, 0, 3, 0),
(79, 6, 21, 58, 0, 1, 0, 0, 4, 0),
(80, 6, 71, 43, 0, 1, 0, 0, 5, 0),
(81, 6, 19, 59, 1, 0, 0, 0, 6, 0),
(82, 6, 22, 58, 0, 1, 0, 0, 7, 0),
(83, 6, 20, 45, 0, 1, 0, 0, 8, 0),
(84, 6, 21, 43, 0, 1, 0, 0, 9, 0),
(85, 6, 71, 47, 0, 1, 0, 0, 10, 0),
(86, 6, 19, 58, 0, 1, 0, 0, 11, 0),
(87, 6, 20, 43, 0, 1, 0, 0, 12, 0),
(88, 6, 21, 59, 0, 1, 0, 0, 13, 0),
(89, 6, 71, 45, 0, 1, 0, 0, 14, 0),
(90, 6, 22, 47, 1, 0, 0, 0, 15, 0),
(91, 7, 49, 38, 0, 1, 0, 0, 1, 0),
(92, 7, 40, 88, 1, 0, 0, 0, 2, 0),
(93, 7, 51, 83, 1, 0, 0, 0, 3, 0),
(94, 7, 42, 37, 1, 0, 0, 0, 4, 0),
(95, 7, 52, 54, 1, 0, 0, 0, 5, 0),
(96, 7, 49, 88, 0, 1, 0, 0, 6, 0),
(97, 7, 40, 83, 0, 1, 0, 0, 7, 0),
(98, 7, 51, 38, 0, 1, 0, 0, 8, 0),
(99, 7, 42, 54, 1, 0, 0, 0, 9, 0),
(100, 7, 52, 37, 1, 0, 0, 0, 10, 0),
(101, 7, 49, 54, 0, 1, 0, 0, 11, 0),
(102, 7, 52, 38, 1, 0, 0, 0, 12, 0),
(103, 7, 40, 37, 0, 1, 0, 0, 13, 0),
(104, 7, 51, 88, 0, 1, 0, 0, 14, 0),
(105, 7, 42, 83, 0, 1, 0, 0, 15, 0),
(106, 8, 89, 2, 0, 1, 0, 0, 1, 0),
(107, 8, 65, 55, 1, 0, 0, 0, 2, 0),
(108, 8, 23, 1, 1, 0, 0, 0, 3, 0),
(109, 8, 24, 4, 0, 1, 0, 0, 4, 0),
(110, 8, 25, 3, 0, 1, 0, 0, 5, 0),
(111, 8, 89, 55, 1, 0, 0, 0, 6, 0),
(112, 8, 65, 63, 1, 0, 0, 0, 7, 0),
(113, 8, 23, 2, 1, 0, 0, 0, 8, 0),
(114, 8, 24, 3, 0, 1, 0, 0, 9, 0),
(115, 8, 25, 4, 1, 0, 0, 0, 10, 0),
(116, 8, 89, 63, 1, 0, 0, 0, 11, 0),
(117, 8, 65, 3, 1, 0, 0, 0, 12, 0),
(118, 8, 23, 55, 1, 0, 0, 0, 13, 0),
(119, 8, 24, 4, 0, 1, 0, 0, 14, 0),
(120, 8, 25, 1, 0, 1, 0, 0, 15, 0),
(121, 9, 8, 27, 1, 0, 0, 0, 1, 0),
(122, 9, 6, 32, 1, 0, 0, 0, 2, 0),
(123, 9, 7, 14, 1, 0, 0, 0, 3, 0),
(124, 9, 9, 15, 1, 0, 0, 0, 4, 0),
(125, 9, 10, 17, 0, 1, 0, 0, 5, 0),
(126, 9, 61, 16, 1, 0, 0, 0, 6, 0),
(127, 9, 28, 27, 1, 0, 0, 0, 7, 0),
(128, 9, 8, 32, 0, 1, 0, 0, 8, 0),
(129, 9, 6, 14, 1, 0, 0, 0, 9, 0),
(130, 9, 7, 17, 0, 1, 0, 0, 10, 0),
(131, 9, 9, 16, 0, 1, 0, 0, 11, 0),
(132, 9, 10, 15, 0, 1, 0, 0, 12, 0),
(133, 9, 61, 27, 1, 0, 0, 0, 13, 0),
(134, 9, 6, 17, 1, 0, 0, 0, 14, 0),
(135, 9, 8, 15, 1, 0, 0, 0, 15, 0),
(136, 10, 46, 78, 1, 0, 0, 0, 1, 0),
(137, 10, 69, 90, 1, 0, 0, 0, 2, 0),
(138, 10, 72, 87, 0, 1, 0, 0, 3, 0),
(139, 10, 39, 86, 1, 0, 0, 0, 4, 0),
(140, 10, 60, 85, 0, 1, 0, 0, 5, 0),
(141, 10, 69, 81, 1, 0, 0, 0, 6, 0),
(142, 10, 72, 77, 1, 0, 0, 0, 7, 0),
(143, 10, 60, 90, 0, 1, 0, 0, 8, 0),
(144, 10, 69, 78, 0, 1, 0, 0, 9, 0),
(145, 10, 39, 87, 1, 0, 0, 0, 10, 0),
(146, 10, 46, 86, 0, 1, 0, 0, 11, 0),
(147, 10, 72, 78, 1, 0, 0, 0, 12, 0),
(148, 10, 39, 81, 1, 0, 0, 0, 13, 0),
(149, 10, 60, 77, 1, 0, 0, 0, 14, 0),
(150, 10, 73, 85, 0, 1, 0, 0, 15, 0),
(151, 11, 16, 89, 0, 1, 0, 0, 1, 0),
(152, 11, 14, 65, 1, 0, 0, 0, 2, 0),
(153, 11, 15, 23, 1, 0, 0, 0, 3, 0),
(154, 11, 17, 24, 0, 1, 0, 0, 4, 0),
(155, 11, 27, 25, 0, 1, 0, 0, 5, 0),
(156, 11, 16, 66, 1, 0, 0, 0, 6, 0),
(157, 11, 14, 23, 1, 0, 0, 0, 7, 0),
(158, 11, 15, 89, 0, 1, 0, 0, 8, 0),
(159, 11, 17, 65, 0, 1, 0, 0, 9, 0),
(160, 11, 27, 24, 0, 1, 0, 0, 10, 0),
(161, 11, 14, 66, 0, 1, 0, 0, 11, 0),
(162, 11, 16, 25, 0, 1, 0, 0, 12, 0),
(163, 11, 15, 24, 1, 0, 0, 0, 13, 0),
(164, 11, 17, 25, 1, 0, 0, 0, 14, 0),
(165, 11, 27, 89, 1, 0, 0, 0, 15, 0),
(166, 12, 78, 67, 0, 1, 0, 0, 1, 0),
(167, 12, 81, 20, 0, 1, 0, 0, 2, 0),
(168, 12, 86, 22, 1, 0, 0, 0, 3, 0),
(169, 12, 87, 19, 0, 1, 0, 0, 4, 0),
(170, 12, 85, 56, 1, 0, 0, 0, 5, 0),
(171, 12, 77, 91, 1, 0, 0, 0, 6, 0),
(172, 12, 78, 20, 0, 1, 0, 0, 7, 0),
(173, 12, 81, 67, 0, 1, 0, 0, 8, 0),
(174, 12, 86, 19, 1, 0, 0, 0, 9, 0),
(175, 12, 87, 22, 0, 1, 0, 0, 10, 0),
(176, 12, 85, 67, 1, 0, 0, 0, 11, 0),
(177, 12, 77, 20, 0, 1, 0, 0, 12, 0),
(178, 12, 86, 56, 0, 1, 0, 0, 13, 0),
(179, 12, 78, 22, 1, 0, 0, 0, 14, 0),
(180, 12, 87, 91, 1, 0, 0, 0, 15, 0),
(181, 13, 49, 72, 0, 1, 0, 0, 1, 0),
(182, 13, 51, 72, 1, 0, 0, 0, 2, 0),
(183, 13, 42, 72, 0, 1, 0, 0, 3, 0),
(184, 13, 41, 46, 1, 0, 0, 0, 4, 0),
(185, 13, 52, 69, 0, 1, 0, 0, 5, 0),
(186, 13, 49, 46, 1, 0, 0, 0, 6, 0),
(187, 13, 51, 39, 1, 0, 0, 0, 7, 0),
(188, 13, 42, 46, 1, 0, 0, 0, 8, 0),
(189, 13, 41, 69, 1, 0, 0, 0, 9, 0),
(190, 13, 52, 39, 0, 1, 0, 0, 10, 0),
(191, 13, 49, 69, 0, 1, 0, 0, 11, 0),
(192, 13, 52, 60, 1, 0, 0, 0, 12, 0),
(193, 13, 41, 39, 1, 0, 0, 0, 13, 0),
(194, 13, 51, 60, 1, 0, 0, 0, 14, 0),
(195, 13, 42, 73, 1, 0, 0, 0, 15, 0),
(196, 14, 31, 6, 0, 1, 0, 0, 1, 0),
(197, 14, 11, 75, 0, 1, 0, 0, 2, 0),
(198, 14, 13, 75, 0, 1, 0, 0, 3, 0),
(199, 14, 29, 7, 1, 0, 0, 0, 4, 0),
(200, 14, 12, 61, 1, 0, 0, 0, 5, 0),
(201, 14, 30, 9, 1, 0, 0, 0, 6, 0),
(202, 14, 31, 10, 1, 0, 0, 0, 7, 1),
(203, 14, 11, 8, 1, 0, 0, 0, 8, 0),
(204, 14, 13, 6, 0, 1, 0, 0, 9, 0),
(205, 14, 29, 61, 1, 0, 0, 0, 10, 0),
(206, 14, 12, 9, 0, 1, 0, 0, 11, 0),
(207, 14, 30, 6, 0, 1, 0, 0, 12, 0),
(208, 14, 29, 10, 0, 1, 0, 0, 13, 0),
(209, 14, 31, 7, 1, 0, 0, 0, 14, 0),
(210, 14, 30, 8, 0, 1, 0, 0, 15, 0),
(211, 15, 38, 43, 1, 0, 0, 0, 1, 0),
(212, 15, 83, 58, 0, 1, 0, 0, 2, 0),
(213, 15, 48, 47, 0, 1, 0, 0, 3, 0),
(214, 15, 37, 44, 1, 0, 0, 0, 4, 0),
(215, 15, 88, 45, 0, 1, 0, 0, 5, 0),
(216, 15, 54, 59, 1, 0, 0, 0, 6, 0),
(217, 15, 38, 58, 0, 1, 0, 0, 7, 0),
(218, 15, 83, 47, 0, 1, 0, 0, 8, 0),
(219, 15, 48, 45, 1, 0, 0, 0, 9, 0),
(220, 15, 88, 59, 0, 1, 0, 0, 10, 0),
(221, 15, 37, 43, 1, 0, 0, 0, 11, 0),
(222, 15, 38, 47, 1, 0, 0, 0, 12, 0),
(223, 15, 54, 45, 0, 1, 0, 0, 13, 0),
(224, 15, 48, 59, 0, 1, 0, 0, 14, 0),
(225, 15, 88, 58, 1, 0, 0, 0, 15, 0),
(226, 16, 19, 84, 0, 1, 0, 0, 1, 0),
(227, 16, 22, 41, 0, 1, 0, 0, 2, 0),
(228, 16, 20, 51, 1, 0, 0, 0, 3, 0),
(229, 16, 67, 42, 1, 0, 0, 0, 4, 0),
(230, 16, 21, 40, 1, 0, 0, 0, 5, 0),
(231, 16, 71, 84, 0, 1, 0, 0, 6, 0),
(232, 16, 19, 41, 0, 1, 0, 0, 7, 0),
(233, 16, 22, 51, 0, 1, 0, 0, 8, 0),
(234, 16, 20, 42, 0, 1, 0, 0, 9, 0),
(235, 16, 67, 40, 1, 0, 0, 0, 10, 0),
(236, 16, 21, 51, 1, 0, 0, 0, 11, 0),
(237, 16, 71, 42, 0, 1, 0, 0, 12, 0),
(238, 16, 22, 84, 0, 1, 0, 0, 13, 0),
(239, 16, 20, 40, 0, 1, 0, 0, 14, 0),
(240, 16, 67, 41, 1, 0, 0, 0, 15, 0),
(241, 17, 43, 78, 1, 0, 0, 0, 1, 0),
(242, 17, 47, 87, 0, 1, 0, 0, 2, 0),
(243, 17, 44, 81, 1, 0, 0, 0, 3, 0),
(244, 17, 58, 85, 1, 0, 0, 0, 4, 0),
(245, 17, 59, 77, 1, 0, 0, 0, 5, 0),
(246, 17, 45, 87, 1, 0, 0, 0, 6, 0),
(247, 17, 43, 81, 0, 1, 0, 0, 7, 0),
(248, 17, 47, 90, 0, 1, 0, 0, 8, 0),
(249, 17, 44, 85, 1, 0, 0, 0, 9, 0),
(250, 17, 58, 78, 1, 0, 0, 0, 10, 0),
(251, 17, 59, 90, 0, 1, 0, 0, 11, 0),
(252, 17, 45, 90, 1, 0, 0, 0, 12, 0),
(253, 17, 44, 87, 1, 0, 0, 0, 13, 0),
(254, 17, 59, 81, 1, 0, 0, 0, 14, 0),
(255, 17, 45, 77, 1, 0, 0, 0, 15, 0),
(256, 18, 72, 38, 1, 0, 0, 0, 1, 0),
(257, 18, 72, 88, 0, 1, 0, 0, 2, 0),
(258, 18, 72, 37, 1, 0, 0, 0, 3, 0),
(259, 18, 46, 48, 0, 1, 0, 0, 4, 0),
(260, 18, 39, 54, 1, 0, 0, 0, 5, 0),
(261, 18, 60, 38, 1, 0, 0, 0, 6, 0),
(262, 18, 46, 88, 0, 1, 0, 0, 7, 0),
(263, 18, 39, 48, 1, 0, 0, 0, 8, 0),
(264, 18, 60, 37, 0, 1, 0, 0, 9, 0),
(265, 18, 46, 54, 1, 0, 0, 0, 10, 0),
(266, 18, 60, 54, 0, 1, 0, 0, 11, 0),
(267, 18, 39, 88, 1, 0, 0, 0, 12, 0),
(268, 18, 73, 37, 0, 1, 0, 0, 13, 0),
(269, 18, 68, 38, 0, 1, 0, 0, 14, 0),
(270, 18, 73, 48, 1, 0, 0, 0, 15, 0),
(271, 19, 55, 32, 1, 0, 0, 0, 1, 0),
(272, 19, 55, 14, 0, 1, 0, 0, 2, 0),
(273, 19, 55, 15, 0, 1, 0, 0, 3, 0),
(274, 19, 2, 17, 0, 1, 0, 0, 4, 0),
(275, 19, 4, 27, 0, 1, 0, 0, 5, 0),
(276, 19, 63, 32, 0, 1, 0, 0, 6, 0),
(277, 19, 1, 14, 1, 0, 0, 0, 7, 0),
(278, 19, 2, 15, 1, 0, 0, 0, 8, 0),
(279, 19, 4, 17, 0, 1, 0, 0, 9, 0),
(280, 19, 63, 27, 0, 1, 0, 0, 10, 0),
(281, 19, 1, 32, 0, 1, 0, 0, 11, 0),
(282, 19, 2, 14, 0, 1, 0, 0, 12, 0),
(283, 19, 4, 15, 1, 0, 0, 0, 13, 0),
(284, 19, 63, 17, 1, 0, 0, 0, 14, 0),
(285, 19, 1, 27, 1, 0, 0, 0, 15, 0),
(286, 20, 89, 13, 0, 1, 0, 0, 1, 0),
(287, 20, 65, 11, 1, 0, 0, 0, 2, 0),
(288, 20, 23, 12, 0, 1, 0, 0, 3, 0),
(289, 20, 66, 30, 0, 1, 0, 0, 4, 0),
(290, 20, 25, 31, 1, 0, 0, 0, 5, 0),
(291, 20, 53, 74, 0, 1, 0, 0, 6, 0),
(292, 20, 24, 13, 0, 1, 0, 0, 7, 0),
(293, 20, 89, 11, 0, 1, 0, 0, 8, 0),
(294, 20, 65, 12, 0, 1, 0, 0, 9, 0),
(295, 20, 23, 30, 0, 1, 0, 0, 10, 0),
(296, 20, 66, 31, 0, 1, 0, 0, 11, 0),
(297, 20, 25, 13, 0, 1, 0, 0, 12, 0),
(298, 20, 53, 12, 0, 1, 0, 0, 13, 0),
(299, 20, 65, 74, 0, 1, 0, 0, 14, 0),
(300, 20, 25, 30, 0, 1, 0, 0, 15, 0),
(301, 21, 7, 89, 0, 1, 0, 0, 1, 0),
(302, 21, 75, 92, 0, 1, 0, 0, 2, 0),
(303, 21, 9, 66, 0, 1, 0, 0, 3, 0),
(304, 21, 6, 65, 0, 1, 0, 0, 4, 0),
(305, 21, 10, 26, 0, 1, 0, 0, 5, 0),
(306, 21, 75, 89, 0, 1, 0, 0, 6, 0),
(307, 21, 61, 92, 0, 1, 0, 0, 7, 0),
(308, 21, 6, 66, 1, 0, 0, 0, 8, 0),
(309, 21, 7, 65, 0, 1, 0, 0, 9, 0),
(310, 21, 9, 34, 0, 1, 0, 0, 10, 0),
(311, 21, 61, 89, 0, 1, 0, 0, 11, 0),
(312, 21, 10, 92, 0, 1, 0, 0, 12, 0),
(313, 21, 7, 34, 0, 1, 0, 0, 13, 0),
(314, 21, 61, 65, 0, 1, 0, 0, 14, 0),
(315, 21, 6, 26, 0, 1, 0, 0, 15, 0),
(316, 22, 38, 90, 1, 0, 0, 0, 1, 0),
(317, 22, 62, 85, 0, 1, 0, 0, 2, 0),
(318, 22, 88, 90, 1, 0, 0, 0, 3, 0),
(319, 22, 37, 90, 1, 0, 0, 0, 4, 0),
(320, 22, 83, 87, 1, 0, 0, 0, 5, 0),
(321, 22, 48, 81, 0, 1, 0, 0, 6, 0),
(322, 22, 38, 85, 1, 0, 0, 0, 7, 1),
(323, 22, 62, 77, 0, 1, 0, 0, 8, 0),
(324, 22, 88, 87, 1, 0, 0, 0, 9, 1),
(325, 22, 37, 81, 0, 1, 0, 0, 10, 0),
(326, 22, 83, 85, 1, 0, 0, 0, 11, 0),
(327, 22, 48, 77, 1, 0, 0, 0, 12, 0),
(328, 22, 37, 87, 0, 1, 0, 0, 13, 0),
(329, 22, 83, 81, 1, 0, 0, 0, 14, 1),
(330, 22, 88, 77, 1, 0, 0, 0, 15, 0),
(331, 23, 49, 43, 1, 0, 0, 0, 1, 0),
(332, 23, 93, 47, 0, 1, 0, 0, 2, 0),
(333, 23, 42, 70, 0, 1, 0, 0, 3, 1),
(334, 23, 40, 58, 0, 1, 0, 0, 4, 0),
(335, 23, 51, 45, 1, 0, 0, 0, 5, 0),
(336, 23, 49, 59, 1, 0, 0, 0, 6, 0),
(337, 23, 93, 70, 1, 0, 0, 0, 7, 0),
(338, 23, 42, 58, 0, 1, 0, 0, 8, 0),
(339, 23, 40, 45, 1, 0, 0, 0, 9, 0),
(340, 23, 51, 47, 0, 1, 0, 0, 10, 0),
(341, 23, 49, 58, 0, 1, 0, 0, 11, 1),
(342, 23, 93, 43, 1, 0, 0, 0, 12, 0),
(343, 23, 42, 59, 1, 0, 0, 0, 13, 0),
(344, 23, 40, 47, 0, 1, 0, 0, 14, 0),
(345, 23, 51, 70, 1, 0, 0, 0, 15, 0),
(346, 24, 39, 19, 1, 0, 0, 0, 1, 0),
(347, 24, 72, 20, 1, 0, 0, 0, 2, 0),
(348, 24, 60, 22, 0, 1, 0, 0, 3, 0),
(349, 24, 68, 21, 0, 1, 0, 0, 4, 0),
(350, 24, 94, 71, 1, 0, 0, 0, 5, 0),
(351, 24, 72, 22, 1, 0, 0, 0, 6, 0),
(352, 24, 39, 20, 1, 0, 0, 0, 7, 0),
(353, 24, 60, 19, 1, 0, 0, 0, 8, 0),
(354, 24, 68, 71, 1, 0, 0, 0, 9, 0),
(355, 24, 94, 21, 1, 0, 0, 0, 10, 0),
(356, 24, 60, 20, 0, 1, 0, 0, 11, 0),
(357, 24, 68, 19, 0, 1, 0, 0, 12, 0),
(358, 24, 72, 21, 0, 1, 0, 0, 13, 0),
(359, 24, 39, 71, 1, 0, 0, 0, 14, 0),
(360, 24, 94, 22, 0, 1, 0, 0, 15, 0),
(361, 25, 31, 1, 1, 0, 0, 0, 1, 0),
(362, 25, 11, 4, 1, 0, 0, 0, 2, 0),
(363, 25, 12, 63, 1, 0, 0, 0, 3, 0),
(364, 25, 33, 3, 1, 0, 0, 0, 4, 0),
(365, 25, 30, 5, 1, 0, 0, 0, 5, 0),
(366, 25, 31, 4, 1, 0, 0, 0, 6, 0),
(367, 25, 11, 63, 1, 0, 0, 0, 7, 0),
(368, 25, 12, 3, 0, 1, 0, 0, 8, 0),
(369, 25, 33, 5, 1, 0, 0, 0, 9, 0),
(370, 25, 30, 1, 1, 0, 0, 0, 10, 0),
(371, 25, 31, 63, 1, 0, 0, 0, 11, 0),
(372, 25, 11, 5, 1, 0, 0, 0, 12, 0),
(373, 25, 12, 4, 1, 0, 0, 0, 13, 0),
(374, 25, 33, 1, 1, 0, 0, 0, 14, 0),
(375, 25, 30, 3, 0, 1, 0, 0, 15, 0),
(376, 26, 49, 81, 0, 1, 0, 0, 1, 0),
(377, 26, 93, 85, 0, 1, 0, 0, 2, 0),
(378, 26, 40, 78, 1, 0, 0, 0, 3, 0),
(379, 26, 41, 87, 1, 0, 0, 0, 4, 0),
(380, 26, 42, 86, 1, 0, 0, 0, 5, 0),
(381, 26, 49, 77, 1, 0, 0, 0, 6, 0),
(382, 26, 41, 81, 1, 0, 0, 0, 7, 0),
(383, 26, 41, 85, 1, 0, 0, 0, 8, 0),
(384, 26, 93, 78, 1, 0, 0, 0, 9, 0),
(385, 26, 40, 87, 1, 0, 0, 0, 10, 0),
(386, 26, 42, 85, 1, 0, 0, 0, 11, 0),
(387, 26, 49, 86, 1, 0, 0, 0, 12, 0),
(388, 26, 93, 77, 1, 0, 0, 0, 13, 0),
(389, 26, 40, 86, 0, 1, 0, 0, 14, 0),
(390, 26, 42, 77, 1, 0, 0, 0, 15, 0),
(391, 27, 13, 15, 1, 0, 0, 0, 1, 0),
(392, 27, 11, 14, 1, 0, 0, 0, 2, 0),
(393, 27, 31, 17, 1, 0, 0, 0, 3, 0),
(394, 27, 29, 27, 0, 1, 0, 0, 4, 0),
(395, 27, 12, 16, 0, 1, 0, 0, 5, 0),
(396, 27, 13, 14, 1, 0, 0, 0, 6, 0),
(397, 27, 11, 17, 1, 0, 0, 0, 7, 0),
(398, 27, 31, 27, 0, 1, 0, 0, 8, 0),
(399, 27, 29, 16, 1, 0, 0, 0, 9, 0),
(400, 27, 12, 15, 1, 0, 0, 0, 10, 0),
(401, 27, 13, 17, 1, 0, 0, 0, 11, 0),
(402, 27, 11, 16, 1, 0, 0, 0, 12, 0),
(403, 27, 31, 15, 1, 0, 0, 0, 13, 0),
(404, 27, 29, 14, 1, 0, 0, 0, 14, 0),
(405, 27, 12, 27, 1, 0, 0, 0, 15, 0),
(406, 28, 75, 1, 1, 0, 0, 0, 1, 0),
(407, 28, 7, 63, 1, 0, 0, 0, 2, 0),
(408, 28, 10, 3, 0, 1, 0, 0, 3, 0),
(409, 28, 8, 4, 0, 1, 0, 0, 4, 0),
(410, 28, 6, 55, 1, 0, 0, 0, 5, 0),
(411, 28, 61, 63, 0, 1, 0, 0, 6, 0),
(412, 28, 75, 3, 1, 0, 0, 0, 7, 0),
(413, 28, 7, 4, 1, 0, 0, 0, 8, 0),
(414, 28, 6, 63, 1, 0, 0, 0, 9, 0),
(415, 28, 10, 1, 0, 1, 0, 0, 10, 0),
(416, 28, 7, 55, 1, 0, 0, 0, 11, 0),
(417, 28, 8, 3, 0, 1, 0, 0, 12, 0),
(418, 28, 75, 4, 1, 0, 0, 0, 13, 0),
(419, 28, 6, 1, 1, 0, 0, 0, 14, 0),
(420, 28, 8, 55, 0, 1, 0, 0, 15, 0),
(421, 29, 46, 45, 1, 0, 0, 0, 1, 0),
(422, 29, 60, 47, 1, 0, 0, 0, 2, 0),
(423, 29, 39, 58, 0, 1, 0, 0, 3, 0),
(424, 29, 73, 44, 0, 1, 0, 0, 4, 0),
(425, 29, 46, 43, 1, 0, 0, 0, 5, 0),
(426, 29, 94, 59, 0, 1, 0, 0, 6, 0),
(427, 29, 60, 45, 1, 0, 0, 0, 7, 0),
(428, 29, 46, 58, 0, 1, 0, 0, 8, 0),
(429, 29, 39, 47, 1, 0, 0, 0, 9, 0),
(430, 29, 73, 43, 1, 0, 0, 0, 10, 0),
(431, 29, 60, 59, 0, 1, 0, 0, 11, 0),
(432, 29, 94, 44, 0, 1, 0, 0, 12, 0),
(433, 29, 39, 45, 0, 1, 0, 0, 13, 0),
(434, 29, 73, 59, 0, 1, 0, 0, 14, 0),
(435, 29, 94, 58, 0, 1, 0, 0, 15, 0),
(436, 30, 19, 83, 0, 1, 0, 0, 1, 0),
(437, 30, 22, 38, 1, 0, 0, 0, 2, 0),
(438, 30, 20, 88, 0, 1, 0, 0, 3, 0),
(439, 30, 21, 37, 0, 1, 0, 0, 4, 0),
(440, 30, 56, 48, 0, 1, 0, 0, 5, 0),
(441, 30, 19, 54, 1, 0, 0, 0, 6, 0),
(442, 30, 22, 83, 1, 0, 0, 0, 7, 0),
(443, 30, 20, 48, 1, 0, 0, 0, 8, 0),
(444, 30, 21, 88, 0, 1, 0, 0, 9, 0),
(445, 30, 56, 37, 0, 1, 0, 0, 10, 0),
(446, 30, 19, 38, 0, 1, 0, 0, 11, 0),
(447, 30, 22, 54, 0, 1, 0, 0, 12, 0),
(448, 30, 20, 83, 0, 1, 0, 0, 13, 0),
(449, 30, 21, 54, 0, 1, 0, 0, 14, 0),
(450, 30, 56, 88, 0, 1, 0, 0, 15, 0),
(451, 31, 1, 89, 0, 1, 0, 0, 1, 0),
(452, 31, 63, 65, 0, 1, 0, 0, 2, 0),
(453, 31, 55, 23, 1, 0, 0, 0, 3, 0),
(454, 31, 4, 24, 1, 0, 0, 0, 4, 0),
(455, 31, 3, 25, 0, 1, 0, 0, 5, 0),
(456, 31, 1, 26, 0, 1, 0, 0, 6, 0),
(457, 31, 63, 34, 1, 0, 0, 0, 7, 0),
(458, 31, 55, 89, 0, 1, 0, 0, 8, 0),
(459, 31, 4, 65, 0, 1, 0, 0, 9, 0),
(460, 31, 3, 23, 0, 1, 0, 0, 10, 0),
(461, 31, 1, 25, 0, 1, 0, 0, 11, 0),
(462, 31, 63, 24, 1, 0, 0, 0, 12, 0),
(463, 31, 55, 89, 0, 1, 0, 0, 13, 0),
(464, 31, 4, 26, 0, 1, 0, 0, 14, 0),
(465, 31, 3, 65, 0, 1, 0, 0, 15, 0),
(466, 32, 45, 19, 1, 0, 0, 0, 1, 0),
(467, 32, 58, 22, 1, 0, 0, 0, 2, 0),
(468, 32, 44, 20, 1, 0, 0, 0, 3, 0),
(469, 32, 47, 21, 1, 0, 0, 0, 4, 0),
(470, 32, 59, 71, 0, 1, 0, 0, 5, 0),
(471, 32, 45, 22, 1, 0, 0, 0, 6, 0),
(472, 32, 58, 19, 1, 0, 0, 0, 7, 0),
(473, 32, 44, 21, 1, 0, 0, 0, 8, 0),
(474, 32, 47, 71, 1, 0, 0, 0, 9, 0),
(475, 32, 59, 20, 1, 0, 0, 0, 10, 0),
(476, 32, 45, 71, 1, 0, 0, 0, 11, 1),
(477, 32, 58, 20, 1, 0, 0, 0, 12, 1),
(478, 32, 44, 19, 1, 0, 0, 0, 13, 0),
(479, 32, 47, 22, 1, 0, 0, 0, 14, 0),
(480, 32, 59, 21, 1, 0, 0, 0, 15, 0),
(481, 33, 78, 60, 1, 0, 0, 0, 1, 0),
(482, 33, 87, 39, 1, 0, 0, 0, 2, 0),
(483, 33, 86, 68, 0, 1, 0, 0, 3, 0),
(484, 33, 85, 73, 0, 1, 0, 0, 4, 0),
(485, 33, 77, 94, 0, 1, 0, 0, 5, 0),
(486, 33, 78, 73, 0, 1, 0, 0, 6, 0),
(487, 33, 87, 60, 1, 0, 0, 0, 7, 0),
(488, 33, 85, 39, 0, 1, 0, 0, 8, 0),
(489, 33, 86, 94, 1, 0, 0, 0, 9, 0),
(490, 33, 77, 68, 0, 1, 0, 0, 10, 0),
(491, 33, 85, 60, 1, 0, 0, 0, 11, 0),
(492, 33, 87, 94, 1, 0, 0, 0, 12, 0),
(493, 33, 78, 68, 1, 0, 0, 0, 13, 0),
(494, 33, 86, 39, 0, 1, 0, 0, 14, 0),
(495, 33, 77, 73, 1, 0, 0, 0, 15, 0),
(496, 34, 15, 10, 1, 0, 0, 0, 1, 0),
(497, 34, 14, 6, 0, 1, 0, 0, 2, 0),
(498, 34, 17, 75, 0, 1, 0, 0, 3, 0),
(499, 34, 16, 7, 0, 1, 0, 0, 4, 0),
(500, 34, 27, 61, 1, 0, 0, 0, 5, 0),
(501, 34, 15, 8, 1, 0, 0, 0, 6, 0),
(502, 34, 14, 9, 1, 0, 0, 0, 7, 0),
(503, 34, 17, 6, 0, 1, 0, 0, 8, 0),
(504, 34, 16, 75, 1, 0, 0, 0, 9, 0),
(505, 34, 27, 7, 1, 0, 0, 0, 10, 0),
(506, 34, 15, 75, 0, 1, 0, 0, 11, 0),
(507, 34, 14, 8, 1, 0, 0, 0, 12, 0),
(508, 34, 17, 9, 0, 1, 0, 0, 13, 0),
(509, 34, 16, 61, 0, 1, 0, 0, 14, 0),
(510, 34, 27, 6, 1, 0, 0, 0, 15, 0),
(511, 35, 35, 49, 1, 0, 0, 0, 1, 0),
(512, 35, 83, 51, 1, 0, 0, 0, 2, 0),
(513, 35, 38, 42, 1, 0, 0, 0, 3, 0),
(514, 35, 54, 41, 0, 1, 0, 0, 4, 0),
(515, 35, 35, 40, 0, 1, 0, 0, 5, 0),
(516, 35, 83, 49, 1, 0, 0, 0, 6, 0),
(517, 35, 38, 51, 0, 1, 0, 0, 7, 0),
(518, 35, 54, 42, 0, 1, 0, 0, 8, 0),
(519, 35, 35, 41, 0, 1, 0, 0, 9, 0),
(520, 35, 83, 40, 0, 1, 0, 0, 10, 0),
(521, 35, 38, 49, 1, 0, 0, 0, 11, 0),
(522, 35, 88, 41, 1, 0, 0, 0, 12, 0),
(523, 35, 54, 51, 0, 1, 0, 0, 13, 0),
(524, 35, 88, 42, 1, 0, 0, 0, 14, 0),
(525, 35, 88, 40, 1, 0, 0, 0, 15, 1),
(526, 36, 10, 29, 0, 1, 0, 0, 1, 0),
(527, 36, 75, 11, 1, 0, 0, 0, 2, 0),
(528, 36, 6, 12, 1, 0, 0, 0, 3, 0),
(529, 36, 8, 33, 0, 1, 0, 0, 4, 0),
(530, 36, 61, 29, 0, 1, 0, 0, 5, 0),
(531, 36, 9, 31, 1, 0, 0, 0, 6, 0),
(532, 36, 75, 30, 0, 1, 0, 0, 7, 0),
(533, 36, 6, 11, 0, 1, 0, 0, 8, 0),
(534, 36, 9, 12, 0, 1, 0, 0, 9, 0),
(535, 36, 10, 33, 1, 0, 0, 0, 10, 0),
(536, 36, 61, 31, 0, 1, 0, 0, 11, 0),
(537, 36, 8, 11, 0, 1, 0, 0, 12, 0),
(538, 36, 75, 12, 0, 1, 0, 0, 13, 0),
(539, 36, 6, 30, 0, 1, 0, 0, 14, 0),
(540, 36, 9, 33, 0, 1, 0, 0, 15, 0),
(541, 37, 43, 62, 0, 1, 0, 0, 1, 0),
(542, 37, 70, 88, 0, 1, 0, 0, 2, 0),
(543, 37, 44, 37, 1, 0, 0, 0, 3, 0),
(544, 37, 47, 48, 1, 0, 0, 0, 4, 0),
(545, 37, 58, 54, 0, 1, 0, 0, 5, 0),
(546, 37, 59, 62, 1, 0, 0, 0, 6, 0),
(547, 37, 45, 88, 0, 1, 0, 0, 7, 0),
(548, 37, 43, 37, 0, 1, 0, 0, 8, 0),
(549, 37, 70, 48, 0, 1, 0, 0, 9, 0),
(550, 37, 44, 54, 0, 1, 0, 0, 10, 0),
(551, 37, 47, 88, 0, 1, 0, 0, 11, 0),
(552, 37, 58, 48, 0, 1, 0, 0, 12, 0),
(553, 37, 59, 54, 1, 0, 0, 0, 13, 0),
(554, 37, 45, 62, 1, 0, 0, 0, 14, 0),
(555, 37, 47, 37, 1, 0, 0, 0, 15, 0),
(556, 38, 39, 42, 1, 0, 0, 0, 1, 0),
(557, 38, 60, 51, 0, 1, 0, 0, 2, 0),
(558, 38, 72, 41, 1, 0, 0, 0, 3, 0),
(559, 38, 73, 52, 0, 1, 0, 0, 4, 0),
(560, 38, 68, 42, 0, 1, 0, 0, 5, 0),
(561, 38, 39, 41, 0, 1, 0, 0, 6, 0),
(562, 38, 72, 40, 1, 0, 0, 0, 7, 0),
(563, 38, 60, 52, 1, 0, 0, 0, 8, 0),
(564, 38, 73, 51, 0, 1, 0, 0, 9, 0),
(565, 38, 68, 40, 1, 0, 0, 0, 10, 0),
(566, 38, 72, 52, 1, 0, 0, 0, 11, 0),
(567, 38, 39, 51, 1, 0, 0, 0, 12, 0),
(568, 38, 68, 41, 1, 0, 0, 0, 13, 0),
(569, 38, 60, 42, 1, 0, 0, 0, 14, 0),
(570, 38, 73, 40, 0, 1, 0, 0, 15, 0),
(571, 39, 89, 15, 0, 1, 0, 0, 1, 0),
(572, 39, 25, 14, 1, 0, 0, 0, 2, 0),
(573, 39, 65, 17, 1, 0, 0, 0, 3, 0),
(574, 39, 66, 32, 1, 0, 0, 0, 4, 0),
(575, 39, 24, 18, 0, 1, 0, 0, 5, 0),
(576, 39, 23, 27, 1, 0, 0, 0, 6, 0),
(577, 39, 89, 16, 1, 0, 0, 0, 7, 0),
(578, 39, 25, 17, 1, 0, 0, 0, 8, 0),
(579, 39, 65, 32, 1, 0, 0, 0, 9, 0),
(580, 39, 66, 14, 0, 1, 0, 0, 10, 0),
(581, 39, 24, 15, 0, 1, 0, 0, 11, 0),
(582, 39, 89, 27, 0, 1, 0, 0, 12, 0),
(583, 39, 25, 18, 0, 1, 0, 0, 13, 0),
(584, 39, 65, 16, 1, 0, 0, 0, 14, 0),
(585, 39, 23, 15, 0, 1, 0, 0, 15, 0),
(586, 40, 0, 0, 0, 1, 0, 0, 1, 0),
(587, 40, 0, 0, 0, 1, 0, 0, 2, 0),
(588, 40, 0, 0, 1, 0, 0, 0, 3, 0),
(589, 40, 0, 0, 0, 1, 0, 0, 4, 0),
(590, 40, 0, 0, 1, 0, 0, 0, 5, 0),
(591, 40, 0, 0, 0, 1, 0, 0, 6, 0),
(592, 40, 0, 0, 1, 0, 0, 0, 7, 0),
(593, 40, 0, 0, 0, 1, 0, 0, 8, 0),
(594, 40, 0, 0, 1, 0, 0, 0, 9, 0),
(595, 40, 0, 0, 0, 1, 0, 0, 10, 0),
(596, 40, 0, 0, 1, 0, 0, 0, 11, 0),
(597, 40, 0, 0, 0, 1, 0, 0, 12, 0),
(598, 40, 0, 0, 1, 0, 0, 0, 13, 0),
(599, 40, 0, 0, 1, 0, 0, 0, 14, 0),
(600, 40, 0, 0, 0, 1, 0, 0, 15, 0),
(601, 41, 85, 70, 1, 0, 0, 0, 1, 0),
(602, 41, 81, 43, 0, 1, 0, 0, 2, 0),
(603, 41, 78, 47, 0, 1, 0, 0, 3, 0),
(604, 41, 87, 59, 1, 0, 0, 0, 4, 0),
(605, 41, 77, 45, 0, 1, 0, 0, 5, 0),
(606, 41, 85, 44, 0, 1, 0, 0, 6, 0),
(607, 41, 81, 70, 1, 0, 0, 0, 7, 0),
(608, 41, 78, 43, 1, 0, 0, 0, 8, 0),
(609, 41, 87, 47, 1, 0, 0, 0, 9, 0),
(610, 41, 85, 45, 0, 1, 0, 0, 10, 0),
(611, 41, 77, 44, 0, 1, 0, 0, 11, 0),
(612, 41, 81, 59, 0, 1, 0, 0, 12, 0),
(613, 41, 78, 45, 0, 1, 0, 0, 13, 0),
(614, 41, 87, 70, 1, 0, 0, 0, 14, 0),
(615, 41, 77, 47, 0, 1, 0, 0, 15, 0),
(616, 42, 29, 89, 1, 0, 0, 0, 1, 0),
(617, 42, 11, 65, 0, 1, 0, 0, 2, 0),
(618, 42, 13, 23, 1, 0, 0, 0, 3, 0),
(619, 42, 12, 25, 1, 0, 0, 0, 4, 0),
(620, 42, 30, 89, 0, 1, 0, 0, 5, 0),
(621, 42, 29, 53, 0, 1, 0, 0, 6, 0),
(622, 42, 11, 89, 1, 0, 0, 0, 7, 0),
(623, 42, 13, 65, 0, 1, 0, 0, 8, 0),
(624, 42, 12, 23, 1, 0, 0, 0, 9, 0),
(625, 42, 30, 25, 1, 0, 0, 0, 10, 0),
(626, 42, 29, 25, 1, 0, 0, 0, 11, 0),
(627, 42, 11, 53, 1, 0, 0, 0, 12, 0),
(628, 42, 13, 53, 1, 0, 0, 0, 13, 0),
(629, 42, 12, 65, 1, 0, 0, 0, 14, 0),
(630, 42, 30, 23, 0, 1, 0, 0, 15, 0),
(631, 43, 49, 19, 1, 0, 0, 0, 1, 0),
(632, 43, 40, 22, 0, 1, 0, 0, 2, 0),
(633, 43, 51, 20, 0, 1, 0, 0, 3, 0),
(634, 43, 41, 71, 1, 0, 0, 0, 4, 0),
(635, 43, 52, 21, 1, 0, 0, 0, 5, 0),
(636, 43, 49, 22, 0, 1, 0, 0, 6, 0),
(637, 43, 40, 20, 1, 0, 0, 0, 7, 0),
(638, 43, 51, 71, 0, 1, 0, 0, 8, 0),
(639, 43, 41, 21, 1, 0, 0, 0, 9, 0),
(640, 43, 52, 19, 1, 0, 0, 0, 10, 0),
(641, 43, 49, 20, 1, 0, 0, 0, 11, 0),
(642, 43, 52, 22, 0, 1, 0, 0, 12, 0),
(643, 43, 40, 71, 0, 1, 0, 0, 13, 0),
(644, 43, 51, 21, 1, 0, 0, 0, 14, 0),
(645, 43, 41, 19, 1, 0, 0, 0, 15, 0),
(646, 44, 88, 39, 1, 0, 0, 0, 1, 0),
(647, 44, 83, 46, 1, 0, 0, 0, 2, 0),
(648, 44, 48, 60, 1, 0, 0, 0, 3, 0),
(649, 44, 37, 68, 1, 0, 0, 0, 4, 0),
(650, 44, 38, 73, 1, 0, 0, 0, 5, 0),
(651, 44, 88, 46, 1, 0, 0, 0, 6, 0),
(652, 44, 83, 39, 0, 1, 0, 0, 7, 0),
(653, 44, 48, 68, 1, 0, 0, 0, 8, 0),
(654, 44, 37, 60, 1, 0, 0, 0, 9, 0),
(655, 44, 38, 46, 1, 0, 0, 0, 10, 0),
(656, 44, 88, 60, 1, 0, 0, 0, 11, 0),
(657, 44, 83, 68, 1, 0, 0, 0, 12, 0),
(658, 44, 48, 73, 1, 0, 0, 0, 13, 0),
(659, 44, 37, 73, 1, 0, 0, 0, 14, 0),
(660, 44, 38, 39, 0, 1, 0, 0, 15, 0),
(661, 45, 2, 31, 0, 1, 0, 0, 1, 0),
(662, 45, 63, 11, 0, 1, 0, 0, 2, 0),
(663, 45, 4, 33, 0, 1, 0, 0, 3, 0),
(664, 45, 3, 13, 1, 0, 0, 0, 4, 0),
(665, 45, 1, 12, 0, 1, 0, 0, 5, 0),
(666, 45, 2, 11, 0, 1, 0, 0, 6, 0),
(667, 45, 63, 31, 1, 0, 0, 0, 7, 0),
(668, 45, 4, 12, 0, 1, 0, 0, 8, 0),
(669, 45, 3, 33, 0, 1, 0, 0, 9, 0),
(670, 45, 1, 13, 0, 1, 0, 0, 10, 0),
(671, 45, 2, 33, 1, 0, 0, 0, 11, 0),
(672, 45, 63, 12, 1, 0, 0, 0, 12, 0),
(673, 45, 4, 13, 0, 1, 0, 0, 13, 0),
(674, 45, 3, 11, 0, 1, 0, 0, 14, 0),
(675, 45, 1, 31, 0, 1, 0, 0, 15, 0),
(676, 46, 19, 39, 1, 0, 0, 0, 1, 0),
(677, 46, 22, 46, 1, 0, 0, 0, 2, 0),
(678, 46, 20, 60, 0, 1, 0, 0, 3, 0),
(679, 46, 21, 68, 1, 0, 0, 0, 4, 0),
(680, 46, 71, 73, 1, 0, 0, 0, 5, 0),
(681, 46, 19, 46, 0, 1, 0, 0, 6, 0),
(682, 46, 22, 39, 1, 0, 0, 0, 7, 0),
(683, 46, 20, 68, 1, 0, 0, 0, 8, 0),
(684, 46, 21, 46, 0, 1, 0, 0, 9, 0),
(685, 46, 71, 60, 0, 1, 0, 0, 10, 0),
(686, 46, 19, 73, 1, 0, 0, 0, 11, 0),
(687, 46, 22, 60, 1, 0, 0, 0, 12, 0),
(688, 46, 20, 73, 1, 0, 0, 0, 13, 0),
(689, 46, 21, 39, 0, 1, 0, 0, 14, 0),
(690, 46, 71, 68, 1, 0, 0, 0, 15, 0),
(691, 47, 45, 93, 1, 0, 0, 0, 1, 0),
(692, 47, 58, 42, 1, 0, 0, 0, 2, 0),
(693, 47, 70, 41, 1, 0, 0, 0, 3, 0),
(694, 47, 59, 51, 0, 1, 0, 0, 4, 0),
(695, 47, 47, 40, 0, 1, 0, 0, 5, 0),
(696, 47, 43, 93, 1, 0, 0, 0, 6, 0),
(697, 47, 44, 42, 0, 1, 0, 0, 7, 0),
(698, 47, 45, 41, 1, 0, 0, 0, 8, 0),
(699, 47, 58, 51, 1, 0, 0, 0, 9, 0),
(700, 47, 70, 93, 0, 1, 0, 0, 10, 0),
(701, 47, 43, 40, 1, 0, 0, 0, 11, 0),
(702, 47, 59, 42, 1, 0, 0, 0, 12, 0),
(703, 47, 47, 41, 0, 1, 0, 0, 13, 0),
(704, 47, 44, 51, 1, 0, 0, 0, 14, 0),
(705, 47, 45, 40, 1, 0, 0, 0, 15, 0),
(706, 48, 89, 8, 0, 1, 0, 0, 1, 0),
(707, 48, 65, 7, 0, 1, 0, 0, 2, 0),
(708, 48, 23, 10, 1, 0, 0, 0, 3, 0),
(709, 48, 66, 6, 1, 0, 0, 0, 4, 0),
(710, 48, 25, 28, 0, 1, 0, 0, 5, 0),
(711, 48, 89, 61, 1, 0, 0, 0, 6, 0),
(712, 48, 65, 6, 0, 1, 0, 0, 7, 0),
(713, 48, 23, 7, 0, 1, 0, 0, 8, 0),
(714, 48, 66, 61, 1, 0, 0, 0, 9, 0),
(715, 48, 25, 28, 1, 0, 0, 0, 10, 0),
(716, 48, 89, 28, 0, 1, 0, 0, 11, 0),
(717, 48, 65, 61, 0, 1, 0, 0, 12, 0),
(718, 48, 25, 7, 1, 0, 0, 0, 13, 0),
(719, 48, 66, 10, 0, 1, 0, 0, 14, 0),
(720, 48, 23, 6, 0, 1, 0, 0, 15, 0),
(721, 49, 85, 88, 1, 0, 0, 0, 1, 0),
(722, 49, 78, 83, 0, 1, 0, 0, 2, 0),
(723, 49, 81, 48, 0, 1, 0, 0, 3, 0),
(724, 49, 87, 38, 0, 1, 0, 0, 4, 0),
(725, 49, 77, 37, 1, 0, 0, 0, 5, 0),
(726, 49, 85, 54, 0, 1, 0, 0, 6, 0),
(727, 49, 78, 88, 0, 1, 0, 0, 7, 0),
(728, 49, 81, 38, 0, 1, 0, 0, 8, 0),
(729, 49, 87, 83, 0, 1, 0, 0, 9, 0),
(730, 49, 77, 48, 0, 1, 0, 0, 10, 0),
(731, 49, 85, 37, 0, 1, 0, 0, 11, 0),
(732, 49, 78, 54, 1, 0, 0, 0, 12, 0),
(733, 49, 81, 83, 0, 1, 0, 0, 13, 0),
(734, 49, 87, 88, 0, 1, 0, 0, 14, 0),
(735, 49, 77, 38, 0, 1, 0, 0, 15, 0);

-- --------------------------------------------------------

--
-- Table structure for table `tblmatchfooter`
--

DROP TABLE IF EXISTS `tblmatchfooter`;
CREATE TABLE IF NOT EXISTS `tblmatchfooter` (
  `MatchFooterID` int(11) NOT NULL AUTO_INCREMENT,
  `MatchNo` int(11) NOT NULL,
  `PenaltyHome` int(11) DEFAULT '0',
  `PenaltyAway` int(11) DEFAULT '0',
  `BonusHome` int(11) DEFAULT '0',
  `BonusAway` int(11) DEFAULT '0',
  `TotalHome` int(11) DEFAULT '0',
  `TotalAway` int(11) DEFAULT '0',
  `Penalty` tinyint(1) DEFAULT '0',
  `CancelPenaltyAway` tinyint(1) DEFAULT '0',
  `CancelPenalyHome` tinyint(1) DEFAULT '0',
  PRIMARY KEY (`MatchNo`),
  KEY `MatchNo` (`MatchNo`),
  KEY `MatchFooterID` (`MatchFooterID`)
) ENGINE=MyISAM AUTO_INCREMENT=55 DEFAULT CHARSET=utf8;

--
-- Dumping data for table `tblmatchfooter`
--

INSERT INTO `tblmatchfooter` (`MatchFooterID`, `MatchNo`, `PenaltyHome`, `PenaltyAway`, `BonusHome`, `BonusAway`, `TotalHome`, `TotalAway`, `Penalty`, `CancelPenaltyAway`, `CancelPenalyHome`) VALUES
(6, 1, 0, 0, 2, 0, 11, 4, 0, 0, 0),
(7, 2, 0, 0, 0, 2, 5, 10, 0, 0, 0),
(8, 3, 0, 0, 2, 0, 11, 4, 0, 0, 0),
(9, 4, 0, 0, 0, 2, 6, 9, 0, 0, 0),
(10, 5, 0, 0, 0, 2, 4, 11, 0, 0, 0),
(11, 6, 0, 0, 0, 2, 3, 12, 0, 0, 0),
(12, 7, 0, 0, 0, 2, 7, 8, 0, 0, 0),
(13, 8, 0, 0, 2, 0, 9, 6, 0, 0, 0),
(14, 9, 0, 0, 2, 0, 10, 5, 0, 0, 0),
(15, 10, 0, 0, 2, 0, 9, 6, 0, 0, 0),
(16, 11, 0, 0, 0, 2, 7, 8, 0, 0, 0),
(17, 12, 0, 0, 0, 2, 7, 8, 0, 0, 0),
(18, 13, 0, 0, 2, 0, 10, 5, 0, 0, 0),
(19, 14, 0, 0, 0, 2, 7, 8, 0, 0, 0),
(20, 15, 0, 0, 0, 2, 7, 8, 0, 0, 0),
(21, 16, 0, 0, 0, 2, 6, 9, 0, 0, 0),
(22, 17, 0, 0, 2, 0, 11, 4, 0, 0, 0),
(23, 18, 0, 0, 2, 0, 8, 7, 0, 0, 0),
(24, 19, 0, 0, 0, 2, 6, 9, 0, 0, 0),
(25, 20, 0, 0, 0, 2, 2, 13, 0, 0, 0),
(26, 21, 0, 0, 0, 2, 1, 14, 0, 0, 0),
(27, 22, 0, 0, 2, 0, 10, 5, 0, 0, 0),
(28, 23, 0, 0, 2, 0, 8, 0, 0, 0, 0),
(29, 24, 0, 0, 2, 0, 9, 6, 0, 0, 0),
(30, 25, 0, 0, 2, 0, 13, 2, 0, 0, 0),
(31, 26, 0, 0, 2, 0, 12, 3, 0, 0, 0),
(32, 27, 0, 0, 2, 0, 12, 3, 0, 0, 0),
(33, 28, 0, 0, 2, 0, 9, 6, 0, 0, 0),
(34, 29, 0, 0, 0, 2, 6, 9, 0, 0, 0),
(35, 30, 0, 0, 0, 2, 4, 11, 0, 0, 0),
(36, 31, 0, 0, 0, 2, 4, 11, 0, 0, 0),
(37, 32, 0, 0, 2, 0, 14, 1, 0, 0, 0),
(38, 33, 0, 0, 2, 0, 8, 7, 0, 0, 0),
(39, 34, 0, 0, 2, 0, 8, 7, 0, 0, 0),
(40, 35, 0, 0, 2, 0, 8, 7, 0, 0, 0),
(41, 36, 0, 0, 0, 2, 4, 11, 0, 0, 0),
(42, 37, 0, 0, 0, 2, 6, 9, 0, 0, 0),
(43, 38, 0, 0, 2, 0, 9, 6, 0, 0, 0),
(44, 39, 0, 0, 2, 0, 8, 7, 0, 0, 0),
(45, 40, 0, 3, 0, 2, 7, 8, 1, 0, 0),
(46, 41, 0, 0, 0, 2, 6, 9, 0, 0, 0),
(47, 42, 0, 0, 2, 0, 10, 5, 0, 0, 0),
(48, 43, 0, 0, 2, 0, 9, 6, 0, 0, 0),
(49, 44, 0, 0, 2, 0, 13, 2, 0, 0, 0),
(50, 45, 0, 0, 0, 2, 4, 11, 0, 0, 0),
(51, 46, 0, 0, 2, 0, 10, 5, 0, 0, 0),
(52, 47, 0, 0, 2, 0, 10, 5, 0, 0, 0),
(53, 48, 0, 0, 0, 2, 6, 9, 0, 0, 0),
(54, 49, 0, 0, 0, 2, 3, 12, 0, 0, 0);

-- --------------------------------------------------------

--
-- Table structure for table `tblmatchheader`
--

DROP TABLE IF EXISTS `tblmatchheader`;
CREATE TABLE IF NOT EXISTS `tblmatchheader` (
  `MatchHeaderID` int(11) NOT NULL AUTO_INCREMENT,
  `MatchNo` int(11) NOT NULL,
  `WeekNo` int(11) DEFAULT NULL,
  `Division` int(11) DEFAULT NULL,
  `TeamHome` int(11) DEFAULT NULL,
  `TeamAway` int(11) DEFAULT NULL,
  `Locked` tinyint(1) DEFAULT '0',
  PRIMARY KEY (`MatchNo`),
  KEY `MatchHeaderID` (`MatchHeaderID`),
  KEY `MatchNo` (`MatchNo`)
) ENGINE=MyISAM AUTO_INCREMENT=55 DEFAULT CHARSET=utf8;

--
-- Dumping data for table `tblmatchheader`
--

INSERT INTO `tblmatchheader` (`MatchHeaderID`, `MatchNo`, `WeekNo`, `Division`, `TeamHome`, `TeamAway`, `Locked`) VALUES
(6, 1, 1, 1, 8, 3, 1),
(7, 2, 1, 1, 9, 7, 1),
(8, 3, 1, 1, 11, 12, 0),
(9, 4, 1, 2, 1, 2, 1),
(10, 5, 1, 2, 4, 6, 1),
(11, 6, 2, 1, 3, 11, 1),
(12, 7, 2, 1, 7, 8, 1),
(13, 8, 2, 2, 5, 1, 1),
(14, 9, 2, 2, 2, 4, 1),
(15, 10, 2, 1, 12, 9, 1),
(16, 11, 3, 2, 4, 5, 1),
(17, 12, 3, 1, 9, 3, 1),
(18, 13, 3, 1, 7, 12, 1),
(19, 14, 3, 2, 6, 2, 0),
(20, 15, 3, 1, 8, 11, 1),
(21, 16, 4, 1, 3, 7, 1),
(22, 17, 4, 1, 11, 9, 1),
(23, 18, 4, 1, 12, 8, 1),
(24, 19, 4, 2, 1, 4, 1),
(25, 20, 4, 2, 5, 6, 1),
(26, 21, 5, 2, 2, 5, 0),
(27, 22, 5, 1, 8, 9, 1),
(28, 23, 5, 1, 7, 11, 1),
(29, 24, 5, 1, 12, 3, 1),
(30, 25, 5, 2, 6, 1, 1),
(31, 26, 6, 1, 7, 9, 1),
(32, 27, 6, 2, 6, 4, 1),
(33, 28, 6, 2, 2, 1, 1),
(34, 29, 6, 1, 12, 11, 1),
(35, 30, 6, 1, 3, 8, 1),
(36, 31, 7, 2, 1, 5, 0),
(37, 32, 7, 1, 11, 3, 0),
(38, 33, 7, 1, 9, 12, 1),
(39, 34, 7, 2, 4, 2, 1),
(40, 35, 7, 1, 8, 7, 1),
(41, 36, 8, 2, 2, 6, 1),
(42, 37, 8, 1, 11, 8, 1),
(43, 38, 8, 1, 12, 7, 1),
(44, 39, 8, 2, 5, 4, 1),
(45, 40, 8, 1, 3, 9, 1),
(46, 41, 9, 1, 9, 11, 1),
(47, 42, 9, 2, 6, 5, 1),
(48, 43, 9, 1, 7, 3, 1),
(49, 44, 9, 1, 8, 12, 1),
(50, 45, 10, 2, 1, 6, 1),
(51, 46, 10, 1, 3, 12, 1),
(52, 47, 10, 1, 11, 7, 1),
(53, 48, 10, 2, 5, 2, 1),
(54, 49, 10, 1, 9, 8, 1);

-- --------------------------------------------------------

--
-- Table structure for table `tblplayerresult`
--

DROP TABLE IF EXISTS `tblplayerresult`;
CREATE TABLE IF NOT EXISTS `tblplayerresult` (
  `PlayerResultID` int(11) NOT NULL DEFAULT '1',
  `MatchNo` int(11) DEFAULT NULL,
  `FrameNo` int(11) DEFAULT NULL,
  `PlayerID` int(11) DEFAULT '0',
  `Played` int(11) DEFAULT NULL,
  `Result` tinyint(1) DEFAULT '0',
  `EightBall` tinyint(1) DEFAULT '0',
  `OppRating` int(11) DEFAULT '1000',
  `PlayerRating` int(11) DEFAULT NULL,
  `WeekNo` int(11) DEFAULT NULL,
  PRIMARY KEY (`PlayerResultID`),
  KEY `PlayerID` (`PlayerID`)
) ENGINE=MyISAM DEFAULT CHARSET=utf8;

--
-- Dumping data for table `tblplayerresult`
--

INSERT INTO `tblplayerresult` (`PlayerResultID`, `MatchNo`, `FrameNo`, `PlayerID`, `Played`, `Result`, `EightBall`, `OppRating`, `PlayerRating`, `WeekNo`) VALUES
(1, 1, 1, 38, 67, 0, 0, 1000, 750, 1),
(2, 1, 1, 67, 38, 1, 0, 1000, 1250, 1),
(3, 1, 2, 82, 22, 1, 0, 1000, 1250, 1),
(4, 1, 2, 22, 82, 0, 0, 1000, 750, 1),
(5, 1, 3, 62, 20, 0, 0, 1000, 750, 1),
(6, 1, 3, 20, 62, 1, 0, 1000, 1250, 1),
(7, 1, 4, 37, 19, 1, 0, 1000, 1250, 1),
(8, 1, 4, 19, 37, 0, 0, 1000, 750, 1),
(9, 1, 5, 83, 22, 1, 0, 1000, 1250, 1),
(10, 1, 5, 22, 83, 0, 0, 1000, 750, 1),
(11, 1, 6, 54, 71, 1, 0, 1000, 1250, 1),
(12, 1, 6, 71, 54, 0, 0, 1000, 750, 1),
(13, 1, 7, 82, 67, 1, 0, 1000, 1250, 1),
(14, 1, 7, 67, 82, 0, 0, 1000, 750, 1),
(15, 1, 8, 38, 22, 1, 0, 1000, 1250, 1),
(16, 1, 8, 22, 38, 0, 0, 1000, 750, 1),
(17, 1, 9, 62, 19, 0, 0, 1000, 750, 1),
(18, 1, 9, 19, 62, 1, 0, 1000, 1250, 1),
(19, 1, 10, 83, 20, 0, 0, 1000, 750, 1),
(20, 1, 10, 20, 83, 1, 0, 1000, 1250, 1),
(21, 1, 11, 37, 71, 1, 0, 1000, 1250, 1),
(22, 1, 11, 71, 37, 0, 0, 1000, 750, 1),
(23, 1, 12, 54, 67, 1, 0, 1000, 1250, 1),
(24, 1, 12, 67, 54, 0, 0, 1000, 750, 1),
(25, 1, 13, 82, 20, 1, 0, 1000, 1250, 1),
(26, 1, 13, 20, 82, 0, 0, 1000, 750, 1),
(27, 1, 14, 38, 19, 1, 1, 1000, 1350, 1),
(28, 1, 14, 19, 38, 0, 0, 1000, 750, 1),
(29, 1, 15, 83, 71, 1, 0, 1000, 1250, 1),
(30, 1, 15, 71, 83, 0, 0, 1000, 750, 1),
(31, 2, 1, 85, 42, 1, 0, 1000, 1250, 1),
(32, 2, 1, 42, 85, 0, 0, 1000, 750, 1),
(33, 2, 2, 86, 84, 0, 0, 1000, 750, 1),
(34, 2, 2, 84, 86, 1, 0, 1000, 1250, 1),
(35, 2, 3, 87, 40, 1, 0, 1000, 1250, 1),
(36, 2, 3, 40, 87, 0, 0, 1000, 750, 1),
(37, 2, 4, 78, 49, 1, 0, 1000, 1250, 1),
(38, 2, 4, 49, 78, 0, 0, 1000, 750, 1),
(39, 2, 5, 77, 52, 0, 0, 1000, 750, 1),
(40, 2, 5, 52, 77, 1, 0, 1000, 1250, 1),
(41, 2, 6, 86, 42, 0, 0, 1000, 750, 1),
(42, 2, 6, 42, 86, 1, 0, 1000, 1250, 1),
(43, 2, 7, 86, 40, 0, 0, 1000, 750, 1),
(44, 2, 7, 40, 86, 1, 0, 1000, 1250, 1),
(45, 2, 8, 85, 84, 0, 0, 1000, 750, 1),
(46, 2, 8, 84, 85, 1, 0, 1000, 1250, 1),
(47, 2, 9, 87, 49, 0, 0, 1000, 750, 1),
(48, 2, 9, 49, 87, 1, 0, 1000, 1250, 1),
(49, 2, 10, 78, 52, 0, 0, 1000, 750, 1),
(50, 2, 10, 52, 78, 1, 0, 1000, 1250, 1),
(51, 2, 11, 77, 84, 0, 0, 1000, 750, 1),
(52, 2, 11, 84, 77, 1, 0, 1000, 1250, 1),
(53, 2, 12, 85, 49, 1, 0, 1000, 1250, 1),
(54, 2, 12, 49, 85, 0, 0, 1000, 750, 1),
(55, 2, 13, 78, 42, 0, 0, 1000, 750, 1),
(56, 2, 13, 42, 78, 1, 0, 1000, 1250, 1),
(57, 2, 14, 77, 40, 0, 0, 1000, 750, 1),
(58, 2, 14, 40, 77, 1, 0, 1000, 1250, 1),
(59, 2, 15, 87, 52, 1, 0, 1000, 1250, 1),
(60, 2, 15, 52, 87, 0, 0, 1000, 750, 1),
(61, 3, 1, 43, 39, 0, 0, 1000, 750, 1),
(62, 3, 1, 39, 43, 1, 0, 1000, 1250, 1),
(63, 3, 2, 70, 73, 1, 0, 1000, 1250, 1),
(64, 3, 2, 73, 70, 0, 0, 1000, 750, 1),
(65, 3, 3, 58, 72, 1, 0, 1000, 1250, 1),
(66, 3, 3, 72, 58, 0, 0, 1000, 750, 1),
(67, 3, 4, 47, 69, 1, 0, 1000, 1250, 1),
(68, 3, 4, 69, 47, 0, 0, 1000, 750, 1),
(69, 3, 5, 45, 60, 1, 0, 1000, 1250, 1),
(70, 3, 5, 60, 45, 0, 0, 1000, 750, 1),
(71, 3, 6, 59, 69, 1, 0, 1000, 1250, 1),
(72, 3, 6, 69, 59, 0, 0, 1000, 750, 1),
(73, 3, 7, 43, 72, 0, 0, 1000, 750, 1),
(74, 3, 7, 72, 43, 1, 0, 1000, 1250, 1),
(75, 3, 8, 70, 39, 0, 0, 1000, 750, 1),
(76, 3, 8, 39, 70, 1, 0, 1000, 1250, 1),
(77, 3, 9, 58, 73, 1, 0, 1000, 1250, 1),
(78, 3, 9, 73, 58, 0, 0, 1000, 750, 1),
(79, 3, 10, 47, 60, 1, 0, 1000, 1250, 1),
(80, 3, 10, 60, 47, 0, 0, 1000, 750, 1),
(81, 3, 11, 45, 69, 1, 1, 1000, 1350, 1),
(82, 3, 11, 69, 45, 0, 0, 1000, 750, 1),
(83, 3, 12, 59, 39, 1, 0, 1000, 1250, 1),
(84, 3, 12, 39, 59, 0, 0, 1000, 750, 1),
(85, 3, 13, 44, 72, 0, 0, 1000, 750, 1),
(86, 3, 13, 72, 44, 1, 0, 1000, 1250, 1),
(87, 3, 14, 58, 60, 1, 0, 1000, 1250, 1),
(88, 3, 14, 60, 58, 0, 0, 1000, 750, 1),
(89, 3, 15, 44, 73, 1, 0, 1000, 1250, 1),
(90, 3, 15, 73, 44, 0, 0, 1000, 750, 1),
(91, 4, 1, 2, 6, 1, 0, 1000, 1250, 1),
(92, 4, 1, 6, 2, 0, 0, 1000, 750, 1),
(93, 4, 2, 55, 28, 1, 0, 1000, 1250, 1),
(94, 4, 2, 28, 55, 0, 0, 1000, 750, 1),
(95, 4, 3, 55, 9, 0, 0, 1000, 750, 1),
(96, 4, 3, 9, 55, 1, 0, 1000, 1250, 1),
(97, 4, 4, 63, 61, 0, 0, 1000, 750, 1),
(98, 4, 4, 61, 63, 1, 0, 1000, 1250, 1),
(99, 4, 5, 3, 8, 0, 0, 1000, 750, 1),
(100, 4, 5, 8, 3, 1, 0, 1000, 1250, 1),
(101, 4, 6, 4, 10, 1, 0, 1000, 1250, 1),
(102, 4, 6, 10, 4, 0, 0, 1000, 750, 1),
(103, 4, 7, 1, 6, 0, 0, 1000, 750, 1),
(104, 4, 7, 6, 1, 1, 0, 1000, 1250, 1),
(105, 4, 8, 2, 28, 0, 0, 1000, 750, 1),
(106, 4, 8, 28, 2, 1, 1, 1000, 1350, 1),
(107, 4, 9, 63, 6, 0, 0, 1000, 750, 1),
(108, 4, 9, 6, 63, 1, 0, 1000, 1250, 1),
(109, 4, 10, 3, 61, 0, 0, 1000, 750, 1),
(110, 4, 10, 61, 3, 1, 0, 1000, 1250, 1),
(111, 4, 11, 4, 8, 1, 0, 1000, 1250, 1),
(112, 4, 11, 8, 4, 0, 0, 1000, 750, 1),
(113, 4, 12, 1, 28, 0, 0, 1000, 750, 1),
(114, 4, 12, 28, 1, 1, 0, 1000, 1250, 1),
(115, 4, 13, 2, 9, 0, 0, 1000, 750, 1),
(116, 4, 13, 9, 2, 1, 0, 1000, 1250, 1),
(117, 4, 14, 4, 61, 1, 0, 1000, 1250, 1),
(118, 4, 14, 61, 4, 0, 0, 1000, 750, 1),
(119, 4, 15, 63, 10, 1, 0, 1000, 1250, 1),
(120, 4, 15, 10, 63, 0, 0, 1000, 750, 1),
(121, 5, 1, 15, 29, 0, 0, 1000, 750, 1),
(122, 5, 1, 29, 15, 1, 0, 1000, 1250, 1),
(123, 5, 2, 14, 11, 1, 0, 1000, 1250, 1),
(124, 5, 2, 11, 14, 0, 0, 1000, 750, 1),
(125, 5, 3, 16, 29, 1, 0, 1000, 1250, 1),
(126, 5, 3, 29, 16, 0, 0, 1000, 750, 1),
(127, 5, 4, 16, 31, 1, 0, 1000, 1250, 1),
(128, 5, 4, 31, 16, 0, 0, 1000, 750, 1),
(129, 5, 5, 17, 29, 0, 0, 1000, 750, 1),
(130, 5, 5, 29, 17, 1, 0, 1000, 1250, 1),
(131, 5, 6, 16, 12, 1, 0, 1000, 1250, 1),
(132, 5, 6, 12, 16, 0, 0, 1000, 750, 1),
(133, 5, 7, 15, 11, 0, 0, 1000, 750, 1),
(134, 5, 7, 11, 15, 1, 0, 1000, 1250, 1),
(135, 5, 8, 14, 31, 0, 0, 1000, 750, 1),
(136, 5, 8, 31, 14, 1, 0, 1000, 1250, 1),
(137, 5, 9, 17, 12, 0, 0, 1000, 750, 1),
(138, 5, 9, 12, 17, 1, 0, 1000, 1250, 1),
(139, 5, 10, 15, 12, 0, 0, 1000, 750, 1),
(140, 5, 10, 12, 15, 1, 0, 1000, 1250, 1),
(141, 5, 11, 14, 33, 0, 0, 1000, 750, 1),
(142, 5, 11, 33, 14, 1, 0, 1000, 1250, 1),
(143, 5, 12, 17, 33, 0, 0, 1000, 750, 1),
(144, 5, 12, 33, 17, 1, 0, 1000, 1250, 1),
(145, 5, 13, 0, 0, 0, 0, 1000, 750, 1),
(146, 5, 13, 0, 0, 1, 0, 1000, 1250, 1),
(147, 5, 14, 0, 0, 0, 0, 1000, 750, 1),
(148, 5, 14, 0, 0, 1, 0, 1000, 1250, 1),
(149, 5, 15, 0, 0, 0, 0, 1000, 750, 1),
(150, 5, 15, 0, 0, 1, 0, 1000, 1250, 1),
(151, 6, 1, 19, 44, 1, 0, 1021, 1276, 2),
(152, 6, 1, 44, 19, 0, 0, 934, 700, 2),
(153, 6, 2, 22, 45, 0, 0, 1324, 993, 2),
(154, 6, 2, 45, 22, 1, 0, 764, 955, 2),
(155, 6, 3, 20, 47, 0, 0, 1273, 955, 2),
(156, 6, 3, 47, 20, 1, 0, 1100, 1375, 2),
(157, 6, 4, 21, 58, 0, 0, 1273, 955, 2),
(158, 6, 4, 58, 21, 1, 0, 1000, 1250, 2),
(159, 6, 5, 71, 43, 0, 0, 764, 573, 2),
(160, 6, 5, 43, 71, 1, 0, 764, 955, 2),
(161, 6, 6, 19, 59, 1, 0, 1273, 1591, 2),
(162, 6, 6, 59, 19, 0, 0, 934, 700, 2),
(163, 6, 7, 22, 58, 0, 0, 1273, 955, 2),
(164, 6, 7, 58, 22, 1, 0, 764, 955, 2),
(165, 6, 8, 20, 45, 0, 0, 1324, 993, 2),
(166, 6, 8, 45, 20, 1, 0, 1100, 1375, 2),
(167, 6, 9, 21, 43, 0, 0, 764, 573, 2),
(168, 6, 9, 43, 21, 1, 0, 1000, 1250, 2),
(169, 6, 10, 71, 47, 0, 0, 1273, 955, 2),
(170, 6, 10, 47, 71, 1, 0, 764, 955, 2),
(171, 6, 11, 19, 58, 0, 0, 1273, 955, 2),
(172, 6, 11, 58, 19, 1, 0, 934, 1168, 2),
(173, 6, 12, 20, 43, 0, 0, 764, 573, 2),
(174, 6, 12, 43, 20, 1, 0, 1100, 1375, 2),
(175, 6, 13, 21, 59, 0, 0, 1273, 955, 2),
(176, 6, 13, 59, 21, 1, 0, 1000, 1250, 2),
(177, 6, 14, 71, 45, 0, 0, 1324, 993, 2),
(178, 6, 14, 45, 71, 1, 0, 764, 955, 2),
(179, 6, 15, 22, 47, 1, 0, 1273, 1591, 2),
(180, 6, 15, 47, 22, 0, 0, 764, 573, 2),
(181, 7, 1, 49, 38, 0, 0, 1141, 856, 2),
(182, 7, 1, 38, 49, 1, 0, 934, 1168, 2),
(183, 7, 2, 40, 88, 1, 0, 1000, 1250, 2),
(184, 7, 2, 88, 40, 0, 0, 1106, 830, 2),
(185, 7, 3, 51, 83, 1, 0, 1103, 1379, 2),
(186, 7, 3, 83, 51, 0, 0, 1000, 750, 2),
(187, 7, 4, 42, 37, 1, 0, 1273, 1591, 2),
(188, 7, 4, 37, 42, 0, 0, 1106, 830, 2),
(189, 7, 5, 52, 54, 1, 0, 1273, 1591, 2),
(190, 7, 5, 54, 52, 0, 0, 1100, 825, 2),
(191, 7, 6, 49, 88, 0, 0, 1000, 750, 2),
(192, 7, 6, 88, 49, 1, 0, 934, 1168, 2),
(193, 7, 7, 40, 83, 0, 0, 1103, 827, 2),
(194, 7, 7, 83, 40, 1, 0, 1106, 1382, 2),
(195, 7, 8, 51, 38, 0, 0, 1141, 856, 2),
(196, 7, 8, 38, 51, 1, 0, 1000, 1250, 2),
(197, 7, 9, 42, 54, 1, 0, 1273, 1591, 2),
(198, 7, 9, 54, 42, 0, 0, 1106, 830, 2),
(199, 7, 10, 52, 37, 1, 0, 1273, 1591, 2),
(200, 7, 10, 37, 52, 0, 0, 1100, 825, 2),
(201, 7, 11, 49, 54, 0, 0, 1273, 955, 2),
(202, 7, 11, 54, 49, 1, 0, 934, 1168, 2),
(203, 7, 12, 52, 38, 1, 0, 1141, 1426, 2),
(204, 7, 12, 38, 52, 0, 0, 1100, 825, 2),
(205, 7, 13, 40, 37, 0, 0, 1273, 955, 2),
(206, 7, 13, 37, 40, 1, 0, 1106, 1382, 2),
(207, 7, 14, 51, 88, 0, 0, 1000, 750, 2),
(208, 7, 14, 88, 51, 1, 0, 1000, 1250, 2),
(209, 7, 15, 42, 83, 0, 0, 1103, 827, 2),
(210, 7, 15, 83, 42, 1, 0, 1106, 1382, 2),
(211, 8, 1, 89, 2, 0, 0, 931, 698, 2),
(212, 8, 1, 2, 89, 1, 0, 1000, 1250, 2),
(213, 8, 2, 65, 55, 1, 0, 1016, 1270, 2),
(214, 8, 2, 55, 65, 0, 0, 1000, 750, 2),
(215, 8, 3, 23, 1, 1, 0, 764, 955, 2),
(216, 8, 3, 1, 23, 0, 0, 1000, 750, 2),
(217, 8, 4, 24, 4, 0, 0, 1273, 955, 2),
(218, 8, 4, 4, 24, 1, 0, 1000, 1250, 2),
(219, 8, 5, 25, 3, 0, 0, 764, 573, 2),
(220, 8, 5, 3, 25, 1, 0, 1000, 1250, 2),
(221, 8, 6, 89, 55, 1, 0, 1016, 1270, 2),
(222, 8, 6, 55, 89, 0, 0, 1000, 750, 2),
(223, 8, 7, 65, 63, 1, 0, 937, 1171, 2),
(224, 8, 7, 63, 65, 0, 0, 1000, 750, 2),
(225, 8, 8, 23, 2, 1, 0, 931, 1164, 2),
(226, 8, 8, 2, 23, 0, 0, 1000, 750, 2),
(227, 8, 9, 24, 3, 0, 0, 764, 573, 2),
(228, 8, 9, 3, 24, 1, 0, 1000, 1250, 2),
(229, 8, 10, 25, 4, 1, 0, 1273, 1591, 2),
(230, 8, 10, 4, 25, 0, 0, 1000, 750, 2),
(231, 8, 11, 89, 63, 1, 0, 937, 1171, 2),
(232, 8, 11, 63, 89, 0, 0, 1000, 750, 2),
(233, 8, 12, 65, 3, 1, 0, 764, 955, 2),
(234, 8, 12, 3, 65, 0, 0, 1000, 750, 2),
(235, 8, 13, 23, 55, 1, 0, 1016, 1270, 2),
(236, 8, 13, 55, 23, 0, 0, 1000, 750, 2),
(237, 8, 14, 24, 4, 0, 0, 1273, 955, 2),
(238, 8, 14, 4, 24, 1, 0, 1000, 1250, 2),
(239, 8, 15, 25, 1, 0, 0, 764, 573, 2),
(240, 8, 15, 1, 25, 1, 0, 1000, 1250, 2),
(241, 9, 1, 8, 27, 1, 0, 1000, 1250, 2),
(242, 9, 1, 27, 8, 0, 0, 1016, 762, 2),
(243, 9, 2, 6, 32, 1, 0, 1000, 1250, 2),
(244, 9, 2, 32, 6, 0, 0, 1106, 830, 2),
(245, 9, 3, 7, 14, 1, 0, 931, 1164, 2),
(246, 9, 3, 14, 7, 0, 0, 1000, 750, 2),
(247, 9, 4, 9, 15, 1, 0, 764, 955, 2),
(248, 9, 4, 15, 9, 0, 0, 1273, 955, 2),
(249, 9, 5, 10, 17, 0, 0, 764, 573, 2),
(250, 9, 5, 17, 10, 1, 0, 764, 955, 2),
(251, 9, 6, 61, 16, 1, 0, 1273, 1591, 2),
(252, 9, 6, 16, 61, 0, 0, 1100, 825, 2),
(253, 9, 7, 28, 27, 1, 0, 1000, 1250, 2),
(254, 9, 7, 27, 28, 0, 0, 1140, 855, 2),
(255, 9, 8, 8, 32, 0, 0, 1000, 750, 2),
(256, 9, 8, 32, 8, 1, 0, 1016, 1270, 2),
(257, 9, 9, 6, 14, 1, 0, 931, 1164, 2),
(258, 9, 9, 14, 6, 0, 0, 1106, 830, 2),
(259, 9, 10, 7, 17, 0, 0, 764, 573, 2),
(260, 9, 10, 17, 7, 1, 0, 1000, 1250, 2),
(261, 9, 11, 9, 16, 0, 0, 1273, 955, 2),
(262, 9, 11, 16, 9, 1, 0, 1273, 1591, 2),
(263, 9, 12, 10, 15, 0, 0, 764, 573, 2),
(264, 9, 12, 15, 10, 1, 0, 764, 955, 2),
(265, 9, 13, 61, 27, 1, 0, 1000, 1250, 2),
(266, 9, 13, 27, 61, 0, 0, 1100, 825, 2),
(267, 9, 14, 6, 17, 1, 0, 764, 955, 2),
(268, 9, 14, 17, 6, 0, 0, 1106, 830, 2),
(269, 9, 15, 8, 15, 1, 0, 764, 955, 2),
(270, 9, 15, 15, 8, 0, 0, 1016, 762, 2),
(271, 10, 1, 46, 78, 1, 0, 931, 1164, 2),
(272, 10, 1, 78, 46, 0, 0, 1000, 750, 2),
(273, 10, 2, 69, 90, 1, 0, 1000, 1250, 2),
(274, 10, 2, 90, 69, 0, 0, 764, 573, 2),
(275, 10, 3, 72, 87, 0, 0, 1103, 827, 2),
(276, 10, 3, 87, 72, 1, 0, 1106, 1382, 2),
(277, 10, 4, 39, 86, 1, 0, 764, 955, 2),
(278, 10, 4, 86, 39, 0, 0, 1100, 825, 2),
(279, 10, 5, 60, 85, 0, 0, 1103, 827, 2),
(280, 10, 5, 85, 60, 1, 0, 764, 955, 2),
(281, 10, 6, 69, 81, 1, 0, 1000, 1250, 2),
(282, 10, 6, 81, 69, 0, 0, 764, 573, 2),
(283, 10, 7, 72, 77, 1, 0, 764, 955, 2),
(284, 10, 7, 77, 72, 0, 0, 1106, 830, 2),
(285, 10, 8, 60, 90, 0, 0, 1000, 750, 2),
(286, 10, 8, 90, 60, 1, 0, 764, 955, 2),
(287, 10, 9, 69, 78, 0, 0, 931, 698, 2),
(288, 10, 9, 78, 69, 1, 0, 764, 955, 2),
(289, 10, 10, 39, 87, 1, 0, 1103, 1379, 2),
(290, 10, 10, 87, 39, 0, 0, 1100, 825, 2),
(291, 10, 11, 46, 86, 0, 0, 764, 573, 2),
(292, 10, 11, 86, 46, 1, 0, 1000, 1250, 2),
(293, 10, 12, 72, 78, 1, 0, 931, 1164, 2),
(294, 10, 12, 78, 72, 0, 0, 1106, 830, 2),
(295, 10, 13, 39, 81, 1, 0, 1000, 1250, 2),
(296, 10, 13, 81, 39, 0, 0, 1100, 825, 2),
(297, 10, 14, 60, 77, 1, 0, 764, 955, 2),
(298, 10, 14, 77, 60, 0, 0, 764, 573, 2),
(299, 10, 15, 73, 85, 0, 0, 1103, 827, 2),
(300, 10, 15, 85, 73, 1, 0, 764, 955, 2),
(301, 11, 1, 16, 89, 0, 0, 1069, 802, 3),
(302, 11, 1, 89, 16, 1, 0, 1315, 1644, 3),
(303, 11, 2, 14, 65, 1, 0, 1151, 1439, 3),
(304, 11, 2, 65, 14, 0, 0, 929, 697, 3),
(305, 11, 3, 15, 23, 1, 0, 1153, 1441, 3),
(306, 11, 3, 23, 15, 0, 0, 866, 650, 3),
(307, 11, 4, 17, 24, 0, 0, 843, 632, 3),
(308, 11, 4, 24, 17, 1, 0, 961, 1201, 3),
(309, 11, 5, 27, 25, 0, 0, 929, 697, 3),
(310, 11, 5, 25, 27, 1, 0, 829, 1036, 3),
(311, 11, 6, 16, 66, 1, 0, 1000, 1250, 3),
(312, 11, 6, 66, 16, 0, 0, 1315, 986, 3),
(313, 11, 7, 14, 23, 1, 0, 1153, 1441, 3),
(314, 11, 7, 23, 14, 0, 0, 929, 697, 3),
(315, 11, 8, 15, 89, 0, 0, 1069, 802, 3),
(316, 11, 8, 89, 15, 1, 0, 866, 1082, 3),
(317, 11, 9, 17, 65, 0, 0, 1151, 863, 3),
(318, 11, 9, 65, 17, 1, 0, 961, 1201, 3),
(319, 11, 10, 27, 24, 0, 0, 843, 632, 3),
(320, 11, 10, 24, 27, 1, 0, 829, 1036, 3),
(321, 11, 11, 14, 66, 0, 0, 1000, 750, 3),
(322, 11, 11, 66, 14, 1, 0, 929, 1161, 3),
(323, 11, 12, 16, 25, 0, 0, 929, 697, 3),
(324, 11, 12, 25, 16, 1, 0, 1315, 1644, 3),
(325, 11, 13, 15, 24, 1, 0, 843, 1054, 3),
(326, 11, 13, 24, 15, 0, 0, 866, 650, 3),
(327, 11, 14, 17, 25, 1, 0, 929, 1161, 3),
(328, 11, 14, 25, 17, 0, 0, 961, 721, 3),
(329, 11, 15, 27, 89, 1, 0, 1069, 1336, 3),
(330, 11, 15, 89, 27, 0, 0, 829, 622, 3),
(331, 12, 1, 78, 67, 0, 0, 1130, 848, 3),
(332, 12, 1, 67, 78, 1, 0, 908, 1135, 3),
(333, 12, 2, 81, 20, 0, 0, 982, 736, 3),
(334, 12, 2, 20, 81, 1, 0, 713, 891, 3),
(335, 12, 3, 86, 22, 1, 0, 1055, 1319, 3),
(336, 12, 3, 22, 86, 0, 0, 958, 718, 3),
(337, 12, 4, 87, 19, 0, 0, 1123, 842, 3),
(338, 12, 4, 19, 87, 1, 0, 1153, 1441, 3),
(339, 12, 5, 85, 56, 1, 0, 1000, 1250, 3),
(340, 12, 5, 56, 85, 0, 0, 1100, 825, 3),
(341, 12, 6, 77, 91, 1, 0, 1000, 1250, 3),
(342, 12, 6, 91, 77, 0, 0, 815, 611, 3),
(343, 12, 7, 78, 20, 0, 0, 982, 736, 3),
(344, 12, 7, 20, 78, 1, 0, 908, 1135, 3),
(345, 12, 8, 81, 67, 0, 0, 1130, 848, 3),
(346, 12, 8, 67, 81, 1, 0, 713, 891, 3),
(347, 12, 9, 86, 19, 1, 0, 1123, 1404, 3),
(348, 12, 9, 19, 86, 0, 0, 958, 718, 3),
(349, 12, 10, 87, 22, 0, 0, 1055, 791, 3),
(350, 12, 10, 22, 87, 1, 0, 1153, 1441, 3),
(351, 12, 11, 85, 67, 1, 0, 1130, 1412, 3),
(352, 12, 11, 67, 85, 0, 0, 1100, 825, 3),
(353, 12, 12, 77, 20, 0, 0, 982, 736, 3),
(354, 12, 12, 20, 77, 1, 0, 815, 1019, 3),
(355, 12, 13, 86, 56, 0, 0, 1000, 750, 3),
(356, 12, 13, 56, 86, 1, 0, 958, 1198, 3),
(357, 12, 14, 78, 22, 1, 0, 1055, 1319, 3),
(358, 12, 14, 22, 78, 0, 0, 908, 681, 3),
(359, 12, 15, 87, 91, 1, 0, 1000, 1250, 3),
(360, 12, 15, 91, 87, 0, 0, 1153, 865, 3),
(361, 13, 1, 49, 72, 0, 0, 1042, 782, 3),
(362, 13, 1, 72, 49, 1, 0, 927, 1159, 3),
(363, 13, 2, 51, 72, 1, 0, 1042, 1302, 3),
(364, 13, 2, 72, 51, 0, 0, 1010, 758, 3),
(365, 13, 3, 42, 72, 0, 0, 1042, 782, 3),
(366, 13, 3, 72, 42, 1, 0, 1185, 1481, 3),
(367, 13, 4, 41, 46, 1, 0, 882, 1102, 3),
(368, 13, 4, 46, 41, 0, 0, 1000, 750, 3),
(369, 13, 5, 52, 69, 0, 0, 1036, 777, 3),
(370, 13, 5, 69, 52, 1, 0, 1290, 1612, 3),
(371, 13, 6, 49, 46, 1, 0, 882, 1102, 3),
(372, 13, 6, 46, 49, 0, 0, 927, 695, 3),
(373, 13, 7, 51, 39, 1, 0, 1152, 1440, 3),
(374, 13, 7, 39, 51, 0, 0, 1010, 758, 3),
(375, 13, 8, 42, 46, 1, 0, 882, 1102, 3),
(376, 13, 8, 46, 42, 0, 0, 1185, 889, 3),
(377, 13, 9, 41, 69, 1, 0, 1036, 1295, 3),
(378, 13, 9, 69, 41, 0, 0, 1000, 750, 3),
(379, 13, 10, 52, 39, 0, 0, 1152, 864, 3),
(380, 13, 10, 39, 52, 1, 0, 1290, 1612, 3),
(381, 13, 11, 49, 69, 0, 0, 1036, 777, 3),
(382, 13, 11, 69, 49, 1, 0, 927, 1159, 3),
(383, 13, 12, 52, 60, 1, 0, 922, 1152, 3),
(384, 13, 12, 60, 52, 0, 0, 1290, 968, 3),
(385, 13, 13, 41, 39, 1, 0, 1152, 1440, 3),
(386, 13, 13, 39, 41, 0, 0, 1000, 750, 3),
(387, 13, 14, 51, 60, 1, 0, 922, 1152, 3),
(388, 13, 14, 60, 51, 0, 0, 1010, 758, 3),
(389, 13, 15, 42, 73, 1, 0, 843, 1054, 3),
(390, 13, 15, 73, 42, 0, 0, 1185, 889, 3),
(391, 14, 1, 31, 6, 0, 0, 1055, 791, 3),
(392, 14, 1, 6, 31, 1, 0, 1080, 1350, 3),
(393, 14, 2, 11, 75, 0, 0, 1000, 750, 3),
(394, 14, 2, 75, 11, 1, 0, 843, 1054, 3),
(395, 14, 3, 13, 75, 0, 0, 1000, 750, 3),
(396, 14, 3, 75, 13, 1, 0, 1000, 1250, 3),
(397, 14, 4, 29, 7, 1, 0, 882, 1102, 3),
(398, 14, 4, 7, 29, 0, 0, 973, 730, 3),
(399, 14, 5, 12, 61, 1, 0, 1210, 1512, 3),
(400, 14, 5, 61, 12, 0, 0, 973, 730, 3),
(401, 14, 6, 30, 9, 1, 0, 1104, 1380, 3),
(402, 14, 6, 9, 30, 0, 0, 1000, 750, 3),
(403, 14, 7, 31, 10, 1, 1, 711, 960, 3),
(404, 14, 7, 10, 31, 0, 0, 1080, 810, 3),
(405, 14, 8, 11, 8, 1, 0, 991, 1239, 3),
(406, 14, 8, 8, 11, 0, 0, 843, 632, 3),
(407, 14, 9, 13, 6, 0, 0, 1055, 791, 3),
(408, 14, 9, 6, 13, 1, 0, 1000, 1250, 3),
(409, 14, 10, 29, 61, 1, 0, 1210, 1512, 3),
(410, 14, 10, 61, 29, 0, 0, 973, 730, 3),
(411, 14, 11, 12, 9, 0, 0, 1104, 828, 3),
(412, 14, 11, 9, 12, 1, 0, 973, 1216, 3),
(413, 14, 12, 30, 6, 0, 0, 1055, 791, 3),
(414, 14, 12, 6, 30, 1, 0, 1000, 1250, 3),
(415, 14, 13, 29, 10, 0, 0, 711, 533, 3),
(416, 14, 13, 10, 29, 1, 0, 973, 1216, 3),
(417, 14, 14, 31, 7, 1, 0, 882, 1102, 3),
(418, 14, 14, 7, 31, 0, 0, 1080, 810, 3),
(419, 14, 15, 30, 8, 0, 0, 991, 743, 3),
(420, 14, 15, 8, 30, 1, 0, 1000, 1250, 3),
(421, 15, 1, 38, 43, 1, 0, 1072, 1340, 3),
(422, 15, 1, 43, 38, 0, 0, 1048, 786, 3),
(423, 15, 2, 83, 58, 0, 0, 1131, 848, 3),
(424, 15, 2, 58, 83, 1, 0, 1067, 1334, 3),
(425, 15, 3, 48, 47, 0, 0, 978, 734, 3),
(426, 15, 3, 47, 48, 1, 0, 1000, 1250, 3),
(427, 15, 4, 37, 44, 1, 0, 843, 1054, 3),
(428, 15, 4, 44, 37, 0, 0, 1053, 790, 3),
(429, 15, 5, 88, 45, 0, 0, 1075, 806, 3),
(430, 15, 5, 45, 88, 1, 0, 1105, 1381, 3),
(431, 15, 6, 54, 59, 1, 0, 1090, 1362, 3),
(432, 15, 6, 59, 54, 0, 0, 1007, 755, 3),
(433, 15, 7, 38, 58, 0, 0, 1131, 848, 3),
(434, 15, 7, 58, 38, 1, 0, 1048, 1310, 3),
(435, 15, 8, 83, 47, 0, 0, 978, 734, 3),
(436, 15, 8, 47, 83, 1, 0, 1067, 1334, 3),
(437, 15, 9, 48, 45, 1, 0, 1075, 1344, 3),
(438, 15, 9, 45, 48, 0, 0, 1000, 750, 3),
(439, 15, 10, 88, 59, 0, 0, 1090, 818, 3),
(440, 15, 10, 59, 88, 1, 0, 1105, 1381, 3),
(441, 15, 11, 37, 43, 1, 0, 1072, 1340, 3),
(442, 15, 11, 43, 37, 0, 0, 1053, 790, 3),
(443, 15, 12, 38, 47, 1, 0, 978, 1222, 3),
(444, 15, 12, 47, 38, 0, 0, 1048, 786, 3),
(445, 15, 13, 54, 45, 0, 0, 1075, 806, 3),
(446, 15, 13, 45, 54, 1, 0, 1007, 1259, 3),
(447, 15, 14, 48, 59, 0, 0, 1090, 818, 3),
(448, 15, 14, 59, 48, 1, 0, 1000, 1250, 3),
(449, 15, 15, 88, 58, 1, 0, 1131, 1414, 3),
(450, 15, 15, 58, 88, 0, 0, 1105, 829, 3),
(451, 16, 1, 19, 84, 0, 0, 1218, 914, 4),
(452, 16, 1, 84, 19, 1, 0, 1018, 1272, 4),
(453, 16, 2, 22, 41, 0, 0, 1305, 979, 4),
(454, 16, 2, 41, 22, 1, 0, 931, 1164, 4),
(455, 16, 3, 20, 51, 1, 0, 1165, 1456, 4),
(456, 16, 3, 51, 20, 0, 0, 972, 729, 4),
(457, 16, 4, 67, 42, 1, 0, 1072, 1340, 4),
(458, 16, 4, 42, 67, 0, 0, 983, 737, 4),
(459, 16, 5, 21, 40, 1, 0, 1026, 1282, 4),
(460, 16, 5, 40, 21, 0, 0, 838, 628, 4),
(461, 16, 6, 71, 84, 0, 0, 1218, 914, 4),
(462, 16, 6, 84, 71, 1, 0, 797, 996, 4),
(463, 16, 7, 19, 41, 0, 0, 1305, 979, 4),
(464, 16, 7, 41, 19, 1, 0, 1018, 1272, 4),
(465, 16, 8, 22, 51, 0, 0, 1165, 874, 4),
(466, 16, 8, 51, 22, 1, 0, 931, 1164, 4),
(467, 16, 9, 20, 42, 0, 0, 1072, 804, 4),
(468, 16, 9, 42, 20, 1, 0, 972, 1215, 4),
(469, 16, 10, 67, 40, 1, 0, 1026, 1282, 4),
(470, 16, 10, 40, 67, 0, 0, 983, 737, 4),
(471, 16, 11, 21, 51, 1, 0, 1165, 1456, 4),
(472, 16, 11, 51, 21, 0, 0, 838, 628, 4),
(473, 16, 12, 71, 42, 0, 0, 1072, 804, 4),
(474, 16, 12, 42, 71, 1, 0, 797, 996, 4),
(475, 16, 13, 22, 84, 0, 0, 1218, 914, 4),
(476, 16, 13, 84, 22, 1, 0, 931, 1164, 4),
(477, 16, 14, 20, 40, 0, 0, 1026, 770, 4),
(478, 16, 14, 40, 20, 1, 0, 972, 1215, 4),
(479, 16, 15, 67, 41, 1, 0, 1305, 1631, 4),
(480, 16, 15, 41, 67, 0, 0, 983, 737, 4),
(481, 17, 1, 43, 78, 1, 0, 981, 1226, 4),
(482, 17, 1, 78, 43, 0, 0, 964, 723, 4),
(483, 17, 2, 47, 87, 0, 0, 1091, 818, 4),
(484, 17, 2, 87, 47, 1, 0, 1137, 1421, 4),
(485, 17, 3, 44, 81, 1, 0, 822, 1028, 4),
(486, 17, 3, 81, 44, 0, 0, 883, 662, 4),
(487, 17, 4, 58, 85, 1, 0, 1217, 1521, 4),
(488, 17, 4, 85, 58, 0, 0, 1218, 914, 4),
(489, 17, 5, 59, 77, 1, 0, 874, 1092, 4),
(490, 17, 5, 77, 59, 0, 0, 1166, 874, 4),
(491, 17, 6, 45, 87, 1, 0, 1091, 1364, 4),
(492, 17, 6, 87, 45, 0, 0, 1221, 916, 4),
(493, 17, 7, 43, 81, 0, 0, 822, 616, 4),
(494, 17, 7, 81, 43, 1, 0, 964, 1205, 4),
(495, 17, 8, 47, 90, 0, 0, 984, 738, 4),
(496, 17, 8, 90, 47, 1, 0, 1137, 1421, 4),
(497, 17, 9, 44, 85, 1, 0, 1217, 1521, 4),
(498, 17, 9, 85, 44, 0, 0, 883, 662, 4),
(499, 17, 10, 58, 78, 1, 0, 981, 1226, 4),
(500, 17, 10, 78, 58, 0, 0, 1218, 914, 4),
(501, 17, 11, 59, 90, 0, 0, 984, 738, 4),
(502, 17, 11, 90, 59, 1, 0, 1166, 1458, 4),
(503, 17, 12, 45, 90, 1, 0, 984, 1230, 4),
(504, 17, 12, 90, 45, 0, 0, 1221, 916, 4),
(505, 17, 13, 44, 87, 1, 0, 1091, 1364, 4),
(506, 17, 13, 87, 44, 0, 0, 883, 662, 4),
(507, 17, 14, 59, 81, 1, 0, 822, 1028, 4),
(508, 17, 14, 81, 59, 0, 0, 1166, 874, 4),
(509, 17, 15, 45, 77, 1, 0, 874, 1092, 4),
(510, 17, 15, 77, 45, 0, 0, 1221, 916, 4),
(511, 18, 1, 72, 38, 1, 0, 1187, 1484, 4),
(512, 18, 1, 38, 72, 0, 0, 1097, 823, 4),
(513, 18, 2, 72, 88, 0, 0, 1055, 791, 4),
(514, 18, 2, 88, 72, 1, 0, 1097, 1371, 4),
(515, 18, 3, 72, 37, 1, 0, 1164, 1455, 4),
(516, 18, 3, 37, 72, 0, 0, 1097, 823, 4),
(517, 18, 4, 46, 48, 0, 0, 984, 738, 4),
(518, 18, 4, 48, 46, 1, 0, 851, 1064, 4),
(519, 18, 5, 39, 54, 1, 0, 1121, 1401, 4),
(520, 18, 5, 54, 39, 0, 0, 1123, 842, 4),
(521, 18, 6, 60, 38, 1, 0, 1187, 1484, 4),
(522, 18, 6, 38, 60, 0, 0, 835, 626, 4),
(523, 18, 7, 46, 88, 0, 0, 1055, 791, 4),
(524, 18, 7, 88, 46, 1, 0, 851, 1064, 4),
(525, 18, 8, 39, 48, 1, 0, 984, 1230, 4),
(526, 18, 8, 48, 39, 0, 0, 1123, 842, 4),
(527, 18, 9, 60, 37, 0, 0, 1164, 873, 4),
(528, 18, 9, 37, 60, 1, 0, 835, 1044, 4),
(529, 18, 10, 46, 54, 1, 0, 1121, 1401, 4),
(530, 18, 10, 54, 46, 0, 0, 851, 638, 4),
(531, 18, 11, 60, 54, 0, 0, 1121, 841, 4),
(532, 18, 11, 54, 60, 1, 0, 835, 1044, 4),
(533, 18, 12, 39, 88, 1, 0, 1055, 1319, 4),
(534, 18, 12, 88, 39, 0, 0, 1123, 842, 4),
(535, 18, 13, 73, 37, 0, 0, 1164, 873, 4),
(536, 18, 13, 37, 73, 1, 0, 791, 989, 4),
(537, 18, 14, 68, 38, 0, 0, 1187, 890, 4),
(538, 18, 14, 38, 68, 1, 0, 1000, 1250, 4),
(539, 18, 15, 73, 48, 1, 0, 984, 1230, 4),
(540, 18, 15, 48, 73, 0, 0, 791, 593, 4),
(541, 19, 1, 55, 32, 1, 0, 1036, 1295, 4),
(542, 19, 1, 32, 55, 0, 0, 955, 716, 4),
(543, 19, 2, 55, 14, 0, 0, 992, 744, 4),
(544, 19, 2, 14, 55, 1, 0, 955, 1194, 4),
(545, 19, 3, 55, 15, 0, 0, 896, 672, 4),
(546, 19, 3, 15, 55, 1, 0, 955, 1194, 4),
(547, 19, 4, 2, 17, 0, 0, 877, 658, 4),
(548, 19, 4, 17, 2, 1, 0, 1049, 1311, 4),
(549, 19, 5, 4, 27, 0, 0, 874, 656, 4),
(550, 19, 5, 27, 4, 1, 0, 1093, 1366, 4),
(551, 19, 6, 63, 32, 0, 0, 1036, 777, 4),
(552, 19, 6, 32, 63, 1, 0, 866, 1082, 4),
(553, 19, 7, 1, 14, 1, 0, 992, 1240, 4),
(554, 19, 7, 14, 1, 0, 0, 926, 694, 4),
(555, 19, 8, 2, 15, 1, 0, 896, 1120, 4),
(556, 19, 8, 15, 2, 0, 0, 1049, 787, 4),
(557, 19, 9, 4, 17, 0, 0, 877, 658, 4),
(558, 19, 9, 17, 4, 1, 0, 1093, 1366, 4),
(559, 19, 10, 63, 27, 0, 0, 874, 656, 4),
(560, 19, 10, 27, 63, 1, 0, 866, 1082, 4),
(561, 19, 11, 1, 32, 0, 0, 1036, 777, 4),
(562, 19, 11, 32, 1, 1, 0, 926, 1158, 4),
(563, 19, 12, 2, 14, 0, 0, 992, 744, 4),
(564, 19, 12, 14, 2, 1, 0, 1049, 1311, 4),
(565, 19, 13, 4, 15, 1, 0, 896, 1120, 4),
(566, 19, 13, 15, 4, 0, 0, 1093, 820, 4),
(567, 19, 14, 63, 17, 1, 0, 877, 1096, 4),
(568, 19, 14, 17, 63, 0, 0, 866, 650, 4),
(569, 19, 15, 1, 27, 1, 0, 874, 1092, 4),
(570, 19, 15, 27, 1, 0, 0, 926, 694, 4),
(571, 20, 1, 89, 13, 0, 0, 785, 589, 4),
(572, 20, 1, 13, 89, 1, 0, 1079, 1349, 4),
(573, 20, 2, 65, 11, 1, 0, 963, 1204, 4),
(574, 20, 2, 11, 65, 0, 0, 1089, 817, 4),
(575, 20, 3, 23, 12, 0, 0, 1143, 857, 4),
(576, 20, 3, 12, 23, 1, 0, 1016, 1270, 4),
(577, 20, 4, 66, 30, 0, 0, 985, 739, 4),
(578, 20, 4, 30, 66, 1, 0, 1094, 1368, 4),
(579, 20, 5, 25, 31, 1, 0, 1019, 1274, 4),
(580, 20, 5, 31, 25, 0, 0, 1071, 803, 4),
(581, 20, 6, 53, 74, 0, 0, 1000, 750, 4),
(582, 20, 6, 74, 53, 1, 0, 1000, 1250, 4),
(583, 20, 7, 24, 13, 0, 0, 785, 589, 4),
(584, 20, 7, 13, 24, 1, 0, 912, 1140, 4),
(585, 20, 8, 89, 11, 0, 0, 963, 722, 4),
(586, 20, 8, 11, 89, 1, 0, 1079, 1349, 4),
(587, 20, 9, 65, 12, 0, 0, 1143, 857, 4),
(588, 20, 9, 12, 65, 1, 0, 1089, 1361, 4),
(589, 20, 10, 23, 30, 0, 0, 985, 739, 4),
(590, 20, 10, 30, 23, 1, 0, 1016, 1270, 4),
(591, 20, 11, 66, 31, 0, 0, 1019, 764, 4),
(592, 20, 11, 31, 66, 1, 0, 1094, 1368, 4),
(593, 20, 12, 25, 13, 0, 0, 785, 589, 4),
(594, 20, 12, 13, 25, 1, 0, 1071, 1339, 4),
(595, 20, 13, 53, 12, 0, 0, 1143, 857, 4),
(596, 20, 13, 12, 53, 1, 0, 1000, 1250, 4),
(597, 20, 14, 65, 74, 0, 0, 1000, 750, 4),
(598, 20, 14, 74, 65, 1, 0, 1089, 1361, 4),
(599, 20, 15, 25, 30, 0, 0, 985, 739, 4),
(600, 20, 15, 30, 25, 1, 0, 1071, 1339, 4),
(601, 21, 1, 7, 89, 0, 0, 956, 717, 5),
(602, 21, 1, 89, 7, 1, 0, 883, 1104, 5),
(603, 21, 2, 75, 92, 0, 0, 1000, 750, 5),
(604, 21, 2, 92, 75, 1, 0, 1112, 1390, 5),
(605, 21, 3, 9, 66, 0, 0, 910, 682, 5),
(606, 21, 3, 66, 9, 1, 0, 1125, 1406, 5),
(607, 21, 4, 6, 65, 0, 0, 1032, 774, 5),
(608, 21, 4, 65, 6, 1, 0, 1152, 1440, 5),
(609, 21, 5, 10, 26, 0, 0, 1000, 750, 5),
(610, 21, 5, 26, 10, 1, 0, 841, 1051, 5),
(611, 21, 6, 75, 89, 0, 0, 956, 717, 5),
(612, 21, 6, 89, 75, 1, 0, 1112, 1390, 5),
(613, 21, 7, 61, 92, 0, 0, 1000, 750, 5),
(614, 21, 7, 92, 61, 1, 0, 1055, 1319, 5),
(615, 21, 8, 6, 66, 1, 0, 910, 1138, 5),
(616, 21, 8, 66, 6, 0, 0, 1152, 864, 5),
(617, 21, 9, 7, 65, 0, 0, 1032, 774, 5),
(618, 21, 9, 65, 7, 1, 0, 883, 1104, 5),
(619, 21, 10, 9, 34, 0, 0, 1000, 750, 5),
(620, 21, 10, 34, 9, 1, 0, 1125, 1406, 5),
(621, 21, 11, 61, 89, 0, 0, 956, 717, 5),
(622, 21, 11, 89, 61, 1, 0, 1055, 1319, 5),
(623, 21, 12, 10, 92, 0, 0, 1000, 750, 5),
(624, 21, 12, 92, 10, 1, 0, 841, 1051, 5),
(625, 21, 13, 7, 34, 0, 0, 1000, 750, 5),
(626, 21, 13, 34, 7, 1, 0, 883, 1104, 5),
(627, 21, 14, 61, 65, 0, 0, 1032, 774, 5),
(628, 21, 14, 65, 61, 1, 0, 1055, 1319, 5),
(629, 21, 15, 6, 26, 0, 0, 1000, 750, 5),
(630, 21, 15, 26, 6, 1, 0, 1152, 1440, 5),
(631, 22, 1, 38, 90, 1, 0, 1136, 1420, 5),
(632, 22, 1, 90, 38, 0, 0, 1096, 822, 5),
(633, 22, 2, 62, 85, 0, 0, 1072, 804, 5),
(634, 22, 2, 85, 62, 1, 0, 760, 950, 5),
(635, 22, 3, 88, 90, 1, 0, 1136, 1420, 5),
(636, 22, 3, 90, 88, 0, 0, 1128, 846, 5),
(637, 22, 4, 37, 90, 1, 0, 1136, 1420, 5),
(638, 22, 4, 90, 37, 0, 0, 1054, 790, 5),
(639, 22, 5, 83, 87, 1, 0, 1009, 1261, 5),
(640, 22, 5, 87, 83, 0, 0, 1039, 779, 5),
(641, 22, 6, 48, 81, 0, 0, 843, 632, 5),
(642, 22, 6, 81, 48, 1, 0, 972, 1215, 5),
(643, 22, 7, 38, 85, 1, 1, 1072, 1447, 5),
(644, 22, 7, 85, 38, 0, 0, 1096, 822, 5),
(645, 22, 8, 62, 77, 0, 0, 841, 631, 5),
(646, 22, 8, 77, 62, 1, 0, 760, 950, 5),
(647, 22, 9, 88, 87, 1, 1, 1009, 1362, 5),
(648, 22, 9, 87, 88, 0, 0, 1128, 846, 5),
(649, 22, 10, 37, 81, 0, 0, 843, 632, 5),
(650, 22, 10, 81, 37, 1, 0, 1054, 1318, 5),
(651, 22, 11, 83, 85, 1, 0, 1072, 1340, 5),
(652, 22, 11, 85, 83, 0, 0, 1039, 779, 5),
(653, 22, 12, 48, 77, 1, 0, 841, 1051, 5),
(654, 22, 12, 77, 48, 0, 0, 972, 729, 5),
(655, 22, 13, 37, 87, 0, 0, 1009, 757, 5),
(656, 22, 13, 87, 37, 1, 0, 1054, 1318, 5),
(657, 22, 14, 83, 81, 1, 1, 843, 1138, 5),
(658, 22, 14, 81, 83, 0, 0, 1039, 779, 5),
(659, 22, 15, 88, 77, 1, 0, 841, 1051, 5),
(660, 22, 15, 77, 88, 0, 0, 1128, 846, 5),
(661, 23, 1, 49, 43, 1, 0, 966, 1208, 5),
(662, 23, 1, 43, 49, 0, 0, 920, 690, 5),
(663, 23, 2, 93, 47, 0, 0, 1028, 771, 5),
(664, 23, 2, 47, 93, 1, 0, 1000, 1250, 5),
(665, 23, 3, 42, 70, 0, 0, 932, 699, 5),
(666, 23, 3, 70, 42, 1, 1, 1089, 1470, 5),
(667, 23, 4, 40, 58, 0, 0, 1228, 921, 5),
(668, 23, 4, 58, 40, 1, 0, 986, 1232, 5),
(669, 23, 5, 51, 45, 1, 0, 1194, 1492, 5),
(670, 23, 5, 45, 51, 0, 0, 1052, 789, 5),
(671, 23, 6, 49, 59, 1, 0, 1084, 1355, 5),
(672, 23, 6, 59, 49, 0, 0, 920, 690, 5),
(673, 23, 7, 93, 70, 1, 0, 932, 1165, 5),
(674, 23, 7, 70, 93, 0, 0, 1000, 750, 5),
(675, 23, 8, 42, 58, 0, 0, 1228, 921, 5),
(676, 23, 8, 58, 42, 1, 0, 1089, 1361, 5),
(677, 23, 9, 40, 45, 1, 0, 1194, 1492, 5),
(678, 23, 9, 45, 40, 0, 0, 986, 740, 5),
(679, 23, 10, 51, 47, 0, 0, 1028, 771, 5),
(680, 23, 10, 47, 51, 1, 0, 1052, 1315, 5),
(681, 23, 11, 49, 58, 0, 0, 1228, 921, 5),
(682, 23, 11, 58, 49, 1, 1, 920, 1242, 5),
(683, 23, 12, 93, 43, 1, 0, 966, 1208, 5),
(684, 23, 12, 43, 93, 0, 0, 1000, 750, 5),
(685, 23, 13, 42, 59, 1, 0, 1084, 1355, 5),
(686, 23, 13, 59, 42, 0, 0, 1089, 817, 5),
(687, 23, 14, 40, 47, 0, 0, 1028, 771, 5),
(688, 23, 14, 47, 40, 1, 0, 986, 1232, 5),
(689, 23, 15, 51, 70, 1, 0, 932, 1165, 5),
(690, 23, 15, 70, 51, 0, 0, 1052, 789, 5),
(691, 24, 1, 39, 19, 1, 0, 1046, 1308, 5),
(692, 24, 1, 19, 39, 0, 0, 1204, 903, 5),
(693, 24, 2, 72, 20, 1, 0, 1035, 1294, 5),
(694, 24, 2, 20, 72, 0, 0, 1148, 861, 5),
(695, 24, 3, 60, 22, 0, 0, 983, 737, 5),
(696, 24, 3, 22, 60, 1, 0, 960, 1200, 5),
(697, 24, 4, 68, 21, 0, 0, 1076, 807, 5),
(698, 24, 4, 21, 68, 1, 0, 906, 1132, 5),
(699, 24, 5, 94, 71, 1, 0, 855, 1069, 5),
(700, 24, 5, 71, 94, 0, 0, 1000, 750, 5),
(701, 24, 6, 72, 22, 1, 0, 983, 1229, 5),
(702, 24, 6, 22, 72, 0, 0, 1148, 861, 5),
(703, 24, 7, 39, 20, 1, 0, 1035, 1294, 5),
(704, 24, 7, 20, 39, 0, 0, 1204, 903, 5),
(705, 24, 8, 60, 19, 1, 0, 1046, 1308, 5),
(706, 24, 8, 19, 60, 0, 0, 960, 720, 5),
(707, 24, 9, 68, 71, 1, 0, 855, 1069, 5),
(708, 24, 9, 71, 68, 0, 0, 906, 680, 5),
(709, 24, 10, 94, 21, 1, 0, 1076, 1345, 5),
(710, 24, 10, 21, 94, 0, 0, 1000, 750, 5),
(711, 24, 11, 60, 20, 0, 0, 1035, 776, 5),
(712, 24, 11, 20, 60, 1, 0, 960, 1200, 5),
(713, 24, 12, 68, 19, 0, 0, 1046, 784, 5),
(714, 24, 12, 19, 68, 1, 0, 906, 1132, 5),
(715, 24, 13, 72, 21, 0, 0, 1076, 807, 5),
(716, 24, 13, 21, 72, 1, 0, 1148, 1435, 5),
(717, 24, 14, 39, 71, 1, 0, 855, 1069, 5),
(718, 24, 14, 71, 39, 0, 0, 1204, 903, 5),
(719, 24, 15, 94, 22, 0, 0, 983, 737, 5),
(720, 24, 15, 22, 94, 1, 0, 1000, 1250, 5),
(721, 25, 1, 31, 1, 1, 0, 1013, 1266, 5),
(722, 25, 1, 1, 31, 0, 0, 1075, 806, 5),
(723, 25, 2, 11, 4, 1, 0, 1029, 1286, 5),
(724, 25, 2, 4, 11, 0, 0, 1051, 788, 5),
(725, 25, 3, 12, 63, 1, 0, 879, 1099, 5),
(726, 25, 3, 63, 12, 0, 0, 1163, 872, 5),
(727, 25, 4, 33, 3, 1, 0, 989, 1236, 5),
(728, 25, 4, 3, 33, 0, 0, 1189, 892, 5),
(729, 25, 5, 30, 5, 1, 0, 1000, 1250, 5),
(730, 25, 5, 5, 30, 0, 0, 1194, 896, 5),
(731, 25, 6, 31, 4, 1, 0, 1029, 1286, 5),
(732, 25, 6, 4, 31, 0, 0, 1075, 806, 5),
(733, 25, 7, 11, 63, 1, 0, 879, 1099, 5),
(734, 25, 7, 63, 11, 0, 0, 1051, 788, 5),
(735, 25, 8, 12, 3, 0, 0, 989, 742, 5),
(736, 25, 8, 3, 12, 1, 0, 1163, 1454, 5),
(737, 25, 9, 33, 5, 1, 0, 1000, 1250, 5),
(738, 25, 9, 5, 33, 0, 0, 1189, 892, 5),
(739, 25, 10, 30, 1, 1, 0, 1013, 1266, 5),
(740, 25, 10, 1, 30, 0, 0, 1194, 896, 5),
(741, 25, 11, 31, 63, 1, 0, 879, 1099, 5),
(742, 25, 11, 63, 31, 0, 0, 1075, 806, 5),
(743, 25, 12, 11, 5, 1, 0, 1000, 1250, 5),
(744, 25, 12, 5, 11, 0, 0, 1051, 788, 5),
(745, 25, 13, 12, 4, 1, 0, 1029, 1286, 5),
(746, 25, 13, 4, 12, 0, 0, 1163, 872, 5),
(747, 25, 14, 33, 1, 1, 0, 1013, 1266, 5),
(748, 25, 14, 1, 33, 0, 0, 1189, 892, 5),
(749, 25, 15, 30, 3, 0, 0, 989, 742, 5),
(750, 25, 15, 3, 30, 1, 0, 1194, 1492, 5),
(751, 26, 1, 49, 81, 0, 0, 976, 732, 6),
(752, 26, 1, 81, 49, 1, 0, 980, 1225, 6),
(753, 26, 2, 93, 85, 0, 0, 1092, 819, 6),
(754, 26, 2, 85, 93, 1, 0, 1070, 1338, 6),
(755, 26, 3, 40, 78, 1, 0, 949, 1186, 6),
(756, 26, 3, 78, 40, 0, 0, 1039, 779, 6),
(757, 26, 4, 41, 87, 1, 0, 1022, 1278, 6),
(758, 26, 4, 87, 41, 0, 0, 1260, 945, 6),
(759, 26, 5, 42, 86, 1, 0, 1015, 1269, 6),
(760, 26, 5, 86, 42, 0, 0, 1082, 812, 6),
(761, 26, 6, 49, 77, 1, 0, 855, 1069, 6),
(762, 26, 6, 77, 49, 0, 0, 980, 735, 6),
(763, 26, 7, 41, 81, 1, 0, 976, 1220, 6),
(764, 26, 7, 81, 41, 0, 0, 1260, 945, 6),
(765, 26, 8, 41, 85, 1, 0, 1092, 1365, 6),
(766, 26, 8, 85, 41, 0, 0, 1260, 945, 6),
(767, 26, 9, 93, 78, 1, 0, 949, 1186, 6),
(768, 26, 9, 78, 93, 0, 0, 1070, 802, 6),
(769, 26, 10, 40, 87, 1, 0, 1022, 1278, 6),
(770, 26, 10, 87, 40, 0, 0, 1039, 779, 6),
(771, 26, 11, 42, 85, 1, 0, 1092, 1365, 6),
(772, 26, 11, 85, 42, 0, 0, 1082, 812, 6),
(773, 26, 12, 49, 86, 1, 0, 1015, 1269, 6),
(774, 26, 12, 86, 49, 0, 0, 980, 735, 6),
(775, 26, 13, 93, 77, 1, 0, 855, 1069, 6),
(776, 26, 13, 77, 93, 0, 0, 1070, 802, 6),
(777, 26, 14, 40, 86, 0, 0, 1015, 761, 6),
(778, 26, 14, 86, 40, 1, 0, 1039, 1299, 6),
(779, 26, 15, 42, 77, 1, 0, 855, 1069, 6),
(780, 26, 15, 77, 42, 0, 0, 1082, 812, 6),
(781, 27, 1, 13, 15, 1, 0, 915, 1144, 6),
(782, 27, 1, 15, 13, 0, 0, 1054, 790, 6),
(783, 27, 2, 11, 14, 1, 0, 1009, 1261, 6),
(784, 27, 2, 14, 11, 0, 0, 1099, 824, 6),
(785, 27, 3, 31, 17, 1, 0, 968, 1210, 6),
(786, 27, 3, 17, 31, 0, 0, 1103, 827, 6),
(787, 27, 4, 29, 27, 0, 0, 921, 691, 6),
(788, 27, 4, 27, 29, 1, 0, 1079, 1349, 6),
(789, 27, 5, 12, 16, 0, 0, 1121, 841, 6),
(790, 27, 5, 16, 12, 1, 0, 1123, 1404, 6),
(791, 27, 6, 13, 14, 1, 0, 1009, 1261, 6),
(792, 27, 6, 14, 13, 0, 0, 1054, 790, 6),
(793, 27, 7, 11, 17, 1, 0, 968, 1210, 6),
(794, 27, 7, 17, 11, 0, 0, 1099, 824, 6),
(795, 27, 8, 31, 27, 0, 0, 921, 691, 6),
(796, 27, 8, 27, 31, 1, 0, 1103, 1379, 6),
(797, 27, 9, 29, 16, 1, 0, 1121, 1401, 6),
(798, 27, 9, 16, 29, 0, 0, 1079, 809, 6),
(799, 27, 10, 12, 15, 1, 0, 915, 1144, 6),
(800, 27, 10, 15, 12, 0, 0, 1123, 842, 6),
(801, 27, 11, 13, 17, 1, 0, 968, 1210, 6),
(802, 27, 11, 17, 13, 0, 0, 1054, 790, 6),
(803, 27, 12, 11, 16, 1, 0, 1121, 1401, 6),
(804, 27, 12, 16, 11, 0, 0, 1099, 824, 6),
(805, 27, 13, 31, 15, 1, 0, 915, 1144, 6),
(806, 27, 13, 15, 31, 0, 0, 1103, 827, 6),
(807, 27, 14, 29, 14, 1, 0, 1009, 1261, 6),
(808, 27, 14, 14, 29, 0, 0, 1079, 809, 6),
(809, 27, 15, 12, 27, 1, 0, 921, 1151, 6),
(810, 27, 15, 27, 12, 0, 0, 1123, 842, 6),
(811, 28, 1, 75, 1, 1, 0, 968, 1210, 6),
(812, 28, 1, 1, 75, 0, 0, 1068, 801, 6),
(813, 28, 2, 7, 63, 1, 0, 873, 1091, 6),
(814, 28, 2, 63, 7, 0, 0, 849, 637, 6),
(815, 28, 3, 10, 3, 0, 0, 1082, 812, 6),
(816, 28, 3, 3, 10, 1, 0, 829, 1036, 6),
(817, 28, 4, 8, 4, 0, 0, 977, 733, 6),
(818, 28, 4, 4, 8, 1, 0, 1085, 1356, 6),
(819, 28, 5, 6, 55, 1, 0, 918, 1148, 6),
(820, 28, 5, 55, 6, 0, 0, 1179, 884, 6),
(821, 28, 6, 61, 63, 0, 0, 873, 655, 6),
(822, 28, 6, 63, 61, 1, 0, 975, 1219, 6),
(823, 28, 7, 75, 3, 1, 0, 1082, 1352, 6),
(824, 28, 7, 3, 75, 0, 0, 1068, 801, 6),
(825, 28, 8, 7, 4, 1, 0, 977, 1221, 6),
(826, 28, 8, 4, 7, 0, 0, 849, 637, 6),
(827, 28, 9, 6, 63, 1, 0, 873, 1091, 6),
(828, 28, 9, 63, 6, 0, 0, 1179, 884, 6),
(829, 28, 10, 10, 1, 0, 0, 968, 726, 6),
(830, 28, 10, 1, 10, 1, 0, 829, 1036, 6),
(831, 28, 11, 7, 55, 1, 0, 918, 1148, 6),
(832, 28, 11, 55, 7, 0, 0, 849, 637, 6),
(833, 28, 12, 8, 3, 0, 0, 1082, 812, 6),
(834, 28, 12, 3, 8, 1, 0, 1085, 1356, 6),
(835, 28, 13, 75, 4, 1, 0, 977, 1221, 6),
(836, 28, 13, 4, 75, 0, 0, 1068, 801, 6),
(837, 28, 14, 6, 1, 1, 0, 968, 1210, 6),
(838, 28, 14, 1, 6, 0, 0, 1179, 884, 6),
(839, 28, 15, 8, 55, 0, 0, 918, 688, 6),
(840, 28, 15, 55, 8, 1, 0, 1085, 1356, 6),
(841, 29, 1, 46, 45, 1, 0, 1156, 1445, 6),
(842, 29, 1, 45, 46, 0, 0, 901, 676, 6),
(843, 29, 2, 60, 47, 1, 0, 1124, 1405, 6),
(844, 29, 2, 47, 60, 0, 0, 926, 694, 6),
(845, 29, 3, 39, 58, 0, 0, 1271, 953, 6),
(846, 29, 3, 58, 39, 1, 0, 1185, 1481, 6),
(847, 29, 4, 73, 44, 0, 0, 1055, 791, 6),
(848, 29, 4, 44, 73, 1, 0, 885, 1106, 6),
(849, 29, 5, 46, 43, 1, 0, 946, 1182, 6),
(850, 29, 5, 43, 46, 0, 0, 901, 676, 6),
(851, 29, 6, 94, 59, 0, 0, 1075, 806, 6),
(852, 29, 6, 59, 94, 1, 0, 1068, 1335, 6),
(853, 29, 7, 60, 45, 1, 0, 1156, 1445, 6),
(854, 29, 7, 45, 60, 0, 0, 926, 694, 6),
(855, 29, 8, 46, 58, 0, 0, 1271, 953, 6),
(856, 29, 8, 58, 46, 1, 0, 901, 1126, 6),
(857, 29, 9, 39, 47, 1, 0, 1124, 1405, 6),
(858, 29, 9, 47, 39, 0, 0, 1185, 889, 6),
(859, 29, 10, 73, 43, 1, 0, 946, 1182, 6),
(860, 29, 10, 43, 73, 0, 0, 885, 664, 6),
(861, 29, 11, 60, 59, 0, 0, 1075, 806, 6),
(862, 29, 11, 59, 60, 1, 0, 926, 1158, 6),
(863, 29, 12, 94, 44, 0, 0, 1055, 791, 6),
(864, 29, 12, 44, 94, 1, 0, 1068, 1335, 6),
(865, 29, 13, 39, 45, 0, 0, 1156, 867, 6),
(866, 29, 13, 45, 39, 1, 0, 1185, 1481, 6),
(867, 29, 14, 73, 59, 0, 0, 1075, 806, 6),
(868, 29, 14, 59, 73, 1, 0, 885, 1106, 6),
(869, 29, 15, 94, 58, 0, 0, 1271, 953, 6),
(870, 29, 15, 58, 94, 1, 0, 1068, 1335, 6),
(871, 30, 1, 19, 83, 0, 0, 1106, 830, 6),
(872, 30, 1, 83, 19, 1, 0, 997, 1246, 6),
(873, 30, 2, 22, 38, 1, 0, 1159, 1449, 6),
(874, 30, 2, 38, 22, 0, 0, 970, 728, 6),
(875, 30, 3, 20, 88, 0, 0, 1179, 884, 6),
(876, 30, 3, 88, 20, 1, 0, 995, 1244, 6),
(877, 30, 4, 21, 37, 0, 0, 1081, 811, 6),
(878, 30, 4, 37, 21, 1, 0, 1066, 1332, 6),
(879, 30, 5, 56, 48, 0, 0, 953, 715, 6),
(880, 30, 5, 48, 56, 1, 0, 1030, 1288, 6),
(881, 30, 6, 19, 54, 1, 0, 1065, 1331, 6),
(882, 30, 6, 54, 19, 0, 0, 997, 748, 6),
(883, 30, 7, 22, 83, 1, 0, 1106, 1382, 6),
(884, 30, 7, 83, 22, 0, 0, 970, 728, 6),
(885, 30, 8, 20, 48, 1, 0, 953, 1191, 6),
(886, 30, 8, 48, 20, 0, 0, 995, 746, 6),
(887, 30, 9, 21, 88, 0, 0, 1179, 884, 6),
(888, 30, 9, 88, 21, 1, 0, 1066, 1332, 6),
(889, 30, 10, 56, 37, 0, 0, 1081, 811, 6),
(890, 30, 10, 37, 56, 1, 0, 1030, 1288, 6),
(891, 30, 11, 19, 38, 0, 0, 1159, 869, 6),
(892, 30, 11, 38, 19, 1, 0, 997, 1246, 6),
(893, 30, 12, 22, 54, 0, 0, 1065, 799, 6),
(894, 30, 12, 54, 22, 1, 0, 970, 1212, 6),
(895, 30, 13, 20, 83, 0, 0, 1106, 830, 6),
(896, 30, 13, 83, 20, 1, 0, 995, 1244, 6),
(897, 30, 14, 21, 54, 0, 0, 1065, 799, 6),
(898, 30, 14, 54, 21, 1, 0, 1066, 1332, 6),
(899, 30, 15, 56, 88, 0, 0, 1179, 884, 6),
(900, 30, 15, 88, 56, 1, 0, 1030, 1288, 6),
(901, 31, 1, 1, 89, 0, 0, 1064, 798, 7),
(902, 31, 1, 89, 1, 1, 0, 969, 1211, 7),
(903, 31, 2, 63, 65, 0, 0, 1152, 864, 7),
(904, 31, 2, 65, 63, 1, 0, 897, 1121, 7),
(905, 31, 3, 55, 23, 1, 0, 970, 1212, 7),
(906, 31, 3, 23, 55, 0, 0, 954, 716, 7),
(907, 31, 4, 4, 24, 1, 0, 891, 1114, 7),
(908, 31, 4, 24, 4, 0, 0, 981, 736, 7),
(909, 31, 5, 3, 25, 0, 0, 1024, 768, 7),
(910, 31, 5, 25, 3, 1, 0, 1103, 1379, 7),
(911, 31, 6, 1, 26, 0, 0, 1280, 960, 7),
(912, 31, 6, 26, 1, 1, 0, 969, 1211, 7),
(913, 31, 7, 63, 34, 1, 0, 1203, 1504, 7),
(914, 31, 7, 34, 63, 0, 0, 897, 673, 7),
(915, 31, 8, 55, 89, 0, 0, 1064, 798, 7),
(916, 31, 8, 89, 55, 1, 0, 954, 1192, 7),
(917, 31, 9, 4, 65, 0, 0, 1152, 864, 7),
(918, 31, 9, 65, 4, 1, 0, 981, 1226, 7),
(919, 31, 10, 3, 23, 0, 0, 970, 728, 7),
(920, 31, 10, 23, 3, 1, 0, 1103, 1379, 7),
(921, 31, 11, 1, 25, 0, 0, 1024, 768, 7),
(922, 31, 11, 25, 1, 1, 0, 969, 1211, 7),
(923, 31, 12, 63, 24, 1, 0, 891, 1114, 7),
(924, 31, 12, 24, 63, 0, 0, 897, 673, 7),
(925, 31, 13, 55, 89, 0, 0, 1064, 798, 7),
(926, 31, 13, 89, 55, 1, 0, 954, 1192, 7),
(927, 31, 14, 4, 26, 0, 0, 1280, 960, 7),
(928, 31, 14, 26, 4, 1, 0, 981, 1226, 7),
(929, 31, 15, 3, 65, 0, 0, 1152, 864, 7),
(930, 31, 15, 65, 3, 1, 0, 1103, 1379, 7),
(931, 32, 1, 45, 19, 1, 0, 1011, 1264, 7),
(932, 32, 1, 19, 45, 0, 0, 1115, 836, 7),
(933, 32, 2, 58, 22, 1, 0, 1052, 1315, 7),
(934, 32, 2, 22, 58, 0, 0, 1303, 977, 7),
(935, 32, 3, 44, 20, 1, 0, 1022, 1278, 7),
(936, 32, 3, 20, 44, 0, 0, 1120, 840, 7),
(937, 32, 4, 47, 21, 1, 0, 1019, 1274, 7),
(938, 32, 4, 21, 47, 0, 0, 1087, 815, 7),
(939, 32, 5, 59, 71, 0, 0, 830, 622, 7),
(940, 32, 5, 71, 59, 1, 0, 1119, 1399, 7),
(941, 32, 6, 45, 22, 1, 0, 1052, 1315, 7),
(942, 32, 6, 22, 45, 0, 0, 1115, 836, 7),
(943, 32, 7, 58, 19, 1, 0, 1011, 1264, 7),
(944, 32, 7, 19, 58, 0, 0, 1303, 977, 7),
(945, 32, 8, 44, 21, 1, 0, 1019, 1274, 7),
(946, 32, 8, 21, 44, 0, 0, 1120, 840, 7),
(947, 32, 9, 47, 71, 1, 0, 830, 1038, 7),
(948, 32, 9, 71, 47, 0, 0, 1087, 815, 7),
(949, 32, 10, 59, 20, 1, 0, 1022, 1278, 7),
(950, 32, 10, 20, 59, 0, 0, 1119, 839, 7),
(951, 32, 11, 45, 71, 1, 1, 830, 1121, 7),
(952, 32, 11, 71, 45, 0, 0, 1115, 836, 7),
(953, 32, 12, 58, 20, 1, 1, 1022, 1380, 7),
(954, 32, 12, 20, 58, 0, 0, 1303, 977, 7),
(955, 32, 13, 44, 19, 1, 0, 1011, 1264, 7),
(956, 32, 13, 19, 44, 0, 0, 1120, 840, 7),
(957, 32, 14, 47, 22, 1, 0, 1052, 1315, 7),
(958, 32, 14, 22, 47, 0, 0, 1087, 815, 7),
(959, 32, 15, 59, 21, 1, 0, 1019, 1274, 7),
(960, 32, 15, 21, 59, 0, 0, 1119, 839, 7),
(961, 33, 1, 78, 60, 1, 0, 995, 1244, 7),
(962, 33, 1, 60, 78, 0, 0, 918, 688, 7),
(963, 33, 2, 87, 39, 1, 0, 1188, 1485, 7),
(964, 33, 2, 39, 87, 0, 0, 1010, 758, 7),
(965, 33, 3, 86, 68, 0, 0, 875, 656, 7),
(966, 33, 3, 68, 86, 1, 0, 986, 1232, 7),
(967, 33, 4, 85, 73, 0, 0, 913, 685, 7),
(968, 33, 4, 73, 85, 1, 0, 1078, 1348, 7),
(969, 33, 5, 77, 94, 0, 0, 953, 715, 7),
(970, 33, 5, 94, 77, 1, 0, 834, 1042, 7),
(971, 33, 6, 78, 73, 0, 0, 913, 685, 7),
(972, 33, 6, 73, 78, 1, 0, 918, 1148, 7),
(973, 33, 7, 87, 60, 1, 0, 995, 1244, 7),
(974, 33, 7, 60, 87, 0, 0, 1010, 758, 7),
(975, 33, 8, 85, 39, 0, 0, 1188, 891, 7),
(976, 33, 8, 39, 85, 1, 0, 1078, 1348, 7),
(977, 33, 9, 86, 94, 1, 0, 953, 1191, 7),
(978, 33, 9, 94, 86, 0, 0, 986, 740, 7),
(979, 33, 10, 77, 68, 0, 0, 875, 656, 7),
(980, 33, 10, 68, 77, 1, 0, 834, 1042, 7),
(981, 33, 11, 85, 60, 1, 0, 995, 1244, 7),
(982, 33, 11, 60, 85, 0, 0, 1078, 808, 7),
(983, 33, 12, 87, 94, 1, 0, 953, 1191, 7),
(984, 33, 12, 94, 87, 0, 0, 1010, 758, 7),
(985, 33, 13, 78, 68, 1, 0, 875, 1094, 7),
(986, 33, 13, 68, 78, 0, 0, 918, 688, 7),
(987, 33, 14, 86, 39, 0, 0, 1188, 891, 7),
(988, 33, 14, 39, 86, 1, 0, 986, 1232, 7),
(989, 33, 15, 77, 73, 1, 0, 913, 1141, 7),
(990, 33, 15, 73, 77, 0, 0, 834, 626, 7),
(991, 34, 1, 15, 10, 1, 0, 862, 1078, 7),
(992, 34, 1, 10, 15, 0, 0, 912, 684, 7),
(993, 34, 2, 14, 6, 0, 0, 1192, 894, 7),
(994, 34, 2, 6, 14, 1, 0, 994, 1242, 7),
(995, 34, 3, 17, 75, 0, 0, 1202, 902, 7),
(996, 34, 3, 75, 17, 1, 0, 953, 1191, 7),
(997, 34, 4, 16, 7, 0, 0, 998, 748, 7),
(998, 34, 4, 7, 16, 1, 0, 1115, 1394, 7),
(999, 34, 5, 27, 61, 1, 0, 982, 1228, 7),
(1000, 34, 5, 61, 27, 0, 0, 1017, 763, 7),
(1001, 34, 6, 15, 8, 1, 0, 975, 1219, 7),
(1002, 34, 6, 8, 15, 0, 0, 912, 684, 7),
(1003, 34, 7, 14, 9, 1, 0, 1059, 1324, 7),
(1004, 34, 7, 9, 14, 0, 0, 994, 746, 7),
(1005, 34, 8, 17, 6, 0, 0, 1192, 894, 7),
(1006, 34, 8, 6, 17, 1, 0, 953, 1191, 7),
(1007, 34, 9, 16, 75, 1, 0, 1202, 1502, 7),
(1008, 34, 9, 75, 16, 0, 0, 1115, 836, 7),
(1009, 34, 10, 27, 7, 1, 0, 998, 1248, 7),
(1010, 34, 10, 7, 27, 0, 0, 1017, 763, 7),
(1011, 34, 11, 15, 75, 0, 0, 1202, 902, 7),
(1012, 34, 11, 75, 15, 1, 0, 912, 1140, 7),
(1013, 34, 12, 14, 8, 1, 0, 975, 1219, 7),
(1014, 34, 12, 8, 14, 0, 0, 994, 746, 7),
(1015, 34, 13, 17, 9, 0, 0, 1059, 794, 7),
(1016, 34, 13, 9, 17, 1, 0, 953, 1191, 7),
(1017, 34, 14, 16, 61, 0, 0, 982, 736, 7),
(1018, 34, 14, 61, 16, 1, 0, 1115, 1394, 7),
(1019, 34, 15, 27, 6, 1, 0, 1192, 1490, 7),
(1020, 34, 15, 6, 27, 0, 0, 1017, 763, 7),
(1021, 35, 1, 35, 49, 1, 0, 1004, 1255, 7),
(1022, 35, 1, 49, 35, 0, 0, 1000, 750, 7),
(1023, 35, 2, 83, 51, 1, 0, 1147, 1434, 7),
(1024, 35, 2, 51, 83, 0, 0, 1131, 848, 7),
(1025, 35, 3, 38, 42, 1, 0, 1123, 1404, 7),
(1026, 35, 3, 42, 38, 0, 0, 1134, 850, 7),
(1027, 35, 4, 54, 41, 0, 0, 1255, 941, 7),
(1028, 35, 4, 41, 54, 1, 0, 1063, 1329, 7),
(1029, 35, 5, 35, 40, 0, 0, 1062, 796, 7),
(1030, 35, 5, 40, 35, 1, 0, 1000, 1250, 7),
(1031, 35, 6, 83, 49, 1, 0, 1004, 1255, 7),
(1032, 35, 6, 49, 83, 0, 0, 1131, 848, 7),
(1033, 35, 7, 38, 51, 0, 0, 1147, 860, 7),
(1034, 35, 7, 51, 38, 1, 0, 1134, 1418, 7),
(1035, 35, 8, 54, 42, 0, 0, 1123, 842, 7),
(1036, 35, 8, 42, 54, 1, 0, 1063, 1329, 7),
(1037, 35, 9, 35, 41, 0, 0, 1255, 941, 7),
(1038, 35, 9, 41, 35, 1, 0, 1000, 1250, 7),
(1039, 35, 10, 83, 40, 0, 0, 1062, 796, 7),
(1040, 35, 10, 40, 83, 1, 0, 1131, 1414, 7),
(1041, 35, 11, 38, 49, 1, 0, 1004, 1255, 7),
(1042, 35, 11, 49, 38, 0, 0, 1134, 850, 7),
(1043, 35, 12, 88, 41, 1, 0, 1255, 1569, 7),
(1044, 35, 12, 41, 88, 0, 0, 1210, 908, 7),
(1045, 35, 13, 54, 51, 0, 0, 1147, 860, 7),
(1046, 35, 13, 51, 54, 1, 0, 1063, 1329, 7),
(1047, 35, 14, 88, 42, 1, 0, 1123, 1404, 7),
(1048, 35, 14, 42, 88, 0, 0, 1210, 908, 7),
(1049, 35, 15, 88, 40, 1, 1, 1062, 1434, 7),
(1050, 35, 15, 40, 88, 0, 0, 1210, 908, 7),
(1051, 36, 1, 10, 29, 0, 0, 1099, 824, 8),
(1052, 36, 1, 29, 10, 1, 0, 843, 1054, 8),
(1053, 36, 2, 75, 11, 1, 0, 1155, 1444, 8),
(1054, 36, 2, 11, 75, 0, 0, 1180, 885, 8),
(1055, 36, 3, 6, 12, 1, 0, 1121, 1401, 8),
(1056, 36, 3, 12, 6, 0, 0, 1183, 887, 8),
(1057, 36, 4, 8, 33, 0, 0, 1250, 938, 8),
(1058, 36, 4, 33, 8, 1, 0, 952, 1190, 8),
(1059, 36, 5, 61, 29, 0, 0, 1099, 824, 8),
(1060, 36, 5, 29, 61, 1, 0, 1010, 1262, 8),
(1061, 36, 6, 9, 31, 1, 0, 1106, 1382, 8),
(1062, 36, 6, 31, 9, 0, 0, 1042, 782, 8),
(1063, 36, 7, 75, 30, 0, 0, 1116, 837, 8),
(1064, 36, 7, 30, 75, 1, 0, 1180, 1475, 8),
(1065, 36, 8, 6, 11, 0, 0, 1155, 866, 8),
(1066, 36, 8, 11, 6, 1, 0, 1183, 1479, 8),
(1067, 36, 9, 9, 12, 0, 0, 1121, 841, 8),
(1068, 36, 9, 12, 9, 1, 0, 1042, 1302, 8),
(1069, 36, 10, 10, 33, 1, 0, 1250, 1562, 8),
(1070, 36, 10, 33, 10, 0, 0, 843, 632, 8),
(1285, 43, 13, 40, 71, 0, 0, 886, 664, 9),
(1286, 43, 13, 71, 40, 1, 0, 1089, 1361, 9),
(1287, 43, 14, 51, 21, 1, 0, 1002, 1252, 9),
(1288, 43, 14, 21, 51, 0, 0, 1175, 881, 9),
(1289, 43, 15, 41, 19, 1, 0, 1018, 1272, 9),
(1290, 43, 15, 19, 41, 0, 0, 1220, 915, 9),
(1291, 44, 1, 88, 39, 1, 0, 1223, 1529, 9),
(1292, 44, 1, 39, 88, 0, 0, 1310, 982, 9),
(1293, 44, 2, 83, 46, 1, 0, 1035, 1294, 9),
(1294, 44, 2, 46, 83, 0, 0, 1171, 878, 9),
(1295, 44, 3, 48, 60, 1, 0, 1021, 1276, 9),
(1296, 44, 3, 60, 48, 0, 0, 1073, 805, 9),
(1297, 44, 4, 37, 68, 1, 0, 1055, 1319, 9),
(1298, 44, 4, 68, 37, 0, 0, 1097, 823, 9),
(1299, 44, 5, 38, 73, 1, 0, 956, 1195, 9),
(1300, 44, 5, 73, 38, 0, 0, 1165, 874, 9),
(1301, 44, 6, 88, 46, 1, 0, 1035, 1294, 9),
(1302, 44, 6, 46, 88, 0, 0, 1310, 982, 9),
(1303, 44, 7, 83, 39, 0, 0, 1223, 917, 9),
(1304, 44, 7, 39, 83, 1, 0, 1171, 1464, 9),
(1305, 44, 8, 48, 68, 1, 0, 1055, 1319, 9),
(1306, 44, 8, 68, 48, 0, 0, 1073, 805, 9),
(1307, 44, 9, 37, 60, 1, 0, 1021, 1276, 9),
(1308, 44, 9, 60, 37, 0, 0, 1097, 823, 9),
(1309, 44, 10, 38, 46, 1, 0, 1035, 1294, 9),
(1310, 44, 10, 46, 38, 0, 0, 1165, 874, 9),
(1311, 44, 11, 88, 60, 1, 0, 1021, 1276, 9),
(1312, 44, 11, 60, 88, 0, 0, 1310, 982, 9),
(1313, 44, 12, 83, 68, 1, 0, 1055, 1319, 9),
(1314, 44, 12, 68, 83, 0, 0, 1171, 878, 9),
(1315, 44, 13, 48, 73, 1, 0, 956, 1195, 9),
(1316, 44, 13, 73, 48, 0, 0, 1073, 805, 9),
(1317, 44, 14, 37, 73, 1, 0, 956, 1195, 9),
(1318, 44, 14, 73, 37, 0, 0, 1097, 823, 9),
(1319, 44, 15, 38, 39, 0, 0, 1223, 917, 9),
(1320, 44, 15, 39, 38, 1, 0, 1165, 1456, 9),
(1321, 45, 1, 2, 31, 0, 0, 1134, 850, 10),
(1322, 45, 1, 31, 2, 1, 0, 1022, 1278, 10),
(1323, 45, 2, 63, 11, 0, 0, 1190, 892, 10),
(1324, 45, 2, 11, 63, 1, 0, 984, 1230, 10),
(1325, 45, 3, 4, 33, 0, 0, 1186, 890, 10),
(1326, 45, 3, 33, 4, 1, 0, 1000, 1250, 10),
(1327, 45, 4, 3, 13, 1, 0, 1179, 1474, 10),
(1328, 45, 4, 13, 3, 0, 0, 1047, 785, 10),
(1329, 45, 5, 1, 12, 0, 0, 1224, 918, 10),
(1330, 45, 5, 12, 1, 1, 0, 982, 1228, 10),
(1331, 45, 6, 2, 11, 0, 0, 1190, 892, 10),
(1332, 45, 6, 11, 2, 1, 0, 1022, 1278, 10),
(1333, 45, 7, 63, 31, 1, 0, 1134, 1418, 10),
(1334, 45, 7, 31, 63, 0, 0, 984, 738, 10),
(1335, 45, 8, 4, 12, 0, 0, 1224, 918, 10),
(1336, 45, 8, 12, 4, 1, 0, 1000, 1250, 10),
(1337, 45, 9, 3, 33, 0, 0, 1186, 890, 10),
(1338, 45, 9, 33, 3, 1, 0, 1047, 1309, 10),
(1339, 45, 10, 1, 13, 0, 0, 1179, 884, 10),
(1340, 45, 10, 13, 1, 1, 0, 982, 1228, 10),
(1341, 45, 11, 2, 33, 1, 0, 1186, 1482, 10),
(1342, 45, 11, 33, 2, 0, 0, 1022, 766, 10),
(1343, 45, 12, 63, 12, 1, 0, 1224, 1530, 10),
(1344, 45, 12, 12, 63, 0, 0, 984, 738, 10),
(1345, 45, 13, 4, 13, 0, 0, 1179, 884, 10),
(1346, 45, 13, 13, 4, 1, 0, 1000, 1250, 10),
(1347, 45, 14, 3, 11, 0, 0, 1190, 892, 10),
(1348, 45, 14, 11, 3, 1, 0, 1047, 1309, 10),
(1349, 45, 15, 1, 31, 0, 0, 1134, 850, 10),
(1350, 45, 15, 31, 1, 1, 0, 982, 1228, 10),
(1351, 46, 1, 19, 39, 1, 0, 1242, 1552, 10),
(1352, 46, 1, 39, 19, 0, 0, 1004, 753, 10),
(1353, 46, 2, 22, 46, 1, 0, 1013, 1266, 10),
(1354, 46, 2, 46, 22, 0, 0, 1094, 820, 10),
(1355, 46, 3, 20, 60, 0, 0, 1002, 752, 10),
(1356, 46, 3, 60, 20, 1, 0, 1045, 1306, 10),
(1357, 46, 4, 21, 68, 1, 0, 1004, 1255, 10),
(1358, 46, 4, 68, 21, 0, 0, 996, 747, 10),
(1359, 46, 5, 71, 73, 1, 0, 936, 1170, 10),
(1360, 46, 5, 73, 71, 0, 0, 975, 731, 10),
(1361, 46, 6, 19, 46, 0, 0, 1013, 760, 10),
(1362, 46, 6, 46, 19, 1, 0, 1004, 1255, 10),
(1363, 46, 7, 22, 39, 1, 0, 1242, 1552, 10),
(1364, 46, 7, 39, 22, 0, 0, 1094, 820, 10),
(1365, 46, 8, 20, 68, 1, 0, 1004, 1255, 10),
(1366, 46, 8, 68, 20, 0, 0, 1045, 784, 10),
(1367, 46, 9, 21, 46, 0, 0, 1013, 760, 10),
(1368, 46, 9, 46, 21, 1, 0, 996, 1245, 10),
(1369, 46, 10, 71, 60, 0, 0, 1002, 752, 10),
(1370, 46, 10, 60, 71, 1, 0, 975, 1219, 10),
(1371, 46, 11, 19, 73, 1, 0, 936, 1170, 10),
(1372, 46, 11, 73, 19, 0, 0, 1004, 753, 10),
(1373, 46, 12, 22, 60, 1, 0, 1002, 1252, 10),
(1374, 46, 12, 60, 22, 0, 0, 1094, 820, 10),
(1375, 46, 13, 20, 73, 1, 0, 936, 1170, 10),
(1376, 46, 13, 73, 20, 0, 0, 1045, 784, 10),
(1377, 46, 14, 21, 39, 0, 0, 1242, 932, 10),
(1378, 46, 14, 39, 21, 1, 0, 996, 1245, 10),
(1379, 46, 15, 71, 68, 1, 0, 1004, 1255, 10),
(1380, 46, 15, 68, 71, 0, 0, 975, 731, 10),
(1381, 47, 1, 45, 93, 1, 0, 1079, 1349, 10),
(1382, 47, 1, 93, 45, 0, 0, 1194, 896, 10),
(1383, 47, 2, 58, 42, 1, 0, 1132, 1415, 10),
(1384, 47, 2, 42, 58, 0, 0, 1291, 968, 10),
(1385, 47, 3, 70, 41, 1, 0, 1250, 1562, 10),
(1386, 47, 3, 41, 70, 0, 0, 959, 719, 10),
(1387, 47, 4, 59, 51, 0, 0, 1151, 863, 10),
(1388, 47, 4, 51, 59, 1, 0, 1148, 1435, 10),
(1389, 47, 5, 47, 40, 0, 0, 1077, 808, 10),
(1390, 47, 5, 40, 47, 1, 0, 1165, 1456, 10),
(1391, 47, 6, 43, 93, 1, 0, 1079, 1349, 10),
(1392, 47, 6, 93, 43, 0, 0, 933, 700, 10),
(1393, 47, 7, 44, 42, 0, 0, 1132, 849, 10),
(1394, 47, 7, 42, 44, 1, 0, 1186, 1482, 10),
(1395, 47, 8, 45, 41, 1, 0, 1250, 1562, 10),
(1396, 47, 8, 41, 45, 0, 0, 1194, 896, 10),
(1397, 47, 9, 58, 51, 1, 0, 1151, 1439, 10),
(1398, 47, 9, 51, 58, 0, 0, 1291, 968, 10),
(1399, 47, 10, 70, 93, 0, 0, 1079, 809, 10),
(1400, 47, 10, 93, 70, 1, 0, 959, 1199, 10),
(1401, 47, 11, 43, 40, 1, 0, 1077, 1346, 10),
(1402, 47, 11, 40, 43, 0, 0, 933, 700, 10),
(1403, 47, 12, 59, 42, 1, 0, 1132, 1415, 10),
(1404, 47, 12, 42, 59, 0, 0, 1148, 861, 10),
(1405, 47, 13, 47, 41, 0, 0, 1250, 938, 10),
(1406, 47, 13, 41, 47, 1, 0, 1165, 1456, 10),
(1407, 47, 14, 44, 51, 1, 0, 1151, 1439, 10),
(1408, 47, 14, 51, 44, 0, 0, 1186, 890, 10),
(1409, 47, 15, 45, 40, 1, 0, 1077, 1346, 10),
(1410, 47, 15, 40, 45, 0, 0, 1194, 896, 10),
(1411, 48, 1, 89, 8, 0, 0, 966, 724, 10),
(1412, 48, 1, 8, 89, 1, 0, 1135, 1419, 10),
(1413, 48, 2, 65, 7, 0, 0, 1040, 780, 10),
(1414, 48, 2, 7, 65, 1, 0, 1259, 1574, 10),
(1415, 48, 3, 23, 10, 1, 0, 924, 1155, 10),
(1416, 48, 3, 10, 23, 0, 0, 1055, 791, 10),
(1417, 48, 4, 66, 6, 1, 0, 1201, 1501, 10),
(1418, 48, 4, 6, 66, 0, 0, 1030, 772, 10),
(1419, 48, 5, 25, 28, 0, 0, 1205, 904, 10),
(1420, 48, 5, 28, 25, 1, 0, 1078, 1348, 10),
(1421, 48, 6, 89, 61, 1, 0, 1014, 1268, 10),
(1422, 48, 6, 61, 89, 0, 0, 1135, 851, 10),
(1423, 48, 7, 65, 6, 0, 0, 1201, 901, 10),
(1424, 48, 7, 6, 65, 1, 0, 1259, 1574, 10),
(1425, 48, 8, 23, 7, 0, 0, 1040, 780, 10),
(1426, 48, 8, 7, 23, 1, 0, 1055, 1319, 10),
(1427, 48, 9, 66, 61, 1, 0, 1014, 1268, 10),
(1428, 48, 9, 61, 66, 0, 0, 1030, 772, 10),
(1429, 48, 10, 25, 28, 1, 0, 1205, 1506, 10),
(1430, 48, 10, 28, 25, 0, 0, 1078, 808, 10),
(1431, 48, 11, 89, 28, 0, 0, 1205, 904, 10),
(1432, 48, 11, 28, 89, 1, 0, 1135, 1419, 10),
(1433, 48, 12, 65, 61, 0, 0, 1014, 760, 10),
(1434, 48, 12, 61, 65, 1, 0, 1259, 1574, 10),
(1435, 48, 13, 25, 7, 1, 0, 1040, 1300, 10),
(1436, 48, 13, 7, 25, 0, 0, 1078, 808, 10),
(1437, 48, 14, 66, 10, 0, 0, 924, 693, 10),
(1438, 48, 14, 10, 66, 1, 0, 1030, 1288, 10),
(1439, 48, 15, 23, 6, 0, 0, 1201, 901, 10),
(1440, 48, 15, 6, 23, 1, 0, 1055, 1319, 10),
(1441, 49, 1, 85, 88, 1, 0, 1326, 1658, 10),
(1442, 49, 1, 88, 85, 0, 0, 1078, 808, 10),
(1443, 49, 2, 78, 83, 0, 0, 1184, 888, 10),
(1444, 49, 2, 83, 78, 1, 0, 988, 1235, 10),
(1445, 49, 3, 81, 48, 0, 0, 1116, 837, 10),
(1446, 49, 3, 48, 81, 1, 0, 1012, 1265, 10),
(1447, 49, 4, 87, 38, 0, 0, 1180, 885, 10),
(1448, 49, 4, 38, 87, 1, 0, 1155, 1444, 10),
(1449, 49, 5, 77, 37, 1, 0, 1137, 1421, 10);
INSERT INTO `tblplayerresult` (`PlayerResultID`, `MatchNo`, `FrameNo`, `PlayerID`, `Played`, `Result`, `EightBall`, `OppRating`, `PlayerRating`, `WeekNo`) VALUES
(1450, 49, 5, 37, 77, 0, 0, 887, 665, 10),
(1451, 49, 6, 85, 54, 0, 0, 1109, 832, 10),
(1452, 49, 6, 54, 85, 1, 0, 1078, 1348, 10),
(1453, 49, 7, 78, 88, 0, 0, 1326, 994, 10),
(1454, 49, 7, 88, 78, 1, 0, 988, 1235, 10),
(1455, 49, 8, 81, 38, 0, 0, 1180, 885, 10),
(1456, 49, 8, 38, 81, 1, 0, 1012, 1265, 10),
(1457, 49, 9, 87, 83, 0, 0, 1184, 888, 10),
(1458, 49, 9, 83, 87, 1, 0, 1155, 1444, 10),
(1459, 49, 10, 77, 48, 0, 0, 1116, 837, 10),
(1460, 49, 10, 48, 77, 1, 0, 887, 1109, 10),
(1461, 49, 11, 85, 37, 0, 0, 1137, 853, 10),
(1462, 49, 11, 37, 85, 1, 0, 1078, 1348, 10),
(1463, 49, 12, 78, 54, 1, 0, 1109, 1386, 10),
(1464, 49, 12, 54, 78, 0, 0, 988, 741, 10),
(1465, 49, 13, 81, 83, 0, 0, 1184, 888, 10),
(1466, 49, 13, 83, 81, 1, 0, 1012, 1265, 10),
(1467, 49, 14, 87, 88, 0, 0, 1326, 994, 10),
(1468, 49, 14, 88, 87, 1, 0, 1155, 1444, 10),
(1469, 49, 15, 77, 38, 0, 0, 1180, 885, 10),
(1470, 49, 15, 38, 77, 1, 0, 887, 1109, 10),
(1071, 36, 11, 61, 31, 0, 0, 1106, 830, 8),
(1072, 36, 11, 31, 61, 1, 0, 1010, 1262, 8),
(1073, 36, 12, 8, 11, 0, 0, 1155, 866, 8),
(1074, 36, 12, 11, 8, 1, 0, 952, 1190, 8),
(1075, 36, 13, 75, 12, 0, 0, 1121, 841, 8),
(1076, 36, 13, 12, 75, 1, 0, 1180, 1475, 8),
(1077, 36, 14, 6, 30, 0, 0, 1116, 837, 8),
(1078, 36, 14, 30, 6, 1, 0, 1183, 1479, 8),
(1079, 36, 15, 9, 33, 0, 0, 1250, 938, 8),
(1080, 36, 15, 33, 9, 1, 0, 1042, 1302, 8),
(1081, 37, 1, 43, 62, 0, 0, 752, 564, 8),
(1082, 37, 1, 62, 43, 1, 0, 929, 1161, 8),
(1083, 37, 2, 70, 88, 0, 0, 1270, 952, 8),
(1084, 37, 2, 88, 70, 1, 0, 1061, 1326, 8),
(1085, 37, 3, 44, 37, 1, 0, 1110, 1388, 8),
(1086, 37, 3, 37, 44, 0, 0, 1164, 873, 8),
(1087, 37, 4, 47, 48, 1, 0, 976, 1220, 8),
(1088, 37, 4, 48, 47, 0, 0, 1137, 853, 8),
(1089, 37, 5, 58, 54, 0, 0, 1056, 792, 8),
(1090, 37, 5, 54, 58, 1, 0, 1326, 1658, 8),
(1091, 37, 6, 59, 62, 1, 0, 752, 940, 8),
(1092, 37, 6, 62, 59, 0, 0, 1117, 838, 8),
(1093, 37, 7, 45, 88, 0, 0, 1270, 952, 8),
(1094, 37, 7, 88, 45, 1, 0, 1166, 1458, 8),
(1095, 37, 8, 43, 37, 0, 0, 1110, 832, 8),
(1096, 37, 8, 37, 43, 1, 0, 929, 1161, 8),
(1097, 37, 9, 70, 48, 0, 0, 976, 732, 8),
(1098, 37, 9, 48, 70, 1, 0, 1061, 1326, 8),
(1099, 37, 10, 44, 54, 0, 0, 1056, 792, 8),
(1100, 37, 10, 54, 44, 1, 0, 1164, 1455, 8),
(1101, 37, 11, 47, 88, 0, 0, 1270, 952, 8),
(1102, 37, 11, 88, 47, 1, 0, 1137, 1421, 8),
(1103, 37, 12, 58, 48, 0, 0, 976, 732, 8),
(1104, 37, 12, 48, 58, 1, 0, 1326, 1658, 8),
(1105, 37, 13, 59, 54, 1, 0, 1056, 1320, 8),
(1106, 37, 13, 54, 59, 0, 0, 1117, 838, 8),
(1107, 37, 14, 45, 62, 1, 0, 752, 940, 8),
(1108, 37, 14, 62, 45, 0, 0, 1166, 874, 8),
(1109, 37, 15, 47, 37, 1, 0, 1110, 1388, 8),
(1110, 37, 15, 37, 47, 0, 0, 1137, 853, 8),
(1111, 38, 1, 39, 42, 1, 0, 1125, 1406, 8),
(1112, 38, 1, 42, 39, 0, 0, 1185, 889, 8),
(1113, 38, 2, 60, 51, 0, 0, 1177, 883, 8),
(1114, 38, 2, 51, 60, 1, 0, 956, 1195, 8),
(1115, 38, 3, 72, 41, 1, 0, 1263, 1579, 8),
(1116, 38, 3, 41, 72, 0, 0, 1163, 872, 8),
(1117, 38, 4, 73, 52, 0, 0, 1133, 850, 8),
(1118, 38, 4, 52, 73, 1, 0, 965, 1206, 8),
(1119, 38, 5, 68, 42, 0, 0, 1125, 844, 8),
(1120, 38, 5, 42, 68, 1, 0, 929, 1161, 8),
(1121, 38, 6, 39, 41, 0, 0, 1263, 947, 8),
(1122, 38, 6, 41, 39, 1, 0, 1185, 1481, 8),
(1123, 38, 7, 72, 40, 1, 0, 1087, 1359, 8),
(1124, 38, 7, 40, 72, 0, 0, 1163, 872, 8),
(1125, 38, 8, 60, 52, 1, 0, 1133, 1416, 8),
(1126, 38, 8, 52, 60, 0, 0, 956, 717, 8),
(1127, 38, 9, 73, 51, 0, 0, 1177, 883, 8),
(1128, 38, 9, 51, 73, 1, 0, 965, 1206, 8),
(1129, 38, 10, 68, 40, 1, 0, 1087, 1359, 8),
(1130, 38, 10, 40, 68, 0, 0, 929, 697, 8),
(1131, 38, 11, 72, 52, 1, 0, 1133, 1416, 8),
(1132, 38, 11, 52, 72, 0, 0, 1163, 872, 8),
(1133, 38, 12, 39, 51, 1, 0, 1177, 1471, 8),
(1134, 38, 12, 51, 39, 0, 0, 1185, 889, 8),
(1135, 38, 13, 68, 41, 1, 0, 1263, 1579, 8),
(1136, 38, 13, 41, 68, 0, 0, 929, 697, 8),
(1137, 38, 14, 60, 42, 1, 0, 1125, 1406, 8),
(1138, 38, 14, 42, 60, 0, 0, 956, 717, 8),
(1139, 38, 15, 73, 40, 0, 0, 1087, 815, 8),
(1140, 38, 15, 40, 73, 1, 0, 965, 1206, 8),
(1141, 39, 1, 89, 15, 0, 0, 949, 712, 8),
(1142, 39, 1, 15, 89, 1, 0, 1150, 1438, 8),
(1143, 39, 2, 25, 14, 1, 0, 1046, 1308, 8),
(1144, 39, 2, 14, 25, 0, 0, 1101, 826, 8),
(1145, 39, 3, 65, 17, 1, 0, 957, 1196, 8),
(1146, 39, 3, 17, 65, 0, 0, 1216, 912, 8),
(1147, 39, 4, 66, 32, 1, 0, 1054, 1318, 8),
(1148, 39, 4, 32, 66, 0, 0, 1013, 760, 8),
(1149, 39, 5, 24, 18, 0, 0, 1000, 750, 8),
(1150, 39, 5, 18, 24, 1, 0, 874, 1092, 8),
(1151, 39, 6, 23, 27, 1, 0, 1082, 1352, 8),
(1152, 39, 6, 27, 23, 0, 0, 1001, 751, 8),
(1153, 39, 7, 89, 16, 1, 0, 1088, 1360, 8),
(1154, 39, 7, 16, 89, 0, 0, 1150, 862, 8),
(1155, 39, 8, 25, 17, 1, 0, 957, 1196, 8),
(1156, 39, 8, 17, 25, 0, 0, 1101, 826, 8),
(1157, 39, 9, 65, 32, 1, 0, 1054, 1318, 8),
(1158, 39, 9, 32, 65, 0, 0, 1216, 912, 8),
(1159, 39, 10, 66, 14, 0, 0, 1046, 784, 8),
(1160, 39, 10, 14, 66, 1, 0, 1013, 1266, 8),
(1161, 39, 11, 24, 15, 0, 0, 949, 712, 8),
(1162, 39, 11, 15, 24, 1, 0, 874, 1092, 8),
(1163, 39, 12, 89, 27, 0, 0, 1082, 812, 8),
(1164, 39, 12, 27, 89, 1, 0, 1150, 1438, 8),
(1165, 39, 13, 25, 18, 0, 0, 1000, 750, 8),
(1166, 39, 13, 18, 25, 1, 0, 1101, 1376, 8),
(1167, 39, 14, 65, 16, 1, 0, 1088, 1360, 8),
(1168, 39, 14, 16, 65, 0, 0, 1216, 912, 8),
(1169, 39, 15, 23, 15, 0, 0, 949, 712, 8),
(1170, 39, 15, 15, 23, 1, 0, 1001, 1251, 8),
(1171, 40, 1, 0, 0, 0, 0, 1159, 869, 8),
(1172, 40, 1, 0, 0, 1, 0, 1159, 1449, 8),
(1173, 40, 2, 0, 0, 0, 0, 1159, 869, 8),
(1174, 40, 2, 0, 0, 1, 0, 1159, 1449, 8),
(1175, 40, 3, 0, 0, 1, 0, 1159, 1449, 8),
(1176, 40, 3, 0, 0, 0, 0, 1159, 869, 8),
(1177, 40, 4, 0, 0, 0, 0, 1159, 869, 8),
(1178, 40, 4, 0, 0, 1, 0, 1159, 1449, 8),
(1179, 40, 5, 0, 0, 1, 0, 1159, 1449, 8),
(1180, 40, 5, 0, 0, 0, 0, 1159, 869, 8),
(1181, 40, 6, 0, 0, 0, 0, 1159, 869, 8),
(1182, 40, 6, 0, 0, 1, 0, 1159, 1449, 8),
(1183, 40, 7, 0, 0, 1, 0, 1159, 1449, 8),
(1184, 40, 7, 0, 0, 0, 0, 1159, 869, 8),
(1185, 40, 8, 0, 0, 0, 0, 1159, 869, 8),
(1186, 40, 8, 0, 0, 1, 0, 1159, 1449, 8),
(1187, 40, 9, 0, 0, 1, 0, 1159, 1449, 8),
(1188, 40, 9, 0, 0, 0, 0, 1159, 869, 8),
(1189, 40, 10, 0, 0, 0, 0, 1159, 869, 8),
(1190, 40, 10, 0, 0, 1, 0, 1159, 1449, 8),
(1191, 40, 11, 0, 0, 1, 0, 1159, 1449, 8),
(1192, 40, 11, 0, 0, 0, 0, 1159, 869, 8),
(1193, 40, 12, 0, 0, 0, 0, 1159, 869, 8),
(1194, 40, 12, 0, 0, 1, 0, 1159, 1449, 8),
(1195, 40, 13, 0, 0, 1, 0, 1159, 1449, 8),
(1196, 40, 13, 0, 0, 0, 0, 1159, 869, 8),
(1197, 40, 14, 0, 0, 1, 0, 1159, 1449, 8),
(1198, 40, 14, 0, 0, 0, 0, 1159, 869, 8),
(1199, 40, 15, 0, 0, 0, 0, 1159, 869, 8),
(1200, 40, 15, 0, 0, 1, 0, 1159, 1449, 8),
(1201, 41, 1, 85, 70, 1, 0, 1011, 1264, 9),
(1202, 41, 1, 70, 85, 0, 0, 1073, 805, 9),
(1203, 41, 2, 81, 43, 0, 0, 903, 677, 9),
(1204, 41, 2, 43, 81, 1, 0, 1017, 1271, 9),
(1205, 41, 3, 78, 47, 0, 0, 1153, 865, 9),
(1206, 41, 3, 47, 78, 1, 0, 969, 1211, 9),
(1207, 41, 4, 87, 59, 1, 0, 1123, 1404, 9),
(1208, 41, 4, 59, 87, 0, 0, 1090, 818, 9),
(1209, 41, 5, 77, 45, 0, 0, 1150, 862, 9),
(1210, 41, 5, 45, 77, 1, 0, 859, 1074, 9),
(1211, 41, 6, 85, 44, 0, 0, 1165, 874, 9),
(1212, 41, 6, 44, 85, 1, 0, 1073, 1341, 9),
(1213, 41, 7, 81, 70, 1, 0, 1011, 1264, 9),
(1214, 41, 7, 70, 81, 0, 0, 1017, 763, 9),
(1215, 41, 8, 78, 43, 1, 0, 903, 1129, 9),
(1216, 41, 8, 43, 78, 0, 0, 969, 727, 9),
(1217, 41, 9, 87, 47, 1, 0, 1153, 1441, 9),
(1218, 41, 9, 47, 87, 0, 0, 1090, 818, 9),
(1219, 41, 10, 85, 45, 0, 0, 1150, 862, 9),
(1220, 41, 10, 45, 85, 1, 0, 1073, 1341, 9),
(1221, 41, 11, 77, 44, 0, 0, 1165, 874, 9),
(1222, 41, 11, 44, 77, 1, 0, 859, 1074, 9),
(1223, 41, 12, 81, 59, 0, 0, 1123, 842, 9),
(1224, 41, 12, 59, 81, 1, 0, 1017, 1271, 9),
(1225, 41, 13, 78, 45, 0, 0, 1150, 862, 9),
(1226, 41, 13, 45, 78, 1, 0, 969, 1211, 9),
(1227, 41, 14, 87, 70, 1, 0, 1011, 1264, 9),
(1228, 41, 14, 70, 87, 0, 0, 1090, 818, 9),
(1229, 41, 15, 77, 47, 0, 0, 1153, 865, 9),
(1230, 41, 15, 47, 77, 1, 0, 859, 1074, 9),
(1231, 42, 1, 29, 89, 1, 0, 1123, 1404, 9),
(1232, 42, 1, 89, 29, 0, 0, 1129, 847, 9),
(1233, 42, 2, 11, 65, 0, 0, 1238, 928, 9),
(1234, 42, 2, 65, 11, 1, 0, 1191, 1489, 9),
(1235, 42, 3, 13, 23, 1, 0, 1002, 1252, 9),
(1236, 42, 3, 23, 13, 0, 0, 1198, 898, 9),
(1237, 42, 4, 12, 25, 1, 0, 1093, 1366, 9),
(1238, 42, 4, 25, 12, 0, 0, 1172, 879, 9),
(1239, 42, 5, 30, 89, 0, 0, 1123, 842, 9),
(1240, 42, 5, 89, 30, 1, 0, 1196, 1495, 9),
(1241, 42, 6, 29, 53, 0, 0, 922, 692, 9),
(1242, 42, 6, 53, 29, 1, 0, 1129, 1411, 9),
(1243, 42, 7, 11, 89, 1, 0, 1123, 1404, 9),
(1244, 42, 7, 89, 11, 0, 0, 1191, 893, 9),
(1245, 42, 8, 13, 65, 0, 0, 1238, 928, 9),
(1246, 42, 8, 65, 13, 1, 0, 1198, 1498, 9),
(1247, 42, 9, 12, 23, 1, 0, 1002, 1252, 9),
(1248, 42, 9, 23, 12, 0, 0, 1172, 879, 9),
(1249, 42, 10, 30, 25, 1, 0, 1093, 1366, 9),
(1250, 42, 10, 25, 30, 0, 0, 1196, 897, 9),
(1251, 42, 11, 29, 25, 1, 0, 1093, 1366, 9),
(1252, 42, 11, 25, 29, 0, 0, 1129, 847, 9),
(1253, 42, 12, 11, 53, 1, 0, 922, 1152, 9),
(1254, 42, 12, 53, 11, 0, 0, 1191, 893, 9),
(1255, 42, 13, 13, 53, 1, 0, 922, 1152, 9),
(1256, 42, 13, 53, 13, 0, 0, 1198, 898, 9),
(1257, 42, 14, 12, 65, 1, 0, 1238, 1548, 9),
(1258, 42, 14, 65, 12, 0, 0, 1172, 879, 9),
(1259, 42, 15, 30, 23, 0, 0, 1002, 752, 9),
(1260, 42, 15, 23, 30, 1, 0, 1196, 1495, 9),
(1261, 43, 1, 49, 19, 1, 0, 1018, 1272, 9),
(1262, 43, 1, 19, 49, 0, 0, 997, 748, 9),
(1263, 43, 2, 40, 22, 0, 0, 1040, 780, 9),
(1264, 43, 2, 22, 40, 1, 0, 1089, 1361, 9),
(1265, 43, 3, 51, 20, 0, 0, 1028, 771, 9),
(1266, 43, 3, 20, 51, 1, 0, 1175, 1469, 9),
(1267, 43, 4, 41, 71, 1, 0, 886, 1108, 9),
(1268, 43, 4, 71, 41, 0, 0, 1220, 915, 9),
(1269, 43, 5, 52, 21, 1, 0, 1002, 1252, 9),
(1270, 43, 5, 21, 52, 0, 0, 1093, 820, 9),
(1271, 43, 6, 49, 22, 0, 0, 1040, 780, 9),
(1272, 43, 6, 22, 49, 1, 0, 997, 1246, 9),
(1273, 43, 7, 40, 20, 1, 0, 1028, 1285, 9),
(1274, 43, 7, 20, 40, 0, 0, 1089, 817, 9),
(1275, 43, 8, 51, 71, 0, 0, 886, 664, 9),
(1276, 43, 8, 71, 51, 1, 0, 1175, 1469, 9),
(1277, 43, 9, 41, 21, 1, 0, 1002, 1252, 9),
(1278, 43, 9, 21, 41, 0, 0, 1220, 915, 9),
(1279, 43, 10, 52, 19, 1, 0, 1018, 1272, 9),
(1280, 43, 10, 19, 52, 0, 0, 1093, 820, 9),
(1281, 43, 11, 49, 20, 1, 0, 1028, 1285, 9),
(1282, 43, 11, 20, 49, 0, 0, 997, 748, 9),
(1283, 43, 12, 52, 22, 0, 0, 1040, 780, 9),
(1284, 43, 12, 22, 52, 1, 0, 1093, 1366, 9);

-- --------------------------------------------------------

--
-- Table structure for table `tblplayers`
--

DROP TABLE IF EXISTS `tblplayers`;
CREATE TABLE IF NOT EXISTS `tblplayers` (
  `PlayerID` int(11) NOT NULL,
  `PlayerName` varchar(50) DEFAULT NULL,
  `Team` int(11) DEFAULT NULL,
  `Active` tinyint(1) DEFAULT '1',
  `CurrentRating` int(11) DEFAULT '1000',
  `PreviousRating` int(11) DEFAULT '1000',
  `FramesPlayed` int(11) DEFAULT NULL,
  `MinBias` int(11) DEFAULT NULL,
  `ValueTot` int(11) DEFAULT '0',
  `WeightingTot` int(11) DEFAULT '0',
  PRIMARY KEY (`PlayerID`)
) ENGINE=MyISAM DEFAULT CHARSET=utf8;

--
-- Dumping data for table `tblplayers`
--

INSERT INTO `tblplayers` (`PlayerID`, `PlayerName`, `Team`, `Active`, `CurrentRating`, `PreviousRating`, `FramesPlayed`, `MinBias`, `ValueTot`, `WeightingTot`) VALUES
(77, 'MARTIN ROBERTS', 9, 1, 1000, 1000, 21, 140, 0, 0),
(78, 'BLADE REDMAN', 9, 1, 1000, 1000, 19, 148, 0, 0),
(79, 'SAM MANLEY', 9, 1, 1000, 1000, 0, 220, 0, 0),
(80, 'SHAUN HELLIER', 9, 1, 1000, 1000, 0, 220, 0, 0),
(81, 'SHAYLAND LEWINDON', 9, 1, 1000, 1000, 15, 164, 0, 0),
(82, 'JOEL MARTIN', 8, 1, 1000, 1000, 3, 212, 0, 0),
(83, 'ANDY BOWRAH', 8, 1, 1000, 1000, 17, 156, 0, 0),
(84, 'DAVE ROBERTS', 7, 1, 1000, 1000, 6, 200, 0, 0),
(85, 'KANE AYLES', 9, 1, 1000, 1000, 21, 140, 0, 0),
(86, 'LEWIS SMITH', 9, 1, 1000, 1000, 14, 168, 0, 0),
(87, 'TOM HOWARD', 9, 1, 1000, 1000, 22, 136, 0, 0),
(88, 'JACK WALL', 8, 1, 1000, 1000, 21, 140, 0, 0),
(89, 'ETHAN DEVILLE', 5, 1, 1000, 1000, 20, 144, 0, 0),
(90, 'SHANE DEHEAUME', 9, 1, 1000, 1000, 8, 192, 0, 0),
(91, 'MATT GIBSON', 3, 1, 1000, 1000, 2, 216, 0, 0),
(92, 'BRADLEY ELLISON', 5, 1, 1000, 1000, 3, 212, 0, 0),
(93, 'DAVE DARCH', 7, 1, 1000, 1000, 6, 200, 0, 0),
(94, 'DAN KELLY', 12, 1, 1000, 1000, 9, 188, 0, 0),
(0, 'VOID', 0, 0, 1000, 1000, 18, 152, 0, 0),
(1, 'TONY HARTNELL', 1, 1, 1000, 1000, 16, 160, 0, 0),
(2, 'PETE BROWN', 1, 1, 1000, 1000, 8, 192, 0, 0),
(3, 'STEVE WINDSOR', 1, 1, 1000, 1000, 14, 168, 0, 0),
(4, 'ED PENFOLD', 1, 1, 1000, 1000, 18, 152, 0, 0),
(6, 'MARC BAKER', 2, 1, 1000, 1000, 21, 140, 0, 0),
(7, 'KEV GAYTON', 2, 1, 1000, 1000, 12, 176, 0, 0),
(8, 'ROWENA WHITE', 2, 1, 1000, 1000, 14, 168, 0, 0),
(9, 'GARY GRENSTED', 2, 1, 1000, 1000, 13, 172, 0, 0),
(10, 'TERRY WINDSOR', 2, 1, 1000, 1000, 13, 172, 0, 0),
(11, 'FRAN RADFORD', 6, 1, 1000, 1000, 18, 152, 0, 0),
(12, 'DEZ DERRICK', 6, 1, 1000, 1000, 20, 144, 0, 0),
(13, 'RICH MASLEN', 6, 1, 1000, 1000, 11, 180, 0, 0),
(14, 'GUY GOODWIN', 4, 1, 1000, 1000, 19, 148, 0, 0),
(15, 'BARRY WINTER', 4, 1, 1000, 1000, 21, 140, 0, 0),
(16, 'MARKE TRACEY', 4, 1, 1000, 1000, 16, 160, 0, 0),
(17, 'PAUL MAYNARD', 4, 1, 1000, 1000, 20, 144, 0, 0),
(18, 'ELLIE ROSSITER', 4, 1, 1000, 1000, 2, 216, 0, 0),
(19, 'COLIN SCARLETT', 3, 1, 1000, 1000, 22, 136, 0, 0),
(20, 'LEE RICHARDS', 3, 1, 1000, 1000, 24, 128, 0, 0),
(21, 'MAGGIE NORRIS', 3, 1, 1000, 1000, 17, 156, 0, 0),
(22, 'NEIL PERKS', 3, 1, 1000, 1000, 24, 128, 0, 0),
(23, 'REGGIE DURSTON', 5, 1, 1000, 1000, 14, 168, 0, 0),
(24, 'GEORGE SLADE', 5, 1, 1000, 1000, 11, 180, 0, 0),
(25, 'ALBERT HUGHES', 5, 1, 1000, 1000, 17, 156, 0, 0),
(26, 'ROBERT POWELL', 5, 1, 1000, 1000, 4, 208, 0, 0),
(27, 'CAM TRACEY', 4, 1, 1000, 1000, 17, 156, 0, 0),
(28, 'BEN WARE', 2, 1, 1000, 1000, 4, 208, 0, 0),
(29, 'LEON SPRAGUE', 6, 1, 1000, 1000, 14, 168, 0, 0),
(30, 'MICHELLE GRUNDY', 6, 1, 1000, 1000, 14, 168, 0, 0),
(31, 'MATT HUGGETT', 6, 1, 1000, 1000, 15, 164, 0, 0),
(32, 'LARRY COOMBE', 4, 1, 1000, 1000, 7, 196, 0, 0),
(5, 'SCOTT BATES', 1, 1, 1000, 1000, 3, 212, 0, 0),
(33, 'JON WRIGHT', 6, 1, 1000, 1000, 8, 192, 0, 0),
(34, 'STEPH PRIDAY', 5, 1, 1000, 1000, 3, 212, 0, 0),
(35, 'MATT ROWSWELL', 8, 1, 1000, 1000, 3, 212, 0, 0),
(36, 'MARK WILLIAMS', 8, 1, 1000, 1000, 0, 220, 0, 0),
(37, 'LISA DART', 8, 1, 1000, 1000, 18, 152, 0, 0),
(38, 'RYAN REDWOOD', 8, 1, 1000, 1000, 19, 148, 0, 0),
(39, 'MARK KERSLAKE', 12, 1, 1000, 1000, 24, 128, 0, 0),
(40, 'SHAUN HITCHCOTT', 7, 1, 1000, 1000, 24, 128, 0, 0),
(41, 'SIMON HERITAGE', 7, 1, 1000, 1000, 18, 152, 0, 0),
(42, 'DARREN COPP', 7, 1, 1000, 1000, 24, 128, 0, 0),
(43, 'GARY DEVILLE', 11, 1, 1000, 1000, 17, 156, 0, 0),
(44, 'BUTCH COBBETT', 11, 1, 1000, 1000, 16, 160, 0, 0),
(45, 'ED WILLIAMS', 11, 1, 1000, 1000, 24, 128, 0, 0),
(46, 'MIKE LANE', 12, 1, 1000, 1000, 11, 180, 0, 0),
(47, 'SAM COTTRELL', 11, 1, 1000, 1000, 24, 128, 0, 0),
(48, 'ANDY DART', 8, 1, 1000, 1000, 13, 172, 0, 0),
(49, 'STEVE SMITH', 7, 1, 1000, 1000, 21, 140, 0, 0),
(50, 'GUY BACKHOUSE', 7, 1, 1000, 1000, 0, 220, 0, 0),
(51, 'PAUL MARKS', 7, 1, 1000, 1000, 21, 140, 0, 0),
(52, 'ADRIAN GAINES', 7, 1, 1000, 1000, 15, 164, 0, 0),
(53, 'CARL WOOD', 5, 1, 1000, 1000, 5, 204, 0, 0),
(54, 'MARK LISTER', 8, 1, 1000, 1000, 19, 148, 0, 0),
(55, 'TOM SHARLAND', 1, 1, 1000, 1000, 14, 168, 0, 0),
(56, 'CHRIS WELLS', 3, 1, 1000, 1000, 5, 204, 0, 0),
(57, 'STEPHEN MASON', 4, 1, 1000, 1000, 0, 220, 0, 0),
(58, 'GARY NEWALL', 11, 1, 1000, 1000, 22, 136, 0, 0),
(59, 'LIAM PHILLIPS', 11, 1, 1000, 1000, 22, 136, 0, 0),
(60, 'MIKE KERSLAKE', 12, 1, 1000, 1000, 23, 132, 0, 0),
(61, 'JOEY BOOKER', 2, 1, 1000, 1000, 15, 164, 0, 0),
(62, 'ASHLEY HUGGETT', 8, 1, 1000, 1000, 7, 196, 0, 0),
(63, 'CHRIS MARSH', 1, 1, 1000, 1000, 17, 156, 0, 0),
(64, 'STUART MARCOSCO', 1, 1, 1000, 1000, 0, 220, 0, 0),
(65, 'LIAM DEVILLE', 5, 1, 1000, 1000, 20, 144, 0, 0),
(66, 'MARK DURSTON', 5, 1, 1000, 1000, 8, 192, 0, 0),
(67, 'SAM BUNNY', 3, 1, 1000, 1000, 9, 188, 0, 0),
(68, 'DAN NICHOLSON', 12, 1, 1000, 1000, 10, 184, 0, 0),
(69, 'AIDEN HODGE', 12, 1, 1000, 1000, 9, 188, 0, 0),
(70, 'GEORGE SANDERS', 11, 1, 1000, 1000, 10, 184, 0, 0),
(71, 'KEVIN DENSLOW', 3, 1, 1000, 1000, 17, 156, 0, 0),
(72, 'MATT BELL', 12, 1, 1000, 1000, 18, 152, 0, 0),
(73, 'MANISH KARKI', 12, 1, 1000, 1000, 16, 160, 0, 0),
(74, 'TOM DAVIES', 6, 1, 1000, 1000, 2, 216, 0, 0),
(75, 'ROB SHEEN', 2, 1, 1000, 1000, 13, 172, 0, 0),
(76, 'CHRIS TOLLY', 11, 1, 1000, 1000, 0, 220, 0, 0);

-- --------------------------------------------------------

--
-- Table structure for table `tblpreviousleaguetable`
--

DROP TABLE IF EXISTS `tblpreviousleaguetable`;
CREATE TABLE IF NOT EXISTS `tblpreviousleaguetable` (
  `ID` int(11) NOT NULL AUTO_INCREMENT,
  `Pos` int(11) DEFAULT NULL,
  `Team` varchar(255) DEFAULT NULL,
  `Played` int(11) DEFAULT NULL,
  `Won` int(11) DEFAULT NULL,
  `Lost` int(11) DEFAULT NULL,
  `FramesWon` int(11) DEFAULT NULL,
  `FramesLost` int(11) DEFAULT NULL,
  `Penalty` int(11) DEFAULT NULL,
  `Bonus` int(11) DEFAULT NULL,
  `Total` int(11) DEFAULT NULL,
  `Year` varchar(255) DEFAULT NULL,
  `Season` varchar(255) DEFAULT NULL,
  `DivName` varchar(255) DEFAULT NULL,
  `Division` int(11) DEFAULT NULL,
  PRIMARY KEY (`ID`),
  KEY `ID` (`ID`)
) ENGINE=MyISAM DEFAULT CHARSET=utf8;

-- --------------------------------------------------------

--
-- Table structure for table `tblpreviousratings`
--

DROP TABLE IF EXISTS `tblpreviousratings`;
CREATE TABLE IF NOT EXISTS `tblpreviousratings` (
  `ID` int(11) NOT NULL AUTO_INCREMENT,
  `Year` int(11) DEFAULT NULL,
  `Season` varchar(255) DEFAULT NULL,
  `Division` int(11) DEFAULT NULL,
  `Pos` varchar(255) DEFAULT NULL,
  `Player` varchar(255) DEFAULT NULL,
  `Team` varchar(255) DEFAULT NULL,
  `PerOfMax` float DEFAULT NULL,
  `PerWon` float DEFAULT NULL,
  `Played` int(11) DEFAULT NULL,
  `Won` int(11) DEFAULT NULL,
  `Lost` int(11) DEFAULT NULL,
  `EightBall` int(11) DEFAULT NULL,
  `Rating` int(11) DEFAULT NULL,
  `Division Name` varchar(255) DEFAULT NULL,
  KEY `ID` (`ID`)
) ENGINE=MyISAM DEFAULT CHARSET=utf8;

-- --------------------------------------------------------

--
-- Table structure for table `tblratings`
--

DROP TABLE IF EXISTS `tblratings`;
CREATE TABLE IF NOT EXISTS `tblratings` (
  `ID` int(11) NOT NULL DEFAULT '1',
  `WeekNo` int(11) DEFAULT NULL,
  `PlayerID` int(11) DEFAULT NULL,
  `Rating` int(11) DEFAULT NULL,
  PRIMARY KEY (`ID`),
  KEY `PlayerID` (`PlayerID`)
) ENGINE=MyISAM DEFAULT CHARSET=utf8;

--
-- Dumping data for table `tblratings`
--

INSERT INTO `tblratings` (`ID`, `WeekNo`, `PlayerID`, `Rating`) VALUES
(1, 1, 0, 1000),
(2, 1, 1, 1000),
(3, 1, 2, 1000),
(4, 1, 3, 1000),
(5, 1, 4, 1000),
(6, 1, 5, 1000),
(7, 1, 6, 1000),
(8, 1, 7, 1000),
(9, 1, 8, 1000),
(10, 1, 9, 1000),
(11, 1, 10, 1000),
(12, 1, 11, 1000),
(13, 1, 12, 1000),
(14, 1, 13, 1000),
(15, 1, 14, 1000),
(16, 1, 15, 1000),
(17, 1, 16, 1000),
(18, 1, 17, 1000),
(19, 1, 18, 1000),
(20, 1, 19, 1000),
(21, 1, 20, 1000),
(22, 1, 21, 1000),
(23, 1, 22, 1000),
(24, 1, 23, 1000),
(25, 1, 24, 1000),
(26, 1, 25, 1000),
(27, 1, 26, 1000),
(28, 1, 27, 1000),
(29, 1, 28, 1000),
(30, 1, 29, 1000),
(31, 1, 30, 1000),
(32, 1, 31, 1000),
(33, 1, 32, 1000),
(34, 1, 33, 1000),
(35, 1, 34, 1000),
(36, 1, 35, 1000),
(37, 1, 36, 1000),
(38, 1, 37, 1000),
(39, 1, 38, 1000),
(40, 1, 39, 1000),
(41, 1, 40, 1000),
(42, 1, 41, 1000),
(43, 1, 42, 1000),
(44, 1, 43, 1000),
(45, 1, 44, 1000),
(46, 1, 45, 1000),
(47, 1, 46, 1000),
(48, 1, 47, 1000),
(49, 1, 48, 1000),
(50, 1, 49, 1000),
(51, 1, 50, 1000),
(52, 1, 51, 1000),
(53, 1, 52, 1000),
(54, 1, 53, 1000),
(55, 1, 54, 1000),
(56, 1, 55, 1000),
(57, 1, 56, 1000),
(58, 1, 57, 1000),
(59, 1, 58, 1000),
(60, 1, 59, 1000),
(61, 1, 60, 1000),
(62, 1, 61, 1000),
(63, 1, 62, 1000),
(64, 1, 63, 1000),
(65, 1, 64, 1000),
(66, 1, 65, 1000),
(67, 1, 66, 1000),
(68, 1, 67, 1000),
(69, 1, 68, 1000),
(70, 1, 69, 1000),
(71, 1, 70, 1000),
(72, 1, 71, 1000),
(73, 1, 72, 1000),
(74, 1, 73, 1000),
(75, 1, 74, 1000),
(76, 1, 75, 1000),
(77, 1, 76, 1000),
(78, 1, 77, 1000),
(79, 1, 78, 1000),
(80, 1, 79, 1000),
(81, 1, 80, 1000),
(82, 1, 81, 1000),
(83, 1, 82, 1000),
(84, 1, 83, 1000),
(85, 1, 84, 1000),
(86, 1, 85, 1000),
(87, 1, 86, 1000),
(88, 1, 87, 1000),
(89, 1, 88, 1000),
(90, 1, 89, 1000),
(91, 1, 90, 1000),
(92, 1, 91, 1000),
(93, 1, 92, 1000),
(94, 1, 93, 1000),
(95, 1, 94, 1000),
(96, 2, 0, 1021),
(97, 2, 1, 764),
(98, 2, 2, 931),
(99, 2, 3, 764),
(100, 2, 4, 1273),
(101, 2, 6, 1106),
(102, 2, 8, 1016),
(103, 2, 9, 1273),
(104, 2, 10, 764),
(105, 2, 11, 1021),
(106, 2, 12, 1106),
(107, 2, 14, 931),
(108, 2, 15, 764),
(109, 2, 16, 1273),
(110, 2, 17, 764),
(111, 2, 19, 934),
(112, 2, 20, 1100),
(113, 2, 22, 764),
(114, 2, 28, 1140),
(115, 2, 29, 1103),
(116, 2, 31, 1021),
(117, 2, 33, 1273),
(118, 2, 37, 1273),
(119, 2, 38, 1141),
(120, 2, 39, 1100),
(121, 2, 40, 1106),
(122, 2, 42, 1106),
(123, 2, 43, 764),
(124, 2, 44, 1021),
(125, 2, 45, 1324),
(126, 2, 47, 1273),
(127, 2, 49, 934),
(128, 2, 52, 1100),
(129, 2, 54, 1273),
(130, 2, 55, 1016),
(131, 2, 58, 1273),
(132, 2, 59, 1273),
(133, 2, 60, 764),
(134, 2, 61, 1100),
(135, 2, 62, 764),
(136, 2, 63, 937),
(137, 2, 67, 931),
(138, 2, 69, 764),
(139, 2, 70, 1016),
(140, 2, 71, 764),
(141, 2, 72, 1106),
(142, 2, 73, 764),
(143, 2, 77, 764),
(144, 2, 78, 931),
(145, 2, 82, 1273),
(146, 2, 83, 1103),
(147, 2, 84, 1273),
(148, 2, 85, 1103),
(149, 2, 86, 764),
(150, 2, 87, 1103),
(151, 3, 0, 1043),
(152, 3, 1, 941),
(153, 3, 2, 1055),
(154, 3, 3, 987),
(155, 3, 4, 1163),
(156, 3, 6, 1055),
(157, 3, 7, 882),
(158, 3, 8, 991),
(159, 3, 9, 1104),
(160, 3, 10, 711),
(161, 3, 11, 843),
(162, 3, 12, 973),
(163, 3, 14, 929),
(164, 3, 15, 866),
(165, 3, 16, 1315),
(166, 3, 17, 961),
(167, 3, 19, 1123),
(168, 3, 20, 982),
(169, 3, 21, 843),
(170, 3, 22, 1055),
(171, 3, 23, 1153),
(172, 3, 24, 843),
(173, 3, 25, 929),
(174, 3, 27, 829),
(175, 3, 28, 1078),
(176, 3, 29, 973),
(177, 3, 31, 1080),
(178, 3, 32, 1071),
(179, 3, 33, 1078),
(180, 3, 37, 1053),
(181, 3, 38, 1048),
(182, 3, 39, 1152),
(183, 3, 40, 981),
(184, 3, 42, 1185),
(185, 3, 43, 1072),
(186, 3, 44, 843),
(187, 3, 45, 1075),
(188, 3, 46, 882),
(189, 3, 47, 978),
(190, 3, 49, 927),
(191, 3, 51, 1010),
(192, 3, 52, 1290),
(193, 3, 54, 1007),
(194, 3, 55, 938),
(195, 3, 58, 1131),
(196, 3, 59, 1090),
(197, 3, 60, 922),
(198, 3, 61, 1210),
(199, 3, 62, 776),
(200, 3, 63, 837),
(201, 3, 65, 1151),
(202, 3, 67, 1130),
(203, 3, 69, 1036),
(204, 3, 70, 906),
(205, 3, 71, 893),
(206, 3, 72, 1042),
(207, 3, 73, 843),
(208, 3, 77, 815),
(209, 3, 78, 908),
(210, 3, 81, 713),
(211, 3, 82, 1189),
(212, 3, 83, 1067),
(213, 3, 84, 1117),
(214, 3, 85, 1100),
(215, 3, 86, 958),
(216, 3, 87, 1153),
(217, 3, 88, 1105),
(218, 3, 89, 1069),
(219, 3, 90, 780),
(220, 4, 0, 1065),
(221, 4, 1, 926),
(222, 4, 2, 1049),
(223, 4, 3, 965),
(224, 4, 4, 1093),
(225, 4, 6, 1202),
(226, 4, 7, 869),
(227, 4, 8, 1005),
(228, 4, 9, 1106),
(229, 4, 10, 835),
(230, 4, 11, 963),
(231, 4, 12, 1143),
(232, 4, 13, 785),
(233, 4, 14, 992),
(234, 4, 15, 896),
(235, 4, 16, 1118),
(236, 4, 17, 877),
(237, 4, 19, 1018),
(238, 4, 20, 972),
(239, 4, 21, 838),
(240, 4, 22, 931),
(241, 4, 23, 1016),
(242, 4, 24, 912),
(243, 4, 25, 1071),
(244, 4, 27, 874),
(245, 4, 28, 1107),
(246, 4, 29, 1088),
(247, 4, 30, 985),
(248, 4, 31, 1019),
(249, 4, 32, 1036),
(250, 4, 33, 1203),
(251, 4, 37, 1164),
(252, 4, 38, 1187),
(253, 4, 39, 1123),
(254, 4, 40, 1026),
(255, 4, 41, 1305),
(256, 4, 42, 1072),
(257, 4, 43, 964),
(258, 4, 44, 883),
(259, 4, 45, 1221),
(260, 4, 46, 851),
(261, 4, 47, 1137),
(262, 4, 48, 984),
(263, 4, 49, 902),
(264, 4, 51, 1165),
(265, 4, 52, 1098),
(266, 4, 54, 1121),
(267, 4, 55, 955),
(268, 4, 56, 1032),
(269, 4, 58, 1218),
(270, 4, 59, 1166),
(271, 4, 60, 835),
(272, 4, 61, 1057),
(273, 4, 62, 804),
(274, 4, 63, 866),
(275, 4, 65, 1089),
(276, 4, 66, 1094),
(277, 4, 67, 983),
(278, 4, 69, 961),
(279, 4, 70, 976),
(280, 4, 71, 797),
(281, 4, 72, 1097),
(282, 4, 73, 791),
(283, 4, 75, 1174),
(284, 4, 77, 874),
(285, 4, 78, 981),
(286, 4, 81, 822),
(287, 4, 82, 1344),
(288, 4, 83, 1045),
(289, 4, 84, 1218),
(290, 4, 85, 1217),
(291, 4, 86, 1012),
(292, 4, 87, 1091),
(293, 4, 88, 1055),
(294, 4, 89, 1079),
(295, 4, 90, 984),
(296, 4, 91, 753),
(297, 5, 0, 1088),
(298, 5, 1, 1013),
(299, 5, 2, 987),
(300, 5, 3, 989),
(301, 5, 4, 1029),
(302, 5, 6, 1152),
(303, 5, 7, 883),
(304, 5, 8, 1014),
(305, 5, 9, 1125),
(306, 5, 10, 841),
(307, 5, 11, 1051),
(308, 5, 12, 1163),
(309, 5, 13, 1148),
(310, 5, 14, 1030),
(311, 5, 15, 943),
(312, 5, 16, 1169),
(313, 5, 17, 1006),
(314, 5, 19, 1046),
(315, 5, 20, 1035),
(316, 5, 21, 1076),
(317, 5, 22, 983),
(318, 5, 23, 965),
(319, 5, 24, 845),
(320, 5, 25, 963),
(321, 5, 27, 951),
(322, 5, 28, 1118),
(323, 5, 29, 1032),
(324, 5, 30, 1194),
(325, 5, 31, 1075),
(326, 5, 32, 1043),
(327, 5, 33, 1189),
(328, 5, 37, 1054),
(329, 5, 38, 1096),
(330, 5, 39, 1204),
(331, 5, 40, 986),
(332, 5, 41, 1159),
(333, 5, 42, 1089),
(334, 5, 43, 966),
(335, 5, 44, 1080),
(336, 5, 45, 1194),
(337, 5, 46, 941),
(338, 5, 47, 1028),
(339, 5, 48, 972),
(340, 5, 49, 920),
(341, 5, 51, 1052),
(342, 5, 52, 1139),
(343, 5, 53, 819),
(344, 5, 54, 1005),
(345, 5, 55, 927),
(346, 5, 56, 1111),
(347, 5, 58, 1228),
(348, 5, 59, 1084),
(349, 5, 60, 960),
(350, 5, 61, 1055),
(351, 5, 62, 760),
(352, 5, 63, 879),
(353, 5, 65, 1032),
(354, 5, 66, 910),
(355, 5, 67, 1223),
(356, 5, 68, 906),
(357, 5, 69, 1037),
(358, 5, 70, 932),
(359, 5, 71, 855),
(360, 5, 72, 1148),
(361, 5, 73, 897),
(362, 5, 74, 1330),
(363, 5, 75, 1112),
(364, 5, 77, 841),
(365, 5, 78, 897),
(366, 5, 81, 843),
(367, 5, 82, 1225),
(368, 5, 83, 1039),
(369, 5, 84, 1239),
(370, 5, 85, 1072),
(371, 5, 86, 972),
(372, 5, 87, 1009),
(373, 5, 88, 1128),
(374, 5, 89, 956),
(375, 5, 90, 1136),
(376, 5, 91, 751),
(377, 6, 0, 1111),
(378, 6, 1, 968),
(379, 6, 2, 983),
(380, 6, 3, 1082),
(381, 6, 4, 977),
(382, 6, 5, 874),
(383, 6, 6, 1179),
(384, 6, 7, 849),
(385, 6, 8, 1085),
(386, 6, 9, 1043),
(387, 6, 10, 829),
(388, 6, 11, 1099),
(389, 6, 12, 1123),
(390, 6, 13, 1054),
(391, 6, 14, 1009),
(392, 6, 15, 915),
(393, 6, 16, 1121),
(394, 6, 17, 968),
(395, 6, 19, 997),
(396, 6, 20, 995),
(397, 6, 21, 1066),
(398, 6, 22, 970),
(399, 6, 23, 999),
(400, 6, 24, 919),
(401, 6, 25, 1053),
(402, 6, 26, 1270),
(403, 6, 27, 921),
(404, 6, 28, 1145),
(405, 6, 29, 1079),
(406, 6, 30, 1113),
(407, 6, 31, 1103),
(408, 6, 32, 1060),
(409, 6, 33, 1283),
(410, 6, 34, 1277),
(411, 6, 37, 1081),
(412, 6, 38, 1159),
(413, 6, 39, 1185),
(414, 6, 40, 1039),
(415, 6, 41, 1260),
(416, 6, 42, 1082),
(417, 6, 43, 946),
(418, 6, 44, 1055),
(419, 6, 45, 1156),
(420, 6, 46, 901),
(421, 6, 47, 1124),
(422, 6, 48, 953),
(423, 6, 49, 980),
(424, 6, 51, 1133),
(425, 6, 52, 1105),
(426, 6, 53, 952),
(427, 6, 54, 1065),
(428, 6, 55, 918),
(429, 6, 56, 1030),
(430, 6, 58, 1271),
(431, 6, 59, 1075),
(432, 6, 60, 926),
(433, 6, 61, 975),
(434, 6, 62, 762),
(435, 6, 63, 873),
(436, 6, 65, 1168),
(437, 6, 66, 1043),
(438, 6, 67, 1145),
(439, 6, 68, 887),
(440, 6, 69, 1032),
(441, 6, 70, 1023),
(442, 6, 71, 816),
(443, 6, 72, 1130),
(444, 6, 73, 885),
(445, 6, 74, 1179),
(446, 6, 75, 1068),
(447, 6, 77, 855),
(448, 6, 78, 949),
(449, 6, 81, 976),
(450, 6, 82, 1376),
(451, 6, 83, 1106),
(452, 6, 84, 1224),
(453, 6, 85, 1092),
(454, 6, 86, 1015),
(455, 6, 87, 1022),
(456, 6, 88, 1179),
(457, 6, 89, 1099),
(458, 6, 90, 1012),
(459, 6, 91, 707),
(460, 6, 92, 1274),
(461, 6, 93, 1070),
(462, 6, 94, 1068),
(463, 7, 0, 1135),
(464, 7, 1, 969),
(465, 7, 2, 997),
(466, 7, 3, 1103),
(467, 7, 4, 981),
(468, 7, 5, 890),
(469, 7, 6, 1192),
(470, 7, 7, 998),
(471, 7, 8, 975),
(472, 7, 9, 1059),
(473, 7, 10, 862),
(474, 7, 11, 1163),
(475, 7, 12, 1119),
(476, 7, 13, 1170),
(477, 7, 14, 994),
(478, 7, 15, 912),
(479, 7, 16, 1115),
(480, 7, 17, 953),
(481, 7, 19, 1011),
(482, 7, 20, 1022),
(483, 7, 21, 1019),
(484, 7, 22, 1052),
(485, 7, 23, 970),
(486, 7, 24, 891),
(487, 7, 25, 1024),
(488, 7, 26, 1280),
(489, 7, 27, 1017),
(490, 7, 28, 1117),
(491, 7, 29, 1072),
(492, 7, 30, 1130),
(493, 7, 31, 1087),
(494, 7, 32, 1067),
(495, 7, 33, 1247),
(496, 7, 34, 1203),
(497, 7, 37, 1104),
(498, 7, 38, 1134),
(499, 7, 39, 1188),
(500, 7, 40, 1062),
(501, 7, 41, 1255),
(502, 7, 42, 1123),
(503, 7, 43, 918),
(504, 7, 44, 1120),
(505, 7, 45, 1115),
(506, 7, 46, 1021),
(507, 7, 47, 1087),
(508, 7, 48, 978),
(509, 7, 49, 1004),
(510, 7, 51, 1147),
(511, 7, 52, 1129),
(512, 7, 53, 879),
(513, 7, 54, 1063),
(514, 7, 55, 954),
(515, 7, 56, 915),
(516, 7, 58, 1303),
(517, 7, 59, 1119),
(518, 7, 60, 995),
(519, 7, 61, 982),
(520, 7, 62, 752),
(521, 7, 63, 897),
(522, 7, 65, 1152),
(523, 7, 66, 1011),
(524, 7, 67, 1220),
(525, 7, 68, 875),
(526, 7, 69, 1055),
(527, 7, 70, 1039),
(528, 7, 71, 830),
(529, 7, 72, 1148),
(530, 7, 73, 913),
(531, 7, 74, 1351),
(532, 7, 75, 1202),
(533, 7, 77, 834),
(534, 7, 78, 918),
(535, 7, 81, 993),
(536, 7, 82, 1320),
(537, 7, 83, 1131),
(538, 7, 84, 1218),
(539, 7, 85, 1078),
(540, 7, 86, 986),
(541, 7, 87, 1010),
(542, 7, 88, 1210),
(543, 7, 89, 1064),
(544, 7, 90, 1030),
(545, 7, 91, 717),
(546, 7, 92, 1217),
(547, 7, 93, 1084),
(548, 7, 94, 953),
(549, 8, 0, 1159),
(550, 8, 1, 957),
(551, 8, 2, 986),
(552, 8, 3, 1022),
(553, 8, 4, 985),
(554, 8, 5, 902),
(555, 8, 6, 1183),
(556, 8, 7, 1012),
(557, 8, 8, 952),
(558, 8, 9, 1042),
(559, 8, 10, 843),
(560, 8, 11, 1155),
(561, 8, 12, 1121),
(562, 8, 13, 1163),
(563, 8, 14, 1046),
(564, 8, 15, 949),
(565, 8, 16, 1088),
(566, 8, 17, 957),
(567, 8, 19, 999),
(568, 8, 20, 1009),
(569, 8, 21, 982),
(570, 8, 22, 1017),
(571, 8, 23, 1001),
(572, 8, 24, 874),
(573, 8, 25, 1101),
(574, 8, 26, 1275),
(575, 8, 27, 1082),
(576, 8, 28, 1161),
(577, 8, 29, 1099),
(578, 8, 30, 1116),
(579, 8, 31, 1106),
(580, 8, 32, 1054),
(581, 8, 33, 1250),
(582, 8, 34, 1098),
(583, 8, 35, 1014),
(584, 8, 37, 1110),
(585, 8, 38, 1162),
(586, 8, 39, 1185),
(587, 8, 40, 1087),
(588, 8, 41, 1263),
(589, 8, 42, 1125),
(590, 8, 43, 929),
(591, 8, 44, 1164),
(592, 8, 45, 1166),
(593, 8, 46, 1018),
(594, 8, 47, 1137),
(595, 8, 48, 976),
(596, 8, 49, 979),
(597, 8, 51, 1177),
(598, 8, 52, 1133),
(599, 8, 53, 942),
(600, 8, 54, 1056),
(601, 8, 55, 947),
(602, 8, 56, 918),
(603, 8, 58, 1326),
(604, 8, 59, 1117),
(605, 8, 60, 956),
(606, 8, 61, 1010),
(607, 8, 62, 752),
(608, 8, 63, 971),
(609, 8, 65, 1216),
(610, 8, 66, 1013),
(611, 8, 67, 1218),
(612, 8, 68, 929),
(613, 8, 69, 1061),
(614, 8, 70, 1061),
(615, 8, 71, 870),
(616, 8, 72, 1163),
(617, 8, 73, 965),
(618, 8, 74, 1294),
(619, 8, 75, 1180),
(620, 8, 77, 851),
(621, 8, 78, 967),
(622, 8, 81, 1014),
(623, 8, 82, 1398),
(624, 8, 83, 1161),
(625, 8, 84, 1229),
(626, 8, 85, 1069),
(627, 8, 86, 995),
(628, 8, 87, 1082),
(629, 8, 88, 1270),
(630, 8, 89, 1150),
(631, 8, 90, 1043),
(632, 8, 91, 705),
(633, 8, 92, 1290),
(634, 8, 93, 1064),
(635, 8, 94, 935),
(636, 9, 0, 1191),
(637, 9, 1, 980),
(638, 9, 2, 1016),
(639, 9, 3, 1034),
(640, 9, 4, 991),
(641, 9, 5, 897),
(642, 9, 6, 1179),
(643, 9, 7, 1032),
(644, 9, 8, 948),
(645, 9, 9, 1047),
(646, 9, 10, 919),
(647, 9, 11, 1191),
(648, 9, 12, 1172),
(649, 9, 13, 1198),
(650, 9, 14, 1051),
(651, 9, 15, 1005),
(652, 9, 16, 1074),
(653, 9, 17, 956),
(654, 9, 18, 1258),
(655, 9, 19, 1018),
(656, 9, 20, 1028),
(657, 9, 21, 1002),
(658, 9, 22, 1040),
(659, 9, 23, 1002),
(660, 9, 24, 860),
(661, 9, 25, 1093),
(662, 9, 26, 1264),
(663, 9, 27, 1110),
(664, 9, 28, 1173),
(665, 9, 29, 1129),
(666, 9, 30, 1196),
(667, 9, 31, 1116),
(668, 9, 32, 999),
(669, 9, 33, 1172),
(670, 9, 34, 1115),
(671, 9, 35, 1012),
(672, 9, 37, 1097),
(673, 9, 38, 1165),
(674, 9, 39, 1223),
(675, 9, 40, 1089),
(676, 9, 41, 1220),
(677, 9, 42, 1110),
(678, 9, 43, 903),
(679, 9, 44, 1165),
(680, 9, 45, 1150),
(681, 9, 46, 1035),
(682, 9, 47, 1153),
(683, 9, 48, 1073),
(684, 9, 49, 997),
(685, 9, 51, 1175),
(686, 9, 52, 1093),
(687, 9, 53, 922),
(688, 9, 54, 1105),
(689, 9, 55, 974),
(690, 9, 56, 929),
(691, 9, 58, 1264),
(692, 9, 59, 1123),
(693, 9, 60, 1021),
(694, 9, 61, 1006),
(695, 9, 62, 850),
(696, 9, 63, 975),
(697, 9, 65, 1238),
(698, 9, 66, 1030),
(699, 9, 67, 1241),
(700, 9, 68, 1055),
(701, 9, 69, 1076),
(702, 9, 70, 1011),
(703, 9, 71, 886),
(704, 9, 72, 1236),
(705, 9, 73, 956),
(706, 9, 74, 1375),
(707, 9, 75, 1151),
(708, 9, 77, 859),
(709, 9, 78, 969),
(710, 9, 81, 1017),
(711, 9, 82, 1376),
(712, 9, 83, 1171),
(713, 9, 84, 1231),
(714, 9, 85, 1073),
(715, 9, 86, 995),
(716, 9, 87, 1090),
(717, 9, 88, 1310),
(718, 9, 89, 1123),
(719, 9, 90, 1059),
(720, 9, 91, 739),
(721, 9, 92, 1284),
(722, 9, 93, 1090),
(723, 9, 94, 948),
(724, 10, 0, 1224),
(725, 10, 1, 982),
(726, 10, 2, 1022),
(727, 10, 3, 1047),
(728, 10, 4, 1000),
(729, 10, 5, 906),
(730, 10, 6, 1201),
(731, 10, 7, 1040),
(732, 10, 8, 966),
(733, 10, 9, 1067),
(734, 10, 10, 924),
(735, 10, 11, 1190),
(736, 10, 12, 1224),
(737, 10, 13, 1179),
(738, 10, 14, 1064),
(739, 10, 15, 1019),
(740, 10, 16, 1086),
(741, 10, 17, 966),
(742, 10, 18, 1244),
(743, 10, 19, 1004),
(744, 10, 20, 1045),
(745, 10, 21, 996),
(746, 10, 22, 1094),
(747, 10, 23, 1055),
(748, 10, 24, 895),
(749, 10, 25, 1078),
(750, 10, 26, 1296),
(751, 10, 27, 1113),
(752, 10, 28, 1205),
(753, 10, 29, 1158),
(754, 10, 30, 1152),
(755, 10, 31, 1134),
(756, 10, 32, 1010),
(757, 10, 33, 1186),
(758, 10, 34, 1127),
(759, 10, 35, 1009),
(760, 10, 37, 1137),
(761, 10, 38, 1180),
(762, 10, 39, 1242),
(763, 10, 40, 1077),
(764, 10, 41, 1250),
(765, 10, 42, 1132),
(766, 10, 43, 933),
(767, 10, 44, 1186),
(768, 10, 45, 1194),
(769, 10, 46, 1013),
(770, 10, 47, 1165),
(771, 10, 48, 1116),
(772, 10, 49, 1027),
(773, 10, 51, 1151),
(774, 10, 52, 1119),
(775, 10, 53, 1041),
(776, 10, 54, 1109),
(777, 10, 55, 970),
(778, 10, 56, 949),
(779, 10, 58, 1291),
(780, 10, 59, 1148),
(781, 10, 60, 1002),
(782, 10, 61, 1014),
(783, 10, 62, 849),
(784, 10, 63, 984),
(785, 10, 65, 1259),
(786, 10, 66, 1030),
(787, 10, 67, 1237),
(788, 10, 68, 1004),
(789, 10, 69, 1072),
(790, 10, 70, 959),
(791, 10, 71, 975),
(792, 10, 72, 1231),
(793, 10, 73, 936),
(794, 10, 74, 1377),
(795, 10, 75, 1176),
(796, 10, 77, 887),
(797, 10, 78, 988),
(798, 10, 81, 1012),
(799, 10, 82, 1404),
(800, 10, 83, 1184),
(801, 10, 84, 1246),
(802, 10, 85, 1078),
(803, 10, 86, 1014),
(804, 10, 87, 1155),
(805, 10, 88, 1326),
(806, 10, 89, 1135),
(807, 10, 90, 1075),
(808, 10, 91, 745),
(809, 10, 92, 1304),
(810, 10, 93, 1079),
(811, 10, 94, 952),
(812, 11, 0, 1258),
(813, 11, 1, 975),
(814, 11, 2, 1059),
(815, 11, 3, 1069),
(816, 11, 4, 1002),
(817, 11, 5, 899),
(818, 11, 6, 1214),
(819, 11, 7, 1097),
(820, 11, 8, 1005),
(821, 11, 9, 1080),
(822, 11, 10, 957),
(823, 11, 11, 1232),
(824, 11, 12, 1226),
(825, 11, 13, 1190),
(826, 11, 14, 1074),
(827, 11, 15, 1040),
(828, 11, 16, 1105),
(829, 11, 17, 976),
(830, 11, 18, 1257),
(831, 11, 19, 1044),
(832, 11, 20, 1059),
(833, 11, 21, 1001),
(834, 11, 22, 1151),
(835, 11, 23, 1038),
(836, 11, 24, 900),
(837, 11, 25, 1116),
(838, 11, 26, 1308),
(839, 11, 27, 1132),
(840, 11, 28, 1212),
(841, 11, 29, 1173),
(842, 11, 30, 1168),
(843, 11, 31, 1136),
(844, 11, 32, 1020),
(845, 11, 33, 1179),
(846, 11, 34, 1141),
(847, 11, 35, 1027),
(848, 11, 37, 1132),
(849, 11, 38, 1202),
(850, 11, 39, 1225),
(851, 11, 40, 1088),
(852, 11, 41, 1226),
(853, 11, 42, 1139),
(854, 11, 43, 999),
(855, 11, 44, 1193),
(856, 11, 45, 1252),
(857, 11, 46, 1055),
(858, 11, 47, 1164),
(859, 11, 48, 1127),
(860, 11, 49, 1041),
(861, 11, 51, 1154),
(862, 11, 52, 1127),
(863, 11, 53, 1053),
(864, 11, 54, 1121),
(865, 11, 55, 991),
(866, 11, 56, 970),
(867, 11, 58, 1319),
(868, 11, 59, 1161),
(869, 11, 60, 1038),
(870, 11, 61, 1041),
(871, 11, 62, 866),
(872, 11, 63, 1055),
(873, 11, 65, 1202),
(874, 11, 66, 1079),
(875, 11, 67, 1249),
(876, 11, 68, 973),
(877, 11, 69, 1093),
(878, 11, 70, 1012),
(879, 11, 71, 1003),
(880, 11, 72, 1257),
(881, 11, 73, 923),
(882, 11, 74, 1465),
(883, 11, 75, 1182),
(884, 11, 77, 922),
(885, 11, 78, 1015),
(886, 11, 81, 1002),
(887, 11, 82, 1432),
(888, 11, 83, 1219),
(889, 11, 84, 1286),
(890, 11, 85, 1090),
(891, 11, 86, 1019),
(892, 11, 87, 1133),
(893, 11, 88, 1318),
(894, 11, 89, 1115),
(895, 11, 90, 1089),
(896, 11, 91, 780),
(897, 11, 92, 1320),
(898, 11, 93, 1040),
(899, 11, 94, 985),
(900, 12, 0, 1292),
(901, 12, 1, 985),
(902, 12, 2, 1065),
(903, 12, 3, 1080),
(904, 12, 4, 1016),
(905, 12, 5, 912),
(906, 12, 6, 1227),
(907, 12, 7, 1102),
(908, 12, 8, 1018),
(909, 12, 9, 1095),
(910, 12, 10, 971),
(911, 12, 11, 1249),
(912, 12, 12, 1236),
(913, 12, 13, 1194),
(914, 12, 14, 1093),
(915, 12, 15, 1050),
(916, 12, 16, 1117),
(917, 12, 17, 991),
(918, 12, 18, 1284),
(919, 12, 19, 1051),
(920, 12, 20, 1072),
(921, 12, 21, 1005),
(922, 12, 22, 1170),
(923, 12, 23, 1057),
(924, 12, 24, 915),
(925, 12, 25, 1130),
(926, 12, 26, 1320),
(927, 12, 27, 1147),
(928, 12, 28, 1230),
(929, 12, 29, 1197),
(930, 12, 30, 1181),
(931, 12, 31, 1165),
(932, 12, 32, 1041),
(933, 12, 33, 1196),
(934, 12, 34, 1189),
(935, 12, 35, 1029),
(936, 12, 37, 1148),
(937, 12, 38, 1219),
(938, 12, 39, 1240),
(939, 12, 40, 1104),
(940, 12, 41, 1242),
(941, 12, 42, 1153),
(942, 12, 43, 1003),
(943, 12, 44, 1203),
(944, 12, 45, 1269),
(945, 12, 46, 1078),
(946, 12, 47, 1178),
(947, 12, 48, 1144),
(948, 12, 49, 1063),
(949, 12, 51, 1174),
(950, 12, 52, 1146),
(951, 12, 53, 1079),
(952, 12, 54, 1140),
(953, 12, 55, 994),
(954, 12, 56, 972),
(955, 12, 58, 1343),
(956, 12, 59, 1171),
(957, 12, 60, 1055),
(958, 12, 61, 1050),
(959, 12, 62, 898),
(960, 12, 63, 1065),
(961, 12, 65, 1232),
(962, 12, 66, 1094),
(963, 12, 67, 1258),
(964, 12, 68, 986),
(965, 12, 69, 1102),
(966, 12, 70, 1002),
(967, 12, 71, 1011),
(968, 12, 72, 1273),
(969, 12, 73, 940),
(970, 12, 74, 1436),
(971, 12, 75, 1198),
(972, 12, 77, 932),
(973, 12, 78, 1034),
(974, 12, 81, 1021),
(975, 12, 82, 1467),
(976, 12, 83, 1230),
(977, 12, 84, 1323),
(978, 12, 85, 1102),
(979, 12, 86, 1037),
(980, 12, 87, 1150),
(981, 12, 88, 1337),
(982, 12, 89, 1140),
(983, 12, 90, 1105),
(984, 12, 91, 786),
(985, 12, 92, 1348),
(986, 12, 93, 1085),
(987, 12, 94, 1002);

-- --------------------------------------------------------

--
-- Table structure for table `tblteamresult`
--

DROP TABLE IF EXISTS `tblteamresult`;
CREATE TABLE IF NOT EXISTS `tblteamresult` (
  `TeamResultsID` int(11) NOT NULL,
  `MatchNo` int(11) DEFAULT NULL,
  `WeekNo` int(11) DEFAULT NULL,
  `TeamID` int(11) DEFAULT NULL,
  `OppID` int(11) DEFAULT NULL,
  `FramesWon` int(11) DEFAULT '0',
  `FramesLost` int(11) DEFAULT '0',
  `BonusPoints` int(11) DEFAULT NULL,
  `PenaltyPoint` int(11) DEFAULT '0',
  PRIMARY KEY (`TeamResultsID`),
  UNIQUE KEY `TeamResultsID` (`TeamResultsID`),
  KEY `OppID` (`OppID`),
  KEY `TeamID` (`TeamID`)
) ENGINE=MyISAM DEFAULT CHARSET=utf8;

--
-- Dumping data for table `tblteamresult`
--

INSERT INTO `tblteamresult` (`TeamResultsID`, `MatchNo`, `WeekNo`, `TeamID`, `OppID`, `FramesWon`, `FramesLost`, `BonusPoints`, `PenaltyPoint`) VALUES
(1, 1, 1, 8, 3, 11, 4, 2, 0),
(2, 1, 1, 3, 8, 4, 11, 0, 0),
(3, 2, 1, 9, 7, 5, 10, 0, 0),
(4, 2, 1, 7, 9, 10, 5, 2, 0),
(5, 3, 1, 11, 12, 11, 4, 2, 0),
(6, 3, 1, 12, 11, 4, 11, 0, 0),
(7, 4, 1, 1, 2, 6, 9, 0, 0),
(8, 4, 1, 2, 1, 9, 6, 2, 0),
(9, 5, 1, 4, 6, 4, 11, 0, 0),
(10, 5, 1, 6, 4, 11, 4, 2, 0),
(11, 6, 2, 3, 11, 3, 12, 0, 0),
(12, 6, 2, 11, 3, 12, 3, 2, 0),
(13, 7, 2, 7, 8, 7, 8, 0, 0),
(14, 7, 2, 8, 7, 8, 7, 2, 0),
(15, 8, 2, 5, 1, 9, 6, 2, 0),
(16, 8, 2, 1, 5, 6, 9, 0, 0),
(17, 9, 2, 2, 4, 10, 5, 2, 0),
(18, 9, 2, 4, 2, 5, 10, 0, 0),
(19, 10, 2, 12, 9, 9, 6, 2, 0),
(20, 10, 2, 9, 12, 6, 9, 0, 0),
(21, 11, 3, 4, 5, 7, 8, 0, 0),
(22, 11, 3, 5, 4, 8, 7, 2, 0),
(23, 12, 3, 9, 3, 7, 8, 0, 0),
(24, 12, 3, 3, 9, 8, 7, 2, 0),
(25, 13, 3, 7, 12, 10, 5, 2, 0),
(26, 13, 3, 12, 7, 5, 10, 0, 0),
(27, 14, 3, 6, 2, 7, 8, 0, 0),
(28, 14, 3, 2, 6, 8, 7, 2, 0),
(29, 15, 3, 8, 11, 7, 8, 0, 0),
(30, 15, 3, 11, 8, 8, 7, 2, 0),
(31, 16, 4, 3, 7, 6, 9, 0, 0),
(32, 16, 4, 7, 3, 9, 6, 2, 0),
(33, 17, 4, 11, 9, 11, 4, 2, 0),
(34, 17, 4, 9, 11, 4, 11, 0, 0),
(35, 18, 4, 12, 8, 8, 7, 2, 0),
(36, 18, 4, 8, 12, 7, 8, 0, 0),
(37, 19, 4, 1, 4, 6, 9, 0, 0),
(38, 19, 4, 4, 1, 9, 6, 2, 0),
(39, 20, 4, 5, 6, 2, 13, 0, 0),
(40, 20, 4, 6, 5, 13, 2, 2, 0),
(41, 21, 5, 2, 5, 1, 14, 0, 0),
(42, 21, 5, 5, 2, 14, 1, 2, 0),
(43, 22, 5, 8, 9, 10, 5, 2, 0),
(44, 22, 5, 9, 8, 5, 10, 0, 0),
(45, 23, 5, 7, 11, 8, 0, 2, 0),
(46, 23, 5, 11, 7, 0, 8, 0, 0),
(47, 24, 5, 12, 3, 9, 6, 2, 0),
(48, 24, 5, 3, 12, 6, 9, 0, 0),
(49, 25, 5, 6, 1, 13, 2, 2, 0),
(50, 25, 5, 1, 6, 2, 13, 0, 0),
(51, 26, 6, 7, 9, 12, 3, 2, 0),
(52, 26, 6, 9, 7, 3, 12, 0, 0),
(53, 27, 6, 6, 4, 12, 3, 2, 0),
(54, 27, 6, 4, 6, 3, 12, 0, 0),
(55, 28, 6, 2, 1, 9, 6, 2, 0),
(56, 28, 6, 1, 2, 6, 9, 0, 0),
(57, 29, 6, 12, 11, 6, 9, 0, 0),
(58, 29, 6, 11, 12, 9, 6, 2, 0),
(59, 30, 6, 3, 8, 4, 11, 0, 0),
(60, 30, 6, 8, 3, 11, 4, 2, 0),
(61, 31, 7, 1, 5, 4, 11, 0, 0),
(62, 31, 7, 5, 1, 11, 4, 2, 0),
(63, 32, 7, 11, 3, 14, 1, 2, 0),
(64, 32, 7, 3, 11, 1, 14, 0, 0),
(65, 33, 7, 9, 12, 8, 7, 2, 0),
(66, 33, 7, 12, 9, 7, 8, 0, 0),
(67, 34, 7, 4, 2, 8, 7, 2, 0),
(68, 34, 7, 2, 4, 7, 8, 0, 0),
(69, 35, 7, 8, 7, 8, 7, 2, 0),
(70, 35, 7, 7, 8, 7, 8, 0, 0),
(71, 36, 8, 2, 6, 4, 11, 0, 0),
(72, 36, 8, 6, 2, 11, 4, 2, 0),
(73, 37, 8, 11, 8, 6, 9, 0, 0),
(74, 37, 8, 8, 11, 9, 6, 2, 0),
(75, 38, 8, 12, 7, 9, 6, 2, 0),
(76, 38, 8, 7, 12, 6, 9, 0, 0),
(77, 39, 8, 5, 4, 8, 7, 2, 0),
(78, 39, 8, 4, 5, 7, 8, 0, 0),
(79, 40, 8, 3, 9, 7, 8, 0, 0),
(80, 40, 8, 9, 3, 8, 7, 2, 3),
(81, 41, 9, 9, 11, 6, 9, 0, 0),
(82, 41, 9, 11, 9, 9, 6, 2, 0),
(83, 42, 9, 6, 5, 10, 5, 2, 0),
(84, 42, 9, 5, 6, 5, 10, 0, 0),
(85, 43, 9, 7, 3, 9, 6, 2, 0),
(86, 43, 9, 3, 7, 6, 9, 0, 0),
(87, 44, 9, 8, 12, 13, 2, 2, 0),
(88, 44, 9, 12, 8, 2, 13, 0, 0),
(89, 45, 10, 1, 6, 4, 11, 0, 0),
(90, 45, 10, 6, 1, 11, 4, 2, 0),
(91, 46, 10, 3, 12, 10, 5, 2, 0),
(92, 46, 10, 12, 3, 5, 10, 0, 0),
(93, 47, 10, 11, 7, 10, 5, 2, 0),
(94, 47, 10, 7, 11, 5, 10, 0, 0),
(95, 48, 10, 5, 2, 6, 9, 0, 0),
(96, 48, 10, 2, 5, 9, 6, 2, 0),
(97, 49, 10, 9, 8, 3, 12, 0, 0),
(98, 49, 10, 8, 9, 12, 3, 2, 0);

-- --------------------------------------------------------

--
-- Table structure for table `tblteams`
--

DROP TABLE IF EXISTS `tblteams`;
CREATE TABLE IF NOT EXISTS `tblteams` (
  `TeamID` int(11) NOT NULL,
  `TeamName` varchar(40) DEFAULT NULL,
  `VenueName` varchar(40) DEFAULT NULL,
  `ContactNo` varchar(20) DEFAULT NULL,
  `CaptainName` varchar(40) DEFAULT NULL,
  `VenueNo` varchar(20) DEFAULT NULL,
  `Division` int(11) DEFAULT NULL,
  `League` int(11) DEFAULT NULL,
  `Withdrawn` tinyint(1) DEFAULT '0',
  `RemoveResults` tinyint(1) DEFAULT '0',
  `VenueID` int(11) DEFAULT NULL,
  `Total` int(11) DEFAULT NULL,
  `CaptainHomeNume` varchar(20) DEFAULT NULL,
  `CaptainEmail` varchar(40) DEFAULT NULL,
  PRIMARY KEY (`TeamID`),
  KEY `VenueID` (`VenueID`)
) ENGINE=MyISAM DEFAULT CHARSET=utf8;

--
-- Dumping data for table `tblteams`
--

INSERT INTO `tblteams` (`TeamID`, `TeamName`, `VenueName`, `ContactNo`, `CaptainName`, `VenueNo`, `Division`, `League`, `Withdrawn`, `RemoveResults`, `VenueID`, `Total`, `CaptainHomeNume`, `CaptainEmail`) VALUES
(1, 'OLD  BLUES', 'BLUE BALL', NULL, 'Tony Hartnell', NULL, 2, 1, 0, 0, NULL, NULL, NULL, NULL),
(2, 'ROWS REBELS', 'R.G.W.M.C TB1', NULL, 'Rowena White', NULL, 2, 1, 0, 0, NULL, NULL, NULL, NULL),
(3, 'HERE FOR THE BEER', 'R.G.W.M.C BAR', NULL, 'Collin Scarlett', NULL, 1, 1, 0, 0, NULL, NULL, NULL, NULL),
(4, 'POCKET ROCKETS', 'R.G.W.M.C TB2', NULL, 'Barry Winter', NULL, 2, 1, 0, 0, NULL, NULL, NULL, NULL),
(5, 'THE JETS', 'VIC TB2', NULL, 'Robert Powell', NULL, 2, 1, 0, 0, NULL, NULL, NULL, NULL),
(6, 'SNIPERS', 'VIC TB1', NULL, 'Matt Huggett', NULL, 2, 1, 0, 0, NULL, NULL, NULL, NULL),
(7, 'SS SQUAD', 'VIC BAR', NULL, 'Steve Smith', NULL, 1, 1, 0, 0, NULL, NULL, NULL, NULL),
(8, 'RATTLED BLACKS', 'VIC TB2', NULL, 'Andy Dart', NULL, 1, 1, 0, 0, NULL, NULL, NULL, NULL),
(9, 'MILO\'S MINIONS', 'CONSERVATIVE CLUB', NULL, 'Martin Roberts', NULL, 1, 1, 0, 0, NULL, NULL, NULL, NULL),
(10, 'BYE', NULL, NULL, NULL, NULL, 2, 1, 0, 0, NULL, NULL, NULL, NULL),
(11, 'MUTTS NUTTS', 'VIC TB1', NULL, 'Butch Cobbett', NULL, 1, 1, 0, 0, NULL, NULL, NULL, NULL),
(12, 'CHANGING LANES', 'CONSERVATIVE CLUB', NULL, 'Mark Kerslake', NULL, 1, 1, 0, 0, NULL, NULL, NULL, NULL);
COMMIT;

/*!40101 SET CHARACTER_SET_CLIENT=@OLD_CHARACTER_SET_CLIENT */;
/*!40101 SET CHARACTER_SET_RESULTS=@OLD_CHARACTER_SET_RESULTS */;
/*!40101 SET COLLATION_CONNECTION=@OLD_COLLATION_CONNECTION */;
